<?xml version="1.0" encoding="UTF-8"?>
<unload unload_date="2018-03-05 11:41:04">
<sys_remote_update_set action="INSERT_OR_UPDATE">
<application display_value="Global">global</application>
<application_name>Global</application_name>
<application_scope>global</application_scope>
<application_version/>
<collisions/>
<commit_date/>
<deleted/>
<description>For dictionary entry user eduaction issue</description>
<inserted/>
<name>A&amp;W Incident Management - LK - V17</name>
<origin_sys_id/>
<release_date/>
<remote_sys_id>bc82e269db94db80a8a37dfdae9619f5</remote_sys_id>
<state>loaded</state>
<summary/>
<sys_class_name>sys_remote_update_set</sys_class_name>
<sys_created_by>lakshmi.kalatippi</sys_created_by>
<sys_created_on>2018-03-05 11:41:04</sys_created_on>
<sys_id>9ed50b53dbe093042dfc78a6ae96196f</sys_id>
<sys_mod_count>0</sys_mod_count>
<sys_updated_by>lakshmi.kalatippi</sys_updated_by>
<sys_updated_on>2018-03-05 11:41:04</sys_updated_on>
<update_set display_value=""/>
<update_source display_value=""/>
<updated/>
</sys_remote_update_set>
<sys_update_xml action="INSERT_OR_UPDATE">
<action>INSERT_OR_UPDATE</action>
<application display_value="Global">global</application>
<category>customer</category>
<comments/>
<name>sys_ui_policy_1466ba86db3243002dfc78a6ae961962</name>
<payload>&lt;?xml version="1.0" encoding="UTF-8"?&gt;&lt;record_update sys_domain="409c30addb8e8f0066e6f2f5ab9619e3" table="sys_ui_policy"&gt;&lt;sys_ui_policy action="INSERT_OR_UPDATE"&gt;&lt;active&gt;true&lt;/active&gt;&lt;conditions table="incident"&gt;incident_state=2^ORincident_state=6^EQ&lt;item endquery="false" field="incident_state" goto="false" newquery="false" operator="=" or="false" value="2"/&gt;&lt;item endquery="false" field="incident_state" goto="false" newquery="false" operator="=" or="true" value="6"/&gt;&lt;item endquery="true" field="" goto="false" newquery="false" operator="=" or="false" value=""/&gt;&lt;/conditions&gt;&lt;description/&gt;&lt;global&gt;true&lt;/global&gt;&lt;inherit&gt;false&lt;/inherit&gt;&lt;model_id/&gt;&lt;model_table/&gt;&lt;on_load&gt;true&lt;/on_load&gt;&lt;order&gt;100&lt;/order&gt;&lt;reverse_if_false&gt;true&lt;/reverse_if_false&gt;&lt;run_scripts&gt;false&lt;/run_scripts&gt;&lt;script_false&gt;&lt;![CDATA[function onCondition() {

}]]&gt;&lt;/script_false&gt;&lt;script_true&gt;&lt;![CDATA[function onCondition() {

}]]&gt;&lt;/script_true&gt;&lt;set_values/&gt;&lt;short_description&gt;Make assigned_to mandatory on active A&amp;amp;W&lt;/short_description&gt;&lt;sys_class_name&gt;sys_ui_policy&lt;/sys_class_name&gt;&lt;sys_created_by&gt;lakshmi.kalatippi@capgemini.com&lt;/sys_created_by&gt;&lt;sys_created_on&gt;2017-12-04 13:33:27&lt;/sys_created_on&gt;&lt;sys_customer_update&gt;true&lt;/sys_customer_update&gt;&lt;sys_domain&gt;409c30addb8e8f0066e6f2f5ab9619e3&lt;/sys_domain&gt;&lt;sys_domain_path&gt;!!!/!!D/&lt;/sys_domain_path&gt;&lt;sys_id&gt;1466ba86db3243002dfc78a6ae961962&lt;/sys_id&gt;&lt;sys_mod_count&gt;3&lt;/sys_mod_count&gt;&lt;sys_name&gt;Make assigned_to mandatory on active A&amp;amp;W&lt;/sys_name&gt;&lt;sys_overrides/&gt;&lt;sys_package display_value="Global" source="global"&gt;global&lt;/sys_package&gt;&lt;sys_policy/&gt;&lt;sys_replace_on_upgrade&gt;false&lt;/sys_replace_on_upgrade&gt;&lt;sys_scope display_value="Global"&gt;global&lt;/sys_scope&gt;&lt;sys_update_name&gt;sys_ui_policy_1466ba86db3243002dfc78a6ae961962&lt;/sys_update_name&gt;&lt;sys_updated_by&gt;lakshmi.kalatippi&lt;/sys_updated_by&gt;&lt;sys_updated_on&gt;2018-02-15 12:49:16&lt;/sys_updated_on&gt;&lt;table&gt;incident&lt;/table&gt;&lt;u_relate/&gt;&lt;u_relate_table/&gt;&lt;ui_type&gt;0&lt;/ui_type&gt;&lt;view/&gt;&lt;/sys_ui_policy&gt;&lt;/record_update&gt;</payload>
<remote_update_set display_value="A&amp;W Incident Management - LK - V17">9ed50b53dbe093042dfc78a6ae96196f</remote_update_set>
<replace_on_upgrade>false</replace_on_upgrade>
<sys_created_by>lakshmi.kalatippi</sys_created_by>
<sys_created_on>2018-03-05 11:41:04</sys_created_on>
<sys_id>16d50b53dbe093042dfc78a6ae961971</sys_id>
<sys_mod_count>0</sys_mod_count>
<sys_updated_by>lakshmi.kalatippi</sys_updated_by>
<sys_updated_on>2018-03-05 11:41:04</sys_updated_on>
<table>incident</table>
<target_name>Make assigned_to mandatory on active A&amp;W</target_name>
<type>UI Policy</type>
<update_domain>409c30addb8e8f0066e6f2f5ab9619e3</update_domain>
<update_set display_value=""/>
<view/>
</sys_update_xml>
<sys_update_xml action="INSERT_OR_UPDATE">
<action>INSERT_OR_UPDATE</action>
<application display_value="Global">global</application>
<category>customer</category>
<comments/>
<name>contract_sla_889f057edbb6c3002dfc78a6ae9619fc</name>
<payload><![CDATA[<?xml version="1.0" encoding="UTF-8"?><record_update sys_domain="409c30addb8e8f0066e6f2f5ab9619e3" table="contract_sla"><contract_sla action="INSERT_OR_UPDATE"><active>true</active><cancel_condition/><collection>incident</collection><condition_class/><duration>1970-01-01 01:00:00</duration><duration_type/><enable_logging>false</enable_logging><name> Response SLA: Priority 2 A&amp;W(1 Hrs)</name><pause_condition/><relative_duration_works_on>Task record</relative_duration_works_on><reset_condition/><resume_condition/><retroactive>false</retroactive><retroactive_pause>true</retroactive_pause><schedule display_value="8-5 weekdays">08fcd0830a0a0b2600079f56b1adb9ae</schedule><schedule_source>sla_definition</schedule_source><schedule_source_field/><set_start_to>u_ora_alert_received</set_start_to><start_condition table="incident">priority=2^active=true^EQ<item endquery="false" field="priority" goto="false" newquery="false" operator="=" or="false" value="2"/><item endquery="false" field="active" goto="false" newquery="false" operator="=" or="false" value="true"/><item endquery="true" field="" goto="false" newquery="false" operator="=" or="false" value=""/></start_condition><stop_condition table="incident">assignment_groupISNOTEMPTY^assigned_toISNOTEMPTY^ORincident_state=705^ORincident_state=6^EQ<item endquery="false" field="assignment_group" goto="false" newquery="false" operator="ISNOTEMPTY" or="false" value=""/><item endquery="false" field="assigned_to" goto="false" newquery="false" operator="ISNOTEMPTY" or="false" value=""/><item endquery="false" field="incident_state" goto="false" newquery="false" operator="=" or="true" value="705"/><item endquery="false" field="incident_state" goto="false" newquery="false" operator="=" or="true" value="6"/><item endquery="true" field="" goto="false" newquery="false" operator="=" or="false" value=""/></stop_condition><sys_class_name>contract_sla</sys_class_name><sys_created_by>lakshmi.kalatippi@capgemini.com</sys_created_by><sys_created_on>2017-12-06 13:59:12</sys_created_on><sys_customer_update>true</sys_customer_update><sys_domain>409c30addb8e8f0066e6f2f5ab9619e3</sys_domain><sys_domain_path>!!!/!!D/</sys_domain_path><sys_id>889f057edbb6c3002dfc78a6ae9619fc</sys_id><sys_mod_count>5</sys_mod_count><sys_name> Response SLA: Priority 2 A&amp;W(1 Hrs)</sys_name><sys_overrides/><sys_package display_value="Global" source="global">global</sys_package><sys_policy/><sys_replace_on_upgrade>false</sys_replace_on_upgrade><sys_scope display_value="Global">global</sys_scope><sys_update_name>contract_sla_889f057edbb6c3002dfc78a6ae9619fc</sys_update_name><sys_updated_by>lakshmi.kalatippi</sys_updated_by><sys_updated_on>2018-02-15 12:25:49</sys_updated_on><timezone/><timezone_source>task.caller_id.time_zone</timezone_source><type>SLA</type><u_ajg_sla_type/><u_group/><u_item/><u_vendor/><when_to_cancel>no_match</when_to_cancel><when_to_resume>no_match</when_to_resume><workflow display_value="Default SLA workflow">4b6570360a0a0b3000bbacab877713f2</workflow></contract_sla></record_update>]]></payload>
<remote_update_set display_value="A&amp;W Incident Management - LK - V17">9ed50b53dbe093042dfc78a6ae96196f</remote_update_set>
<replace_on_upgrade>false</replace_on_upgrade>
<sys_created_by>lakshmi.kalatippi</sys_created_by>
<sys_created_on>2018-03-05 11:41:04</sys_created_on>
<sys_id>1ad50b53dbe093042dfc78a6ae961970</sys_id>
<sys_mod_count>0</sys_mod_count>
<sys_updated_by>lakshmi.kalatippi</sys_updated_by>
<sys_updated_on>2018-03-05 11:41:04</sys_updated_on>
<table>incident</table>
<target_name> Response SLA: Priority 2 A&amp;W(1 Hrs)</target_name>
<type>SLA Definition</type>
<update_domain>409c30addb8e8f0066e6f2f5ab9619e3</update_domain>
<update_set display_value=""/>
<view/>
</sys_update_xml>
<sys_update_xml action="INSERT_OR_UPDATE">
<action>INSERT_OR_UPDATE</action>
<application display_value="Global">global</application>
<category>customer</category>
<comments/>
<name>sys_documentation_incident_u_a_w_user_education_issue_en</name>
<payload><![CDATA[<?xml version="1.0" encoding="UTF-8"?><record_update><sys_documentation element="u_a_w_user_education_issue" label="User Education Issue" language="en" table="incident"><sys_documentation action="INSERT_OR_UPDATE"><element>u_a_w_user_education_issue</element><help/><hint/><label>User Education Issue</label><language>en</language><name>incident</name><plural>User Education Issues</plural><sys_class_name>sys_documentation</sys_class_name><sys_created_by>lakshmi.kalatippi</sys_created_by><sys_created_on>2018-02-15 10:22:15</sys_created_on><sys_customer_update>true</sys_customer_update><sys_id>1c378269db54db80a8a37dfdae961936</sys_id><sys_mod_count>2</sys_mod_count><sys_name>User Education Issue</sys_name><sys_package display_value="Global" source="global">global</sys_package><sys_policy/><sys_replace_on_upgrade>false</sys_replace_on_upgrade><sys_scope display_value="Global">global</sys_scope><sys_update_name>sys_documentation_incident_u_a_w_user_education_issue_en</sys_update_name><sys_updated_by>lakshmi.kalatippi</sys_updated_by><sys_updated_on>2018-02-15 12:47:29</sys_updated_on><url/><url_target/></sys_documentation></sys_documentation></record_update>]]></payload>
<remote_update_set display_value="A&amp;W Incident Management - LK - V17">9ed50b53dbe093042dfc78a6ae96196f</remote_update_set>
<replace_on_upgrade>false</replace_on_upgrade>
<sys_created_by>lakshmi.kalatippi</sys_created_by>
<sys_created_on>2018-03-05 11:41:04</sys_created_on>
<sys_id>52d50b53dbe093042dfc78a6ae961971</sys_id>
<sys_mod_count>0</sys_mod_count>
<sys_updated_by>lakshmi.kalatippi</sys_updated_by>
<sys_updated_on>2018-03-05 11:41:04</sys_updated_on>
<table>incident</table>
<target_name>Incident.User Education Issue</target_name>
<type>Field Label</type>
<update_domain/>
<update_set display_value=""/>
<view/>
</sys_update_xml>
<sys_update_xml action="INSERT_OR_UPDATE">
<action>INSERT_OR_UPDATE</action>
<application display_value="Global">global</application>
<category>customer</category>
<comments/>
<name>contract_sla_4b91a955db949b80a8a37dfdae96192e</name>
<payload><![CDATA[<?xml version="1.0" encoding="UTF-8"?><record_update sys_domain="409c30addb8e8f0066e6f2f5ab9619e3" table="contract_sla"><contract_sla action="INSERT_OR_UPDATE"><active>true</active><cancel_condition/><collection>incident</collection><condition_class/><duration>1970-01-01 06:30:00</duration><duration_type/><enable_logging>false</enable_logging><name> Response SLA: Priority 4 A&amp;W(6.5 Hours)</name><pause_condition/><relative_duration_works_on>Task record</relative_duration_works_on><reset_condition/><resume_condition/><retroactive>false</retroactive><retroactive_pause>true</retroactive_pause><schedule display_value="8-5 weekdays">08fcd0830a0a0b2600079f56b1adb9ae</schedule><schedule_source>sla_definition</schedule_source><schedule_source_field/><set_start_to>u_ora_alert_received</set_start_to><start_condition table="incident">priority=4^active=true^EQ<item endquery="false" field="priority" goto="false" newquery="false" operator="=" or="false" value="4"/><item endquery="false" field="active" goto="false" newquery="false" operator="=" or="false" value="true"/><item endquery="true" field="" goto="false" newquery="false" operator="=" or="false" value=""/></start_condition><stop_condition table="incident">assigned_toISNOTEMPTY^assignment_groupISNOTEMPTY^ORincident_state=705^ORincident_state=6^EQ<item endquery="false" field="assigned_to" goto="false" newquery="false" operator="ISNOTEMPTY" or="false" value=""/><item endquery="false" field="assignment_group" goto="false" newquery="false" operator="ISNOTEMPTY" or="false" value=""/><item endquery="false" field="incident_state" goto="false" newquery="false" operator="=" or="true" value="705"/><item endquery="false" field="incident_state" goto="false" newquery="false" operator="=" or="true" value="6"/><item endquery="true" field="" goto="false" newquery="false" operator="=" or="false" value=""/></stop_condition><sys_class_name>contract_sla</sys_class_name><sys_created_by>lakshmi.kalatippi</sys_created_by><sys_created_on>2018-02-14 12:59:34</sys_created_on><sys_customer_update>true</sys_customer_update><sys_domain>409c30addb8e8f0066e6f2f5ab9619e3</sys_domain><sys_domain_path>!!!/!!D/</sys_domain_path><sys_id>4b91a955db949b80a8a37dfdae96192e</sys_id><sys_mod_count>2</sys_mod_count><sys_name> Response SLA: Priority 4 A&amp;W(6.5 Hours)</sys_name><sys_overrides/><sys_package display_value="Global" source="global">global</sys_package><sys_policy/><sys_replace_on_upgrade>false</sys_replace_on_upgrade><sys_scope display_value="Global">global</sys_scope><sys_update_name>contract_sla_4b91a955db949b80a8a37dfdae96192e</sys_update_name><sys_updated_by>lakshmi.kalatippi</sys_updated_by><sys_updated_on>2018-02-15 12:25:05</sys_updated_on><timezone/><timezone_source>task.caller_id.time_zone</timezone_source><type>SLA</type><u_ajg_sla_type/><u_group/><u_item/><u_vendor/><when_to_cancel>no_match</when_to_cancel><when_to_resume>no_match</when_to_resume><workflow display_value="Default SLA workflow">4b6570360a0a0b3000bbacab877713f2</workflow></contract_sla></record_update>]]></payload>
<remote_update_set display_value="A&amp;W Incident Management - LK - V17">9ed50b53dbe093042dfc78a6ae96196f</remote_update_set>
<replace_on_upgrade>false</replace_on_upgrade>
<sys_created_by>lakshmi.kalatippi</sys_created_by>
<sys_created_on>2018-03-05 11:41:04</sys_created_on>
<sys_id>56d50b53dbe093042dfc78a6ae961970</sys_id>
<sys_mod_count>0</sys_mod_count>
<sys_updated_by>lakshmi.kalatippi</sys_updated_by>
<sys_updated_on>2018-03-05 11:41:04</sys_updated_on>
<table>incident</table>
<target_name> Response SLA: Priority 4 A&amp;W(6.5 Hours)</target_name>
<type>SLA Definition</type>
<update_domain>409c30addb8e8f0066e6f2f5ab9619e3</update_domain>
<update_set display_value=""/>
<view/>
</sys_update_xml>
<sys_update_xml action="INSERT_OR_UPDATE">
<action>INSERT_OR_UPDATE</action>
<application display_value="Global">global</application>
<category>customer</category>
<comments/>
<name>contract_sla_308299fedbb6c3002dfc78a6ae961913</name>
<payload><![CDATA[<?xml version="1.0" encoding="UTF-8"?><record_update sys_domain="409c30addb8e8f0066e6f2f5ab9619e3" table="contract_sla"><contract_sla action="INSERT_OR_UPDATE"><active>true</active><cancel_condition/><collection>incident</collection><condition_class/><duration>1970-01-01 02:00:00</duration><duration_type/><enable_logging>false</enable_logging><name> Response SLA: Priority 3 A&amp;W(2 Hrs)</name><pause_condition/><relative_duration_works_on>Task record</relative_duration_works_on><reset_condition/><resume_condition/><retroactive>false</retroactive><retroactive_pause>true</retroactive_pause><schedule display_value="8-5 weekdays">08fcd0830a0a0b2600079f56b1adb9ae</schedule><schedule_source>sla_definition</schedule_source><schedule_source_field/><set_start_to>u_ora_alert_received</set_start_to><start_condition table="incident">priority=3^active=true^EQ<item endquery="false" field="priority" goto="false" newquery="false" operator="=" or="false" value="3"/><item endquery="false" field="active" goto="false" newquery="false" operator="=" or="false" value="true"/><item endquery="true" field="" goto="false" newquery="false" operator="=" or="false" value=""/></start_condition><stop_condition table="incident">assigned_toISNOTEMPTY^assignment_groupISNOTEMPTY^ORincident_state=705^ORincident_state=6^EQ<item endquery="false" field="assigned_to" goto="false" newquery="false" operator="ISNOTEMPTY" or="false" value=""/><item endquery="false" field="assignment_group" goto="false" newquery="false" operator="ISNOTEMPTY" or="false" value=""/><item endquery="false" field="incident_state" goto="false" newquery="false" operator="=" or="true" value="705"/><item endquery="false" field="incident_state" goto="false" newquery="false" operator="=" or="true" value="6"/><item endquery="true" field="" goto="false" newquery="false" operator="=" or="false" value=""/></stop_condition><sys_class_name>contract_sla</sys_class_name><sys_created_by>lakshmi.kalatippi@capgemini.com</sys_created_by><sys_created_on>2017-12-06 14:12:06</sys_created_on><sys_customer_update>true</sys_customer_update><sys_domain>409c30addb8e8f0066e6f2f5ab9619e3</sys_domain><sys_domain_path>!!!/!!D/</sys_domain_path><sys_id>308299fedbb6c3002dfc78a6ae961913</sys_id><sys_mod_count>5</sys_mod_count><sys_name> Response SLA: Priority 3 A&amp;W(2 Hrs)</sys_name><sys_overrides/><sys_package display_value="Global" source="global">global</sys_package><sys_policy/><sys_replace_on_upgrade>false</sys_replace_on_upgrade><sys_scope display_value="Global">global</sys_scope><sys_update_name>contract_sla_308299fedbb6c3002dfc78a6ae961913</sys_update_name><sys_updated_by>lakshmi.kalatippi</sys_updated_by><sys_updated_on>2018-02-15 12:25:31</sys_updated_on><timezone/><timezone_source>task.caller_id.time_zone</timezone_source><type>SLA</type><u_ajg_sla_type/><u_group/><u_item/><u_vendor/><when_to_cancel>no_match</when_to_cancel><when_to_resume>no_match</when_to_resume><workflow display_value="Default SLA workflow">4b6570360a0a0b3000bbacab877713f2</workflow></contract_sla></record_update>]]></payload>
<remote_update_set display_value="A&amp;W Incident Management - LK - V17">9ed50b53dbe093042dfc78a6ae96196f</remote_update_set>
<replace_on_upgrade>false</replace_on_upgrade>
<sys_created_by>lakshmi.kalatippi</sys_created_by>
<sys_created_on>2018-03-05 11:41:04</sys_created_on>
<sys_id>92d50b53dbe093042dfc78a6ae961970</sys_id>
<sys_mod_count>0</sys_mod_count>
<sys_updated_by>lakshmi.kalatippi</sys_updated_by>
<sys_updated_on>2018-03-05 11:41:04</sys_updated_on>
<table>incident</table>
<target_name> Response SLA: Priority 3 A&amp;W(2 Hrs)</target_name>
<type>SLA Definition</type>
<update_domain>409c30addb8e8f0066e6f2f5ab9619e3</update_domain>
<update_set display_value=""/>
<view/>
</sys_update_xml>
<sys_update_xml action="INSERT_OR_UPDATE">
<action>INSERT_OR_UPDATE</action>
<application display_value="Global">global</application>
<category>customer</category>
<comments/>
<name>sys_dictionary_incident_u_a_w_user_education_issue</name>
<payload><![CDATA[<?xml version="1.0" encoding="UTF-8"?><record_update><sys_dictionary action="INSERT_OR_UPDATE" element="u_a_w_user_education_issue" table="incident"><active>true</active><array>false</array><array_denormalized>false</array_denormalized><attributes/><audit>false</audit><calculation>(function calculatedFieldValue(current) {&#13;
&#13;
	// Add your code here&#13;
	return '';  // return the calculated value&#13;
&#13;
})(current);</calculation><choice/><choice_field/><choice_table/><column_label>User Education Issue</column_label><comments/><create_roles/><default_value/><defaultsort/><delete_roles/><dependent/><dependent_on_field/><display>false</display><dynamic_creation>false</dynamic_creation><dynamic_creation_script/><dynamic_default_value/><dynamic_ref_qual/><element>u_a_w_user_education_issue</element><element_reference>false</element_reference><foreign_database/><internal_type display_value="">boolean</internal_type><mandatory>false</mandatory><max_length>40</max_length><name>incident</name><next_element/><primary>false</primary><read_only>false</read_only><read_roles/><reference/><reference_cascade_rule/><reference_floats>false</reference_floats><reference_key/><reference_qual/><reference_qual_condition/><reference_type/><sizeclass/><spell_check>false</spell_check><staged>false</staged><sys_class_name>sys_dictionary</sys_class_name><sys_created_by>lakshmi.kalatippi</sys_created_by><sys_created_on>2018-02-15 10:22:13</sys_created_on><sys_customer_update>true</sys_customer_update><sys_id>a456ca29db54db80a8a37dfdae96194e</sys_id><sys_mod_count>2</sys_mod_count><sys_name>User Education Issue</sys_name><sys_package display_value="Global" source="global">global</sys_package><sys_policy/><sys_replace_on_upgrade>false</sys_replace_on_upgrade><sys_scope display_value="Global">global</sys_scope><sys_update_name>sys_dictionary_incident_u_a_w_user_education_issue</sys_update_name><sys_updated_by>lakshmi.kalatippi</sys_updated_by><sys_updated_on>2018-02-15 12:47:29</sys_updated_on><table_reference>false</table_reference><text_index>false</text_index><unique>false</unique><use_dependent_field>false</use_dependent_field><use_dynamic_default>false</use_dynamic_default><use_reference_qualifier>simple</use_reference_qualifier><virtual>false</virtual><widget/><write_roles/><xml_view>false</xml_view></sys_dictionary></record_update>]]></payload>
<remote_update_set display_value="A&amp;W Incident Management - LK - V17">9ed50b53dbe093042dfc78a6ae96196f</remote_update_set>
<replace_on_upgrade>false</replace_on_upgrade>
<sys_created_by>lakshmi.kalatippi</sys_created_by>
<sys_created_on>2018-03-05 11:41:04</sys_created_on>
<sys_id>9ed50b53dbe093042dfc78a6ae961970</sys_id>
<sys_mod_count>0</sys_mod_count>
<sys_updated_by>lakshmi.kalatippi</sys_updated_by>
<sys_updated_on>2018-03-05 11:41:04</sys_updated_on>
<table>incident</table>
<target_name>Incident.User Education Issue</target_name>
<type>Dictionary</type>
<update_domain/>
<update_set display_value=""/>
<view/>
</sys_update_xml>
<sys_update_xml action="INSERT_OR_UPDATE">
<action>INSERT_OR_UPDATE</action>
<application display_value="Global">global</application>
<category>customer</category>
<comments/>
<name>sys_ui_section_e00b95a9db620b00a8a37dfdae9619ac</name>
<payload><![CDATA[<?xml version="1.0" encoding="UTF-8"?><record_update><sys_ui_section caption="Closer Information" section_id="e00b95a9db620b00a8a37dfdae9619ac" sys_domain="409c30addb8e8f0066e6f2f5ab9619e3" table="incident" version="3" view=""><sys_ui_element action="INSERT_OR_UPDATE"><element>.begin_split</element><position>0</position><sys_created_by>lakshmi.kalatippi</sys_created_by><sys_created_on>2018-02-15 12:54:39</sys_created_on><sys_id>7c1aea21dbd4db80a8a37dfdae96190a</sys_id><sys_mod_count>0</sys_mod_count><sys_ui_formatter/><sys_ui_section caption="Closer Information" display_value="Closer Information" name="incident" sys_domain="409c30addb8e8f0066e6f2f5ab9619e3" view="Default view">e00b95a9db620b00a8a37dfdae9619ac</sys_ui_section><sys_updated_by>lakshmi.kalatippi</sys_updated_by><sys_updated_on>2018-02-15 12:54:39</sys_updated_on><sys_user/><type>.begin_split</type></sys_ui_element><sys_ui_element action="INSERT_OR_UPDATE"><element>knowledge</element><position>1</position><sys_created_by>lakshmi.kalatippi</sys_created_by><sys_created_on>2018-02-15 12:54:39</sys_created_on><sys_id>fc1aea21dbd4db80a8a37dfdae96190a</sys_id><sys_mod_count>0</sys_mod_count><sys_ui_formatter/><sys_ui_section caption="Closer Information" display_value="Closer Information" name="incident" sys_domain="409c30addb8e8f0066e6f2f5ab9619e3" view="Default view">e00b95a9db620b00a8a37dfdae9619ac</sys_ui_section><sys_updated_by>lakshmi.kalatippi</sys_updated_by><sys_updated_on>2018-02-15 12:54:39</sys_updated_on><sys_user/><type/></sys_ui_element><sys_ui_element action="INSERT_OR_UPDATE"><element>closed_by</element><position>2</position><sys_created_by>lakshmi.kalatippi</sys_created_by><sys_created_on>2018-02-15 12:54:39</sys_created_on><sys_id>701aea21dbd4db80a8a37dfdae96190b</sys_id><sys_mod_count>0</sys_mod_count><sys_ui_formatter/><sys_ui_section caption="Closer Information" display_value="Closer Information" name="incident" sys_domain="409c30addb8e8f0066e6f2f5ab9619e3" view="Default view">e00b95a9db620b00a8a37dfdae9619ac</sys_ui_section><sys_updated_by>lakshmi.kalatippi</sys_updated_by><sys_updated_on>2018-02-15 12:54:39</sys_updated_on><sys_user/><type/></sys_ui_element><sys_ui_element action="INSERT_OR_UPDATE"><element>close_notes</element><position>3</position><sys_created_by>lakshmi.kalatippi</sys_created_by><sys_created_on>2018-02-15 12:54:39</sys_created_on><sys_id>f01aea21dbd4db80a8a37dfdae96190b</sys_id><sys_mod_count>0</sys_mod_count><sys_ui_formatter/><sys_ui_section caption="Closer Information" display_value="Closer Information" name="incident" sys_domain="409c30addb8e8f0066e6f2f5ab9619e3" view="Default view">e00b95a9db620b00a8a37dfdae9619ac</sys_ui_section><sys_updated_by>lakshmi.kalatippi</sys_updated_by><sys_updated_on>2018-02-15 12:54:39</sys_updated_on><sys_user/><type/></sys_ui_element><sys_ui_element action="INSERT_OR_UPDATE"><element>u_reason_for_cancellation_a_w</element><position>4</position><sys_created_by>lakshmi.kalatippi</sys_created_by><sys_created_on>2018-02-15 12:54:39</sys_created_on><sys_id>741aea21dbd4db80a8a37dfdae96190b</sys_id><sys_mod_count>0</sys_mod_count><sys_ui_formatter/><sys_ui_section caption="Closer Information" display_value="Closer Information" name="incident" sys_domain="409c30addb8e8f0066e6f2f5ab9619e3" view="Default view">e00b95a9db620b00a8a37dfdae9619ac</sys_ui_section><sys_updated_by>lakshmi.kalatippi</sys_updated_by><sys_updated_on>2018-02-15 12:54:39</sys_updated_on><sys_user/><type/></sys_ui_element><sys_ui_element action="INSERT_OR_UPDATE"><element>.split</element><position>5</position><sys_created_by>lakshmi.kalatippi</sys_created_by><sys_created_on>2018-02-15 12:54:39</sys_created_on><sys_id>f41aea21dbd4db80a8a37dfdae96190b</sys_id><sys_mod_count>0</sys_mod_count><sys_ui_formatter/><sys_ui_section caption="Closer Information" display_value="Closer Information" name="incident" sys_domain="409c30addb8e8f0066e6f2f5ab9619e3" view="Default view">e00b95a9db620b00a8a37dfdae9619ac</sys_ui_section><sys_updated_by>lakshmi.kalatippi</sys_updated_by><sys_updated_on>2018-02-15 12:54:39</sys_updated_on><sys_user/><type>.split</type></sys_ui_element><sys_ui_element action="INSERT_OR_UPDATE"><element>u_a_w_user_education_issue</element><position>6</position><sys_created_by>lakshmi.kalatippi</sys_created_by><sys_created_on>2018-02-15 12:54:39</sys_created_on><sys_id>781aea21dbd4db80a8a37dfdae96190b</sys_id><sys_mod_count>0</sys_mod_count><sys_ui_formatter/><sys_ui_section caption="Closer Information" display_value="Closer Information" name="incident" sys_domain="409c30addb8e8f0066e6f2f5ab9619e3" view="Default view">e00b95a9db620b00a8a37dfdae9619ac</sys_ui_section><sys_updated_by>lakshmi.kalatippi</sys_updated_by><sys_updated_on>2018-02-15 12:54:39</sys_updated_on><sys_user/><type/></sys_ui_element><sys_ui_element action="INSERT_OR_UPDATE"><element>closed_at</element><position>7</position><sys_created_by>lakshmi.kalatippi</sys_created_by><sys_created_on>2018-02-15 12:54:39</sys_created_on><sys_id>f81aea21dbd4db80a8a37dfdae96190b</sys_id><sys_mod_count>0</sys_mod_count><sys_ui_formatter/><sys_ui_section caption="Closer Information" display_value="Closer Information" name="incident" sys_domain="409c30addb8e8f0066e6f2f5ab9619e3" view="Default view">e00b95a9db620b00a8a37dfdae9619ac</sys_ui_section><sys_updated_by>lakshmi.kalatippi</sys_updated_by><sys_updated_on>2018-02-15 12:54:39</sys_updated_on><sys_user/><type/></sys_ui_element><sys_ui_element action="INSERT_OR_UPDATE"><element>close_code</element><position>8</position><sys_created_by>lakshmi.kalatippi</sys_created_by><sys_created_on>2018-02-15 12:54:39</sys_created_on><sys_id>7c1aea21dbd4db80a8a37dfdae96190b</sys_id><sys_mod_count>0</sys_mod_count><sys_ui_formatter/><sys_ui_section caption="Closer Information" display_value="Closer Information" name="incident" sys_domain="409c30addb8e8f0066e6f2f5ab9619e3" view="Default view">e00b95a9db620b00a8a37dfdae9619ac</sys_ui_section><sys_updated_by>lakshmi.kalatippi</sys_updated_by><sys_updated_on>2018-02-15 12:54:39</sys_updated_on><sys_user/><type/></sys_ui_element><sys_ui_element action="INSERT_OR_UPDATE"><element>.end_split</element><position>9</position><sys_created_by>lakshmi.kalatippi</sys_created_by><sys_created_on>2018-02-15 12:54:39</sys_created_on><sys_id>fc1aea21dbd4db80a8a37dfdae96190b</sys_id><sys_mod_count>0</sys_mod_count><sys_ui_formatter/><sys_ui_section caption="Closer Information" display_value="Closer Information" name="incident" sys_domain="409c30addb8e8f0066e6f2f5ab9619e3" view="Default view">e00b95a9db620b00a8a37dfdae9619ac</sys_ui_section><sys_updated_by>lakshmi.kalatippi</sys_updated_by><sys_updated_on>2018-02-15 12:54:39</sys_updated_on><sys_user/><type>.end_split</type></sys_ui_element><sys_ui_section action="INSERT_OR_UPDATE"><caption>Closer Information</caption><header>false</header><name>incident</name><roles/><sys_class_name>sys_ui_section</sys_class_name><sys_created_by>lakshmi.kalatippi@capgemini.com</sys_created_by><sys_created_on>2017-11-20 07:19:19</sys_created_on><sys_customer_update>true</sys_customer_update><sys_domain>409c30addb8e8f0066e6f2f5ab9619e3</sys_domain><sys_domain_path>!!!/!!D/</sys_domain_path><sys_id>e00b95a9db620b00a8a37dfdae9619ac</sys_id><sys_mod_count>1</sys_mod_count><sys_name>Closer Information</sys_name><sys_overrides display_value="">global</sys_overrides><sys_package display_value="Global" source="global">global</sys_package><sys_policy/><sys_replace_on_upgrade>false</sys_replace_on_upgrade><sys_scope display_value="Global">global</sys_scope><sys_update_name>sys_ui_section_e00b95a9db620b00a8a37dfdae9619ac</sys_update_name><sys_updated_by>lakshmi.kalatippi@capgemini.com</sys_updated_by><sys_updated_on>2018-01-02 07:14:39</sys_updated_on><sys_user/><title>false</title><view display_value="Default view" name="NULL">Default view</view><view_name/></sys_ui_section></sys_ui_section></record_update>]]></payload>
<remote_update_set display_value="A&amp;W Incident Management - LK - V17">9ed50b53dbe093042dfc78a6ae96196f</remote_update_set>
<replace_on_upgrade>false</replace_on_upgrade>
<sys_created_by>lakshmi.kalatippi</sys_created_by>
<sys_created_on>2018-03-05 11:41:04</sys_created_on>
<sys_id>d6d50b53dbe093042dfc78a6ae961971</sys_id>
<sys_mod_count>0</sys_mod_count>
<sys_updated_by>lakshmi.kalatippi</sys_updated_by>
<sys_updated_on>2018-03-05 11:41:04</sys_updated_on>
<table>incident</table>
<target_name>Incident</target_name>
<type>Form Layout</type>
<update_domain>409c30addb8e8f0066e6f2f5ab9619e3</update_domain>
<update_set display_value=""/>
<view/>
</sys_update_xml>
<sys_update_xml action="INSERT_OR_UPDATE">
<action>INSERT_OR_UPDATE</action>
<application display_value="Global">global</application>
<category>customer</category>
<comments/>
<name>contract_sla_952d0dfadbb6c3002dfc78a6ae9619a4</name>
<payload><![CDATA[<?xml version="1.0" encoding="UTF-8"?><record_update sys_domain="409c30addb8e8f0066e6f2f5ab9619e3" table="contract_sla"><contract_sla action="INSERT_OR_UPDATE"><active>true</active><cancel_condition/><collection>incident</collection><condition_class/><duration>1970-01-01 00:30:00</duration><duration_type/><enable_logging>false</enable_logging><name> Response SLA: Priority 1 A&amp;W(30 Min)</name><pause_condition/><relative_duration_works_on>Task record</relative_duration_works_on><reset_condition/><resume_condition/><retroactive>false</retroactive><retroactive_pause>true</retroactive_pause><schedule display_value="8-5 weekdays">08fcd0830a0a0b2600079f56b1adb9ae</schedule><schedule_source>sla_definition</schedule_source><schedule_source_field/><set_start_to>u_ora_alert_received</set_start_to><start_condition table="incident">priority=1^active=true^EQ<item endquery="false" field="priority" goto="false" newquery="false" operator="=" or="false" value="1"/><item endquery="false" field="active" goto="false" newquery="false" operator="=" or="false" value="true"/><item endquery="true" field="" goto="false" newquery="false" operator="=" or="false" value=""/></start_condition><stop_condition table="incident">assigned_toISNOTEMPTY^assignment_groupISNOTEMPTY^ORincident_state=705^ORincident_state=6^EQ<item endquery="false" field="assigned_to" goto="false" newquery="false" operator="ISNOTEMPTY" or="false" value=""/><item endquery="false" field="assignment_group" goto="false" newquery="false" operator="ISNOTEMPTY" or="false" value=""/><item endquery="false" field="incident_state" goto="false" newquery="false" operator="=" or="true" value="705"/><item endquery="false" field="incident_state" goto="false" newquery="false" operator="=" or="true" value="6"/><item endquery="true" field="" goto="false" newquery="false" operator="=" or="false" value=""/></stop_condition><sys_class_name>contract_sla</sys_class_name><sys_created_by>lakshmi.kalatippi@capgemini.com</sys_created_by><sys_created_on>2017-12-06 13:51:44</sys_created_on><sys_customer_update>true</sys_customer_update><sys_domain>409c30addb8e8f0066e6f2f5ab9619e3</sys_domain><sys_domain_path>!!!/!!D/</sys_domain_path><sys_id>952d0dfadbb6c3002dfc78a6ae9619a4</sys_id><sys_mod_count>5</sys_mod_count><sys_name> Response SLA: Priority 1 A&amp;W(30 Min)</sys_name><sys_overrides/><sys_package display_value="Global" source="global">global</sys_package><sys_policy/><sys_replace_on_upgrade>false</sys_replace_on_upgrade><sys_scope display_value="Global">global</sys_scope><sys_update_name>contract_sla_952d0dfadbb6c3002dfc78a6ae9619a4</sys_update_name><sys_updated_by>lakshmi.kalatippi</sys_updated_by><sys_updated_on>2018-02-15 12:26:13</sys_updated_on><timezone/><timezone_source>task.caller_id.time_zone</timezone_source><type>SLA</type><u_ajg_sla_type/><u_group/><u_item/><u_vendor/><when_to_cancel>no_match</when_to_cancel><when_to_resume>no_match</when_to_resume><workflow display_value="Default SLA workflow">4b6570360a0a0b3000bbacab877713f2</workflow></contract_sla></record_update>]]></payload>
<remote_update_set display_value="A&amp;W Incident Management - LK - V17">9ed50b53dbe093042dfc78a6ae96196f</remote_update_set>
<replace_on_upgrade>false</replace_on_upgrade>
<sys_created_by>lakshmi.kalatippi</sys_created_by>
<sys_created_on>2018-03-05 11:41:04</sys_created_on>
<sys_id>dad50b53dbe093042dfc78a6ae961970</sys_id>
<sys_mod_count>0</sys_mod_count>
<sys_updated_by>lakshmi.kalatippi</sys_updated_by>
<sys_updated_on>2018-03-05 11:41:04</sys_updated_on>
<table>incident</table>
<target_name> Response SLA: Priority 1 A&amp;W(30 Min)</target_name>
<type>SLA Definition</type>
<update_domain>409c30addb8e8f0066e6f2f5ab9619e3</update_domain>
<update_set display_value=""/>
<view/>
</sys_update_xml>
</unload>
