<?xml version="1.0" encoding="UTF-8"?>
<unload unload_date="2018-03-15 07:52:39">
<sys_remote_update_set action="INSERT_OR_UPDATE">
<application display_value="Global">global</application>
<application_name>Global</application_name>
<application_scope>global</application_scope>
<application_version/>
<collisions/>
<commit_date/>
<deleted/>
<description/>
<inserted/>
<name>A&amp;W Incident Management - LK - V34</name>
<origin_sys_id/>
<release_date/>
<remote_sys_id>e6e85d1adbb45b04a8a37dfdae961915</remote_sys_id>
<state>loaded</state>
<summary/>
<sys_class_name>sys_remote_update_set</sys_class_name>
<sys_created_by>lakshmi.kalatippi</sys_created_by>
<sys_created_on>2018-03-15 07:52:39</sys_created_on>
<sys_id>f171f1eadbb09b04a8a37dfdae9619b2</sys_id>
<sys_mod_count>0</sys_mod_count>
<sys_updated_by>lakshmi.kalatippi</sys_updated_by>
<sys_updated_on>2018-03-15 07:52:39</sys_updated_on>
<update_set display_value=""/>
<update_source display_value=""/>
<updated/>
</sys_remote_update_set>
<sys_update_xml action="INSERT_OR_UPDATE">
<action>INSERT_OR_UPDATE</action>
<application display_value="Global">global</application>
<category>customer</category>
<comments/>
<name>sys_script_client_fb49915adbb45b04a8a37dfdae961990</name>
<payload>&lt;?xml version="1.0" encoding="UTF-8"?&gt;&lt;record_update sys_domain="409c30addb8e8f0066e6f2f5ab9619e3" table="sys_script_client"&gt;&lt;sys_script_client action="INSERT_OR_UPDATE"&gt;&lt;active&gt;true&lt;/active&gt;&lt;applies_extended&gt;false&lt;/applies_extended&gt;&lt;condition/&gt;&lt;description/&gt;&lt;field&gt;assignment_group&lt;/field&gt;&lt;global&gt;true&lt;/global&gt;&lt;messages/&gt;&lt;name&gt;Remove assigned_to A&amp;amp;W&lt;/name&gt;&lt;order/&gt;&lt;script&gt;&lt;![CDATA[function onChange(control, oldValue, newValue, isLoading, isTemplate) {
   if (isLoading || newValue === '') {
      return;
   }
	g_form.setValue('assigned_to',"");

   //Type appropriate comment here, and begin script below
   
}]]&gt;&lt;/script&gt;&lt;sys_class_name&gt;sys_script_client&lt;/sys_class_name&gt;&lt;sys_created_by&gt;lakshmi.kalatippi&lt;/sys_created_by&gt;&lt;sys_created_on&gt;2018-03-14 11:32:42&lt;/sys_created_on&gt;&lt;sys_customer_update&gt;true&lt;/sys_customer_update&gt;&lt;sys_domain&gt;409c30addb8e8f0066e6f2f5ab9619e3&lt;/sys_domain&gt;&lt;sys_domain_path/&gt;&lt;sys_id&gt;fb49915adbb45b04a8a37dfdae961990&lt;/sys_id&gt;&lt;sys_mod_count&gt;0&lt;/sys_mod_count&gt;&lt;sys_name&gt;Remove assigned_to A&amp;amp;W&lt;/sys_name&gt;&lt;sys_overrides display_value=""&gt;global&lt;/sys_overrides&gt;&lt;sys_package display_value="Global" source="global"&gt;global&lt;/sys_package&gt;&lt;sys_policy/&gt;&lt;sys_replace_on_upgrade&gt;false&lt;/sys_replace_on_upgrade&gt;&lt;sys_scope display_value="Global"&gt;global&lt;/sys_scope&gt;&lt;sys_update_name&gt;sys_script_client_fb49915adbb45b04a8a37dfdae961990&lt;/sys_update_name&gt;&lt;sys_updated_by&gt;lakshmi.kalatippi&lt;/sys_updated_by&gt;&lt;sys_updated_on&gt;2018-03-14 11:32:42&lt;/sys_updated_on&gt;&lt;table&gt;incident&lt;/table&gt;&lt;type&gt;onChange&lt;/type&gt;&lt;u_relate/&gt;&lt;u_relate_table/&gt;&lt;ui_type&gt;0&lt;/ui_type&gt;&lt;view/&gt;&lt;/sys_script_client&gt;&lt;/record_update&gt;</payload>
<remote_update_set display_value="A&amp;W Incident Management - LK - V34">f171f1eadbb09b04a8a37dfdae9619b2</remote_update_set>
<replace_on_upgrade>false</replace_on_upgrade>
<sys_created_by>lakshmi.kalatippi</sys_created_by>
<sys_created_on>2018-03-15 07:52:39</sys_created_on>
<sys_id>b5713d6adb349b04a8a37dfdae9619e5</sys_id>
<sys_mod_count>0</sys_mod_count>
<sys_updated_by>lakshmi.kalatippi</sys_updated_by>
<sys_updated_on>2018-03-15 07:52:39</sys_updated_on>
<table>incident</table>
<target_name>Remove assigned_to A&amp;W</target_name>
<type>Client Script</type>
<update_domain>409c30addb8e8f0066e6f2f5ab9619e3</update_domain>
<update_set display_value=""/>
<view/>
</sys_update_xml>
<sys_update_xml action="INSERT_OR_UPDATE">
<action>INSERT_OR_UPDATE</action>
<application display_value="Global">global</application>
<category>customer</category>
<comments/>
<name>sys_script_client_440c35dadbfc9f042dfc78a6ae961925</name>
<payload>&lt;?xml version="1.0" encoding="UTF-8"?&gt;&lt;record_update sys_domain="409c30addb8e8f0066e6f2f5ab9619e3" table="sys_script_client"&gt;&lt;sys_script_client action="INSERT_OR_UPDATE"&gt;&lt;active&gt;true&lt;/active&gt;&lt;applies_extended&gt;false&lt;/applies_extended&gt;&lt;condition/&gt;&lt;description/&gt;&lt;field&gt;assignment_group&lt;/field&gt;&lt;global&gt;true&lt;/global&gt;&lt;messages/&gt;&lt;name&gt;Remove assigned_to A&amp;amp;W&lt;/name&gt;&lt;order/&gt;&lt;script&gt;&lt;![CDATA[function onChange(control, oldValue, newValue, isLoading, isTemplate) {
   if (isLoading || newValue === '') {
      return;
   }
	g_form.setValue('assigned_to',"");

   //Type appropriate comment here, and begin script below
   
}]]&gt;&lt;/script&gt;&lt;sys_class_name&gt;sys_script_client&lt;/sys_class_name&gt;&lt;sys_created_by&gt;shweta.hegde@capgemini.com&lt;/sys_created_by&gt;&lt;sys_created_on&gt;2018-03-14 14:00:11&lt;/sys_created_on&gt;&lt;sys_customer_update&gt;true&lt;/sys_customer_update&gt;&lt;sys_domain&gt;409c30addb8e8f0066e6f2f5ab9619e3&lt;/sys_domain&gt;&lt;sys_domain_path&gt;!!!/!!D/&lt;/sys_domain_path&gt;&lt;sys_id&gt;440c35dadbfc9f042dfc78a6ae961925&lt;/sys_id&gt;&lt;sys_mod_count&gt;0&lt;/sys_mod_count&gt;&lt;sys_name&gt;Remove assigned_to A&amp;amp;W&lt;/sys_name&gt;&lt;sys_overrides display_value=""&gt;global&lt;/sys_overrides&gt;&lt;sys_package display_value="Global" source="global"&gt;global&lt;/sys_package&gt;&lt;sys_policy/&gt;&lt;sys_replace_on_upgrade&gt;false&lt;/sys_replace_on_upgrade&gt;&lt;sys_scope display_value="Global"&gt;global&lt;/sys_scope&gt;&lt;sys_update_name&gt;sys_script_client_440c35dadbfc9f042dfc78a6ae961925&lt;/sys_update_name&gt;&lt;sys_updated_by&gt;shweta.hegde@capgemini.com&lt;/sys_updated_by&gt;&lt;sys_updated_on&gt;2018-03-14 14:00:11&lt;/sys_updated_on&gt;&lt;table&gt;change_request&lt;/table&gt;&lt;type&gt;onChange&lt;/type&gt;&lt;u_relate/&gt;&lt;u_relate_table/&gt;&lt;ui_type&gt;0&lt;/ui_type&gt;&lt;view/&gt;&lt;/sys_script_client&gt;&lt;/record_update&gt;</payload>
<remote_update_set display_value="A&amp;W Incident Management - LK - V34">f171f1eadbb09b04a8a37dfdae9619b2</remote_update_set>
<replace_on_upgrade>false</replace_on_upgrade>
<sys_created_by>lakshmi.kalatippi</sys_created_by>
<sys_created_on>2018-03-15 07:52:39</sys_created_on>
<sys_id>f1713d6adb349b04a8a37dfdae9619e5</sys_id>
<sys_mod_count>0</sys_mod_count>
<sys_updated_by>lakshmi.kalatippi</sys_updated_by>
<sys_updated_on>2018-03-15 07:52:39</sys_updated_on>
<table>change_request</table>
<target_name>Remove assigned_to A&amp;W</target_name>
<type>Client Script</type>
<update_domain>409c30addb8e8f0066e6f2f5ab9619e3</update_domain>
<update_set display_value=""/>
<view/>
</sys_update_xml>
<sys_update_xml action="INSERT_OR_UPDATE">
<action>INSERT_OR_UPDATE</action>
<application display_value="Global">global</application>
<category>customer</category>
<comments/>
<name>sys_script_client_0ceb3d9adbfc9f042dfc78a6ae96198f</name>
<payload>&lt;?xml version="1.0" encoding="UTF-8"?&gt;&lt;record_update sys_domain="409c30addb8e8f0066e6f2f5ab9619e3" table="sys_script_client"&gt;&lt;sys_script_client action="INSERT_OR_UPDATE"&gt;&lt;active&gt;true&lt;/active&gt;&lt;applies_extended&gt;false&lt;/applies_extended&gt;&lt;condition/&gt;&lt;description/&gt;&lt;field&gt;assignment_group&lt;/field&gt;&lt;global&gt;true&lt;/global&gt;&lt;messages/&gt;&lt;name&gt;Remove assigned_to A&amp;amp;W&lt;/name&gt;&lt;order/&gt;&lt;script&gt;&lt;![CDATA[function onChange(control, oldValue, newValue, isLoading, isTemplate) {
   if (isLoading || newValue === '') {
      return;
   }
	g_form.setValue('assigned_to',"");

   //Type appropriate comment here, and begin script below
   
}]]&gt;&lt;/script&gt;&lt;sys_class_name&gt;sys_script_client&lt;/sys_class_name&gt;&lt;sys_created_by&gt;shweta.hegde@capgemini.com&lt;/sys_created_by&gt;&lt;sys_created_on&gt;2018-03-14 13:59:38&lt;/sys_created_on&gt;&lt;sys_customer_update&gt;true&lt;/sys_customer_update&gt;&lt;sys_domain&gt;409c30addb8e8f0066e6f2f5ab9619e3&lt;/sys_domain&gt;&lt;sys_domain_path&gt;!!!/!!D/&lt;/sys_domain_path&gt;&lt;sys_id&gt;0ceb3d9adbfc9f042dfc78a6ae96198f&lt;/sys_id&gt;&lt;sys_mod_count&gt;0&lt;/sys_mod_count&gt;&lt;sys_name&gt;Remove assigned_to A&amp;amp;W&lt;/sys_name&gt;&lt;sys_overrides display_value=""&gt;global&lt;/sys_overrides&gt;&lt;sys_package display_value="Global" source="global"&gt;global&lt;/sys_package&gt;&lt;sys_policy/&gt;&lt;sys_replace_on_upgrade&gt;false&lt;/sys_replace_on_upgrade&gt;&lt;sys_scope display_value="Global"&gt;global&lt;/sys_scope&gt;&lt;sys_update_name&gt;sys_script_client_0ceb3d9adbfc9f042dfc78a6ae96198f&lt;/sys_update_name&gt;&lt;sys_updated_by&gt;shweta.hegde@capgemini.com&lt;/sys_updated_by&gt;&lt;sys_updated_on&gt;2018-03-14 13:59:38&lt;/sys_updated_on&gt;&lt;table&gt;problem&lt;/table&gt;&lt;type&gt;onChange&lt;/type&gt;&lt;u_relate/&gt;&lt;u_relate_table/&gt;&lt;ui_type&gt;0&lt;/ui_type&gt;&lt;view/&gt;&lt;/sys_script_client&gt;&lt;/record_update&gt;</payload>
<remote_update_set display_value="A&amp;W Incident Management - LK - V34">f171f1eadbb09b04a8a37dfdae9619b2</remote_update_set>
<replace_on_upgrade>false</replace_on_upgrade>
<sys_created_by>lakshmi.kalatippi</sys_created_by>
<sys_created_on>2018-03-15 07:52:39</sys_created_on>
<sys_id>f171f1eadbb09b04a8a37dfdae9619b3</sys_id>
<sys_mod_count>0</sys_mod_count>
<sys_updated_by>lakshmi.kalatippi</sys_updated_by>
<sys_updated_on>2018-03-15 07:52:39</sys_updated_on>
<table>problem</table>
<target_name>Remove assigned_to A&amp;W</target_name>
<type>Client Script</type>
<update_domain>409c30addb8e8f0066e6f2f5ab9619e3</update_domain>
<update_set display_value=""/>
<view/>
</sys_update_xml>
</unload>
