<?xml version="1.0" encoding="UTF-8"?>
<unload unload_date="2018-03-13 13:47:53">
<sys_remote_update_set action="INSERT_OR_UPDATE">
<application display_value="Global">global</application>
<application_name>Global</application_name>
<application_scope>global</application_scope>
<application_version/>
<collisions/>
<commit_date/>
<deleted/>
<description>For master field &amp; reopen incident requirement</description>
<inserted/>
<name>A&amp;W Incident Management - VS - V32</name>
<origin_sys_id/>
<release_date/>
<remote_sys_id>d0182331db341b04a8a37dfdae961927</remote_sys_id>
<state>loaded</state>
<summary/>
<sys_class_name>sys_remote_update_set</sys_class_name>
<sys_created_by>lakshmi.kalatippi</sys_created_by>
<sys_created_on>2018-03-13 13:47:53</sys_created_on>
<sys_id>0e9fe88edbf45f042dfc78a6ae96195e</sys_id>
<sys_mod_count>0</sys_mod_count>
<sys_updated_by>lakshmi.kalatippi</sys_updated_by>
<sys_updated_on>2018-03-13 13:47:53</sys_updated_on>
<update_set display_value=""/>
<update_source display_value=""/>
<updated/>
</sys_remote_update_set>
<sys_update_xml action="INSERT_OR_UPDATE">
<action>INSERT_OR_UPDATE</action>
<application display_value="Global">global</application>
<category>customer</category>
<comments/>
<name>sys_script_087ce84edbf45f042dfc78a6ae961991</name>
<payload>&lt;?xml version="1.0" encoding="UTF-8"?&gt;&lt;record_update sys_domain="409c30addb8e8f0066e6f2f5ab9619e3" table="sys_script"&gt;&lt;sys_script action="INSERT_OR_UPDATE"&gt;&lt;abort_action&gt;false&lt;/abort_action&gt;&lt;access&gt;package_private&lt;/access&gt;&lt;action_delete&gt;false&lt;/action_delete&gt;&lt;action_insert&gt;true&lt;/action_insert&gt;&lt;action_label/&gt;&lt;action_name/&gt;&lt;action_query&gt;false&lt;/action_query&gt;&lt;action_run_at&gt;server&lt;/action_run_at&gt;&lt;action_update&gt;true&lt;/action_update&gt;&lt;active&gt;true&lt;/active&gt;&lt;add_message&gt;false&lt;/add_message&gt;&lt;advanced&gt;true&lt;/advanced&gt;&lt;application/&gt;&lt;change_fields&gt;false&lt;/change_fields&gt;&lt;client_callable&gt;false&lt;/client_callable&gt;&lt;collection&gt;incident&lt;/collection&gt;&lt;condition&gt;current.incident_state.changesTo(IncidentState.CLOSED) &amp;amp;&amp;amp; current.knowledge == true&lt;/condition&gt;&lt;description/&gt;&lt;execute_function&gt;false&lt;/execute_function&gt;&lt;filter_condition/&gt;&lt;is_rest&gt;false&lt;/is_rest&gt;&lt;message/&gt;&lt;name&gt;Incident Create Knowledge&lt;/name&gt;&lt;onclick/&gt;&lt;order&gt;100&lt;/order&gt;&lt;priority&gt;100&lt;/priority&gt;&lt;read_access_action&gt;false&lt;/read_access_action&gt;&lt;rest_method/&gt;&lt;rest_method_text/&gt;&lt;rest_service/&gt;&lt;rest_service_text/&gt;&lt;rest_variables/&gt;&lt;role_conditions/&gt;&lt;script&gt;&lt;![CDATA[var sub = gs.getProperty('glide.knowman.submission.workflow');

if (sub == 'true')
    submitCandidate();
else
    submitDirect();

function submitDirect() {
    var kb = new GlideRecord("kb_knowledge");
    kb.source = current.sys_id;
    kb.short_description = current.short_description;
    kb.sys_domain = current.sys_domain;
    kb.text = current.comments.getHTMLValue();
    kb.workflow_state = 'draft';
	kb.kb_knowledge_base = gs.getProperty("glide.knowman.task_kb", "dfc19531bf2021003f07e2c1ac0739ab");
    kb.insert();
    gs.addInfoMessage(gs.getMessage('Knowledge Article created') + ':  ' + kb.number + ' ' + gs.getMessage('based on closure of Incident') + ': ' + current.number);
}

function submitCandidate() {
    var gr = new GlideRecord('kb_submission');
    gr.parent = current.sys_id;
	gr.topic = 'News';
    gr.short_description = current.short_description;
    gr.sys_domain = current.sys_domain;
    gr.text = current.comments.getHTMLValue();
    gr.insert();
    gs.addInfoMessage(gs.getMessage('Knowledge Submission created') + ':  ' + gr.number + ' ' + gs.getMessage('based on closure of Incident') + ': ' + current.number);

}]]&gt;&lt;/script&gt;&lt;sys_class_name&gt;sys_script&lt;/sys_class_name&gt;&lt;sys_created_by&gt;lakshmi.kalatippi&lt;/sys_created_by&gt;&lt;sys_created_on&gt;2018-03-13 13:34:05&lt;/sys_created_on&gt;&lt;sys_customer_update&gt;true&lt;/sys_customer_update&gt;&lt;sys_domain&gt;409c30addb8e8f0066e6f2f5ab9619e3&lt;/sys_domain&gt;&lt;sys_domain_path&gt;/&lt;/sys_domain_path&gt;&lt;sys_id&gt;087ce84edbf45f042dfc78a6ae961991&lt;/sys_id&gt;&lt;sys_mod_count&gt;0&lt;/sys_mod_count&gt;&lt;sys_name&gt;Incident Create Knowledge&lt;/sys_name&gt;&lt;sys_overrides display_value="Incident Create Knowledge"&gt;245748ecc61122aa016c02dffbff7464&lt;/sys_overrides&gt;&lt;sys_package display_value="Global" source="global"&gt;global&lt;/sys_package&gt;&lt;sys_policy/&gt;&lt;sys_replace_on_upgrade&gt;false&lt;/sys_replace_on_upgrade&gt;&lt;sys_scope display_value="Global"&gt;global&lt;/sys_scope&gt;&lt;sys_update_name&gt;sys_script_087ce84edbf45f042dfc78a6ae961991&lt;/sys_update_name&gt;&lt;sys_updated_by&gt;lakshmi.kalatippi&lt;/sys_updated_by&gt;&lt;sys_updated_on&gt;2018-03-13 13:34:05&lt;/sys_updated_on&gt;&lt;template/&gt;&lt;u_relate/&gt;&lt;u_relate_table/&gt;&lt;when&gt;after&lt;/when&gt;&lt;/sys_script&gt;&lt;/record_update&gt;</payload>
<remote_update_set display_value="A&amp;W Incident Management - VS - V32">0e9fe88edbf45f042dfc78a6ae96195e</remote_update_set>
<replace_on_upgrade>false</replace_on_upgrade>
<sys_created_by>lakshmi.kalatippi</sys_created_by>
<sys_created_on>2018-03-13 13:47:53</sys_created_on>
<sys_id>0a9fe88edbf45f042dfc78a6ae96195f</sys_id>
<sys_mod_count>0</sys_mod_count>
<sys_updated_by>lakshmi.kalatippi</sys_updated_by>
<sys_updated_on>2018-03-13 13:47:53</sys_updated_on>
<table>incident</table>
<target_name>Incident Create Knowledge</target_name>
<type>Business Rule</type>
<update_domain>409c30addb8e8f0066e6f2f5ab9619e3</update_domain>
<update_set display_value=""/>
<view/>
</sys_update_xml>
<sys_update_xml action="INSERT_OR_UPDATE">
<action>INSERT_OR_UPDATE</action>
<application display_value="Global">global</application>
<category>customer</category>
<comments/>
<name>sys_ui_related_incident_null_409c30addb8e8f0066e6f2f5ab9619e3</name>
<payload><![CDATA[<?xml version="1.0" encoding="UTF-8"?><record_update><sys_ui_related sys_domain="409c30addb8e8f0066e6f2f5ab9619e3" table="incident" version="2" view=""><sys_ui_related_list_entry action="INSERT_OR_UPDATE"><filter/><list_id display_value="Incident - Default view" name="incident" related_list="NULL" sys_domain="409c30addb8e8f0066e6f2f5ab9619e3" view="Default view">54153f39db341b04a8a37dfdae961966</list_id><order_by/><position>0</position><related_list>task_ci.task</related_list><sys_class_name>sys_ui_related_list_entry</sys_class_name><sys_created_by>virag.shah@capgemini.com</sys_created_by><sys_created_on>2018-03-13 09:32:11</sys_created_on><sys_id>14153f39db341b04a8a37dfdae961967</sys_id><sys_mod_count>0</sys_mod_count><sys_updated_by>virag.shah@capgemini.com</sys_updated_by><sys_updated_on>2018-03-13 09:32:11</sys_updated_on></sys_ui_related_list_entry><sys_ui_related_list_entry action="INSERT_OR_UPDATE"><filter/><list_id display_value="Incident - Default view" name="incident" related_list="NULL" sys_domain="409c30addb8e8f0066e6f2f5ab9619e3" view="Default view">54153f39db341b04a8a37dfdae961966</list_id><order_by/><position>1</position><related_list>task_sla.task</related_list><sys_class_name>sys_ui_related_list_entry</sys_class_name><sys_created_by>virag.shah@capgemini.com</sys_created_by><sys_created_on>2018-03-13 09:32:11</sys_created_on><sys_id>10153f39db341b04a8a37dfdae961968</sys_id><sys_mod_count>0</sys_mod_count><sys_updated_by>virag.shah@capgemini.com</sys_updated_by><sys_updated_on>2018-03-13 09:32:11</sys_updated_on></sys_ui_related_list_entry><sys_ui_related_list_entry action="INSERT_OR_UPDATE"><filter/><list_id display_value="Incident - Default view" name="incident" related_list="NULL" sys_domain="409c30addb8e8f0066e6f2f5ab9619e3" view="Default view">54153f39db341b04a8a37dfdae961966</list_id><order_by/><position>2</position><related_list>incident.u_a_w_master</related_list><sys_class_name>sys_ui_related_list_entry</sys_class_name><sys_created_by>virag.shah@capgemini.com</sys_created_by><sys_created_on>2018-03-13 09:32:11</sys_created_on><sys_id>14153f39db341b04a8a37dfdae961968</sys_id><sys_mod_count>0</sys_mod_count><sys_updated_by>virag.shah@capgemini.com</sys_updated_by><sys_updated_on>2018-03-13 09:32:11</sys_updated_on></sys_ui_related_list_entry><sys_ui_related_list action="INSERT_OR_UPDATE"><calculated_name>Incident - Default view</calculated_name><filter/><name>incident</name><order_by/><position/><related_list/><sys_class_name>sys_ui_related_list</sys_class_name><sys_created_by>virag.shah@capgemini.com</sys_created_by><sys_created_on>2018-03-13 09:32:11</sys_created_on><sys_customer_update>true</sys_customer_update><sys_domain>409c30addb8e8f0066e6f2f5ab9619e3</sys_domain><sys_domain_path>!!!/!!D/</sys_domain_path><sys_id>54153f39db341b04a8a37dfdae961966</sys_id><sys_mod_count>0</sys_mod_count><sys_name>Incident - Default view</sys_name><sys_package display_value="Global" source="global">global</sys_package><sys_policy/><sys_replace_on_upgrade>false</sys_replace_on_upgrade><sys_scope display_value="Global">global</sys_scope><sys_update_name>sys_ui_related_incident_null_409c30addb8e8f0066e6f2f5ab9619e3</sys_update_name><sys_updated_by>virag.shah@capgemini.com</sys_updated_by><sys_updated_on>2018-03-13 09:32:11</sys_updated_on><sys_user/><view display_value="Default view" name="NULL">Default view</view><view_name/></sys_ui_related_list></sys_ui_related></record_update>]]></payload>
<remote_update_set display_value="A&amp;W Incident Management - VS - V32">0e9fe88edbf45f042dfc78a6ae96195e</remote_update_set>
<replace_on_upgrade>false</replace_on_upgrade>
<sys_created_by>lakshmi.kalatippi</sys_created_by>
<sys_created_on>2018-03-13 13:47:53</sys_created_on>
<sys_id>0e9fe88edbf45f042dfc78a6ae961960</sys_id>
<sys_mod_count>0</sys_mod_count>
<sys_updated_by>lakshmi.kalatippi</sys_updated_by>
<sys_updated_on>2018-03-13 13:47:53</sys_updated_on>
<table>incident</table>
<target_name>Incident</target_name>
<type>Related Lists</type>
<update_domain>409c30addb8e8f0066e6f2f5ab9619e3</update_domain>
<update_set display_value=""/>
<view>Default view</view>
</sys_update_xml>
<sys_update_xml action="INSERT_OR_UPDATE">
<action>INSERT_OR_UPDATE</action>
<application display_value="Global">global</application>
<category>customer</category>
<comments/>
<name>sys_ui_action_c1ab68cadbf45f042dfc78a6ae9619c8</name>
<payload>&lt;?xml version="1.0" encoding="UTF-8"?&gt;&lt;record_update sys_domain="409c30addb8e8f0066e6f2f5ab9619e3" table="sys_ui_action"&gt;&lt;sys_ui_action action="INSERT_OR_UPDATE"&gt;&lt;action_name/&gt;&lt;active&gt;true&lt;/active&gt;&lt;client&gt;false&lt;/client&gt;&lt;comments/&gt;&lt;condition&gt;current.incident_state == 6&lt;/condition&gt;&lt;form_action&gt;true&lt;/form_action&gt;&lt;form_button&gt;true&lt;/form_button&gt;&lt;form_context_menu&gt;false&lt;/form_context_menu&gt;&lt;form_link&gt;false&lt;/form_link&gt;&lt;hint/&gt;&lt;list_action&gt;false&lt;/list_action&gt;&lt;list_banner_button&gt;false&lt;/list_banner_button&gt;&lt;list_button&gt;false&lt;/list_button&gt;&lt;list_choice&gt;false&lt;/list_choice&gt;&lt;list_context_menu&gt;false&lt;/list_context_menu&gt;&lt;list_link&gt;false&lt;/list_link&gt;&lt;list_save_with_form_button&gt;false&lt;/list_save_with_form_button&gt;&lt;name&gt;Reopen Incident&lt;/name&gt;&lt;onclick/&gt;&lt;order&gt;100&lt;/order&gt;&lt;script&gt;&lt;![CDATA[current.incident_state = 2;
if(current.isValidRecord()) {
// this is when close is called as an update, just update it
current.update();
} else {
// and insert the record
current.insert();
}
]]&gt;&lt;/script&gt;&lt;show_insert&gt;true&lt;/show_insert&gt;&lt;show_multiple_update&gt;false&lt;/show_multiple_update&gt;&lt;show_query&gt;false&lt;/show_query&gt;&lt;show_update&gt;true&lt;/show_update&gt;&lt;sys_class_name&gt;sys_ui_action&lt;/sys_class_name&gt;&lt;sys_created_by&gt;lakshmi.kalatippi&lt;/sys_created_by&gt;&lt;sys_created_on&gt;2018-03-13 13:30:37&lt;/sys_created_on&gt;&lt;sys_customer_update&gt;true&lt;/sys_customer_update&gt;&lt;sys_domain&gt;409c30addb8e8f0066e6f2f5ab9619e3&lt;/sys_domain&gt;&lt;sys_domain_path&gt;/&lt;/sys_domain_path&gt;&lt;sys_id&gt;c1ab68cadbf45f042dfc78a6ae9619c8&lt;/sys_id&gt;&lt;sys_mod_count&gt;0&lt;/sys_mod_count&gt;&lt;sys_name&gt;Reopen Incident&lt;/sys_name&gt;&lt;sys_overrides display_value="Reopen Incident"&gt;222d88db4a362324008519682bf2d11c&lt;/sys_overrides&gt;&lt;sys_package display_value="Global" source="global"&gt;global&lt;/sys_package&gt;&lt;sys_policy/&gt;&lt;sys_replace_on_upgrade&gt;false&lt;/sys_replace_on_upgrade&gt;&lt;sys_scope display_value="Global"&gt;global&lt;/sys_scope&gt;&lt;sys_update_name&gt;sys_ui_action_c1ab68cadbf45f042dfc78a6ae9619c8&lt;/sys_update_name&gt;&lt;sys_updated_by&gt;lakshmi.kalatippi&lt;/sys_updated_by&gt;&lt;sys_updated_on&gt;2018-03-13 13:30:37&lt;/sys_updated_on&gt;&lt;table&gt;incident&lt;/table&gt;&lt;u_relate/&gt;&lt;u_relate_table/&gt;&lt;ui11_compatible&gt;true&lt;/ui11_compatible&gt;&lt;ui16_compatible&gt;false&lt;/ui16_compatible&gt;&lt;/sys_ui_action&gt;&lt;/record_update&gt;</payload>
<remote_update_set display_value="A&amp;W Incident Management - VS - V32">0e9fe88edbf45f042dfc78a6ae96195e</remote_update_set>
<replace_on_upgrade>false</replace_on_upgrade>
<sys_created_by>lakshmi.kalatippi</sys_created_by>
<sys_created_on>2018-03-13 13:47:53</sys_created_on>
<sys_id>4a9fe88edbf45f042dfc78a6ae961960</sys_id>
<sys_mod_count>0</sys_mod_count>
<sys_updated_by>lakshmi.kalatippi</sys_updated_by>
<sys_updated_on>2018-03-13 13:47:53</sys_updated_on>
<table>incident</table>
<target_name>Reopen Incident</target_name>
<type>UI Action</type>
<update_domain>409c30addb8e8f0066e6f2f5ab9619e3</update_domain>
<update_set display_value=""/>
<view/>
</sys_update_xml>
<sys_update_xml action="INSERT_OR_UPDATE">
<action>INSERT_OR_UPDATE</action>
<application display_value="Global">global</application>
<category>customer</category>
<comments/>
<name>sys_ui_action_0369c82edbb24f40a8a37dfdae9619f5</name>
<payload>&lt;?xml version="1.0" encoding="UTF-8"?&gt;&lt;record_update sys_domain="409c30addb8e8f0066e6f2f5ab9619e3" table="sys_ui_action"&gt;&lt;sys_ui_action action="INSERT_OR_UPDATE"&gt;&lt;action_name&gt;Create KB Article&lt;/action_name&gt;&lt;active&gt;true&lt;/active&gt;&lt;client&gt;false&lt;/client&gt;&lt;comments&gt;Click to create KB article from a incident&lt;/comments&gt;&lt;condition&gt;current.incident_state == 6  &amp;amp;&amp;amp;  gs.hasRole("itil")&lt;/condition&gt;&lt;form_action&gt;true&lt;/form_action&gt;&lt;form_button&gt;true&lt;/form_button&gt;&lt;form_context_menu&gt;false&lt;/form_context_menu&gt;&lt;form_link&gt;false&lt;/form_link&gt;&lt;hint/&gt;&lt;list_action&gt;false&lt;/list_action&gt;&lt;list_banner_button&gt;false&lt;/list_banner_button&gt;&lt;list_button&gt;false&lt;/list_button&gt;&lt;list_choice&gt;false&lt;/list_choice&gt;&lt;list_context_menu&gt;false&lt;/list_context_menu&gt;&lt;list_link&gt;false&lt;/list_link&gt;&lt;list_save_with_form_button&gt;false&lt;/list_save_with_form_button&gt;&lt;name&gt;Incident to Knowledge&lt;/name&gt;&lt;onclick/&gt;&lt;order&gt;100&lt;/order&gt;&lt;script&gt;&lt;![CDATA[var kb = new GlideRecord("kb_submission");
kb.initialize();
//kb.topic = 'Customer Support Useful Solutions';
kb.workflow_state = 'draft';
kb.roles = kb.roles + ",public";
kb.topic = 'News';
//kb.u_version = current.u_customer_ci.u_snc_version;
 
/*var body = "&lt;b&gt;Affected Release:&lt;/b&gt; " + current.u_customer_ci.u_snc_version.name //prints instance version
var body = body + "&lt;b&gt;Error:&lt;/b&gt; (error text here if applicable)&lt;br&gt;&lt;br&gt;"; */
var body = "[Short Description of Issue] "+current.short_description;
//body = body + "&lt;b&gt;&lt;i&gt;Solution:&lt;/i&gt;&lt;/b&gt; [detail solution here]&lt;br&gt;&lt;br&gt;&lt;br&gt;";
body = body + "&lt;br&gt;&lt;br&gt;&lt;b&gt;Comments Copied from the Incident:&lt;/b&gt;&lt;br&gt;&lt;br&gt;";
 
var add_comments = current.comments.getJournalEntry(-1); //gets all journal entries as a string where each entry is delimited by '\n\n'
var ac = add_comments.split("\n\n"); //stores each entry into an array of strings
for (var i = 0; i &lt; ac.length; i++)
body = body + ac[i] + "&lt;br&gt;&lt;br&gt;";
 
body = body + "&lt;b&gt;Work Notes Copied from the Incident:&lt;/b&gt;&lt;br&gt;&lt;br&gt;";
 
var worknotes = current.work_notes.getJournalEntry(-1); //gets all journal entries as a string where each entry is delimited by '\n\n'
var wn = worknotes.split("\n\n"); //stores each entry into an array of strings
for (var i = 0; i &lt; wn.length; i++)
body = body + wn[i] + "&lt;br&gt;&lt;br&gt;";
 
kb.text.setValue(body);
var sysID = kb.insert();
 
current.u_knowledge_base = sysID;
current.update();
 
gs.addInfoMessage("KB Submission Article " + kb.number + " created");
action.setRedirectURL(kb);
action.setReturnURL(current);]]&gt;&lt;/script&gt;&lt;show_insert&gt;true&lt;/show_insert&gt;&lt;show_multiple_update&gt;false&lt;/show_multiple_update&gt;&lt;show_query&gt;false&lt;/show_query&gt;&lt;show_update&gt;true&lt;/show_update&gt;&lt;sys_class_name&gt;sys_ui_action&lt;/sys_class_name&gt;&lt;sys_created_by&gt;lakshmi.kalatippi@capgemini.com&lt;/sys_created_by&gt;&lt;sys_created_on&gt;2017-12-05 14:12:29&lt;/sys_created_on&gt;&lt;sys_customer_update&gt;true&lt;/sys_customer_update&gt;&lt;sys_domain&gt;409c30addb8e8f0066e6f2f5ab9619e3&lt;/sys_domain&gt;&lt;sys_domain_path&gt;!!!/!!D/&lt;/sys_domain_path&gt;&lt;sys_id&gt;0369c82edbb24f40a8a37dfdae9619f5&lt;/sys_id&gt;&lt;sys_mod_count&gt;14&lt;/sys_mod_count&gt;&lt;sys_name&gt;Incident to Knowledge&lt;/sys_name&gt;&lt;sys_overrides display_value="Incident to Knowledge"&gt;a664fa354a36232401687a18a2890335&lt;/sys_overrides&gt;&lt;sys_package display_value="Global" source="global"&gt;global&lt;/sys_package&gt;&lt;sys_policy/&gt;&lt;sys_replace_on_upgrade&gt;false&lt;/sys_replace_on_upgrade&gt;&lt;sys_scope display_value="Global"&gt;global&lt;/sys_scope&gt;&lt;sys_update_name&gt;sys_ui_action_0369c82edbb24f40a8a37dfdae9619f5&lt;/sys_update_name&gt;&lt;sys_updated_by&gt;lakshmi.kalatippi&lt;/sys_updated_by&gt;&lt;sys_updated_on&gt;2018-03-13 13:35:55&lt;/sys_updated_on&gt;&lt;table&gt;incident&lt;/table&gt;&lt;u_relate/&gt;&lt;u_relate_table/&gt;&lt;ui11_compatible&gt;true&lt;/ui11_compatible&gt;&lt;ui16_compatible&gt;false&lt;/ui16_compatible&gt;&lt;/sys_ui_action&gt;&lt;/record_update&gt;</payload>
<remote_update_set display_value="A&amp;W Incident Management - VS - V32">0e9fe88edbf45f042dfc78a6ae96195e</remote_update_set>
<replace_on_upgrade>false</replace_on_upgrade>
<sys_created_by>lakshmi.kalatippi</sys_created_by>
<sys_created_on>2018-03-13 13:47:53</sys_created_on>
<sys_id>869fe88edbf45f042dfc78a6ae961960</sys_id>
<sys_mod_count>0</sys_mod_count>
<sys_updated_by>lakshmi.kalatippi</sys_updated_by>
<sys_updated_on>2018-03-13 13:47:53</sys_updated_on>
<table>incident</table>
<target_name>Incident to Knowledge</target_name>
<type>UI Action</type>
<update_domain>409c30addb8e8f0066e6f2f5ab9619e3</update_domain>
<update_set display_value=""/>
<view/>
</sys_update_xml>
<sys_update_xml action="INSERT_OR_UPDATE">
<action>INSERT_OR_UPDATE</action>
<application display_value="Global">global</application>
<category>customer</category>
<comments/>
<name>sys_script_e925bf39db341b04a8a37dfdae96192e</name>
<payload>&lt;?xml version="1.0" encoding="UTF-8"?&gt;&lt;record_update sys_domain="409c30addb8e8f0066e6f2f5ab9619e3" table="sys_script"&gt;&lt;sys_script action="INSERT_OR_UPDATE"&gt;&lt;abort_action&gt;false&lt;/abort_action&gt;&lt;access&gt;package_private&lt;/access&gt;&lt;action_delete&gt;false&lt;/action_delete&gt;&lt;action_insert&gt;false&lt;/action_insert&gt;&lt;action_label/&gt;&lt;action_name/&gt;&lt;action_query&gt;false&lt;/action_query&gt;&lt;action_run_at&gt;server&lt;/action_run_at&gt;&lt;action_update&gt;true&lt;/action_update&gt;&lt;active&gt;true&lt;/active&gt;&lt;add_message&gt;false&lt;/add_message&gt;&lt;advanced&gt;true&lt;/advanced&gt;&lt;application/&gt;&lt;change_fields&gt;false&lt;/change_fields&gt;&lt;client_callable&gt;false&lt;/client_callable&gt;&lt;collection&gt;incident&lt;/collection&gt;&lt;condition/&gt;&lt;description/&gt;&lt;execute_function&gt;false&lt;/execute_function&gt;&lt;filter_condition/&gt;&lt;is_rest&gt;false&lt;/is_rest&gt;&lt;message/&gt;&lt;name&gt;Resolve Child Incident on Master Resolve&lt;/name&gt;&lt;onclick/&gt;&lt;order&gt;100&lt;/order&gt;&lt;priority&gt;100&lt;/priority&gt;&lt;read_access_action&gt;false&lt;/read_access_action&gt;&lt;rest_method/&gt;&lt;rest_method_text/&gt;&lt;rest_service/&gt;&lt;rest_service_text/&gt;&lt;rest_variables/&gt;&lt;role_conditions/&gt;&lt;script&gt;&lt;![CDATA[(function executeRule(current, previous /*null when async*/) {
	
	var gr = new GlideRecord('incident');
	gr.addNotNullQuery('u_a_w_master');
	gr.addQuery('sys_domain','409c30addb8e8f0066e6f2f5ab9619e3');
	gr.addQuery('incident_state','!=',6).addOrCondition('incident_state','!=',7);
	gr.addQuery('u_a_w_master', current.sys_id);
	gr.query();
	while(gr.next()){
		gr.incident_state = 6;
		gr.close_notes = current.close_notes;
		gr.close_code = current.close_code;
		gr.comments = "Resolved this incident based on Master Incident: " + current.number;
		gr.update();
	}
	
})(current, previous);]]&gt;&lt;/script&gt;&lt;sys_class_name&gt;sys_script&lt;/sys_class_name&gt;&lt;sys_created_by&gt;virag.shah@capgemini.com&lt;/sys_created_by&gt;&lt;sys_created_on&gt;2018-03-13 09:33:27&lt;/sys_created_on&gt;&lt;sys_customer_update&gt;true&lt;/sys_customer_update&gt;&lt;sys_domain&gt;409c30addb8e8f0066e6f2f5ab9619e3&lt;/sys_domain&gt;&lt;sys_domain_path&gt;!!!/!!D/&lt;/sys_domain_path&gt;&lt;sys_id&gt;e925bf39db341b04a8a37dfdae96192e&lt;/sys_id&gt;&lt;sys_mod_count&gt;5&lt;/sys_mod_count&gt;&lt;sys_name&gt;Resolve Child Incident on Master Resolve&lt;/sys_name&gt;&lt;sys_overrides/&gt;&lt;sys_package display_value="Global" source="global"&gt;global&lt;/sys_package&gt;&lt;sys_policy/&gt;&lt;sys_replace_on_upgrade&gt;false&lt;/sys_replace_on_upgrade&gt;&lt;sys_scope display_value="Global"&gt;global&lt;/sys_scope&gt;&lt;sys_update_name&gt;sys_script_e925bf39db341b04a8a37dfdae96192e&lt;/sys_update_name&gt;&lt;sys_updated_by&gt;virag.shah@capgemini.com&lt;/sys_updated_by&gt;&lt;sys_updated_on&gt;2018-03-13 10:22:24&lt;/sys_updated_on&gt;&lt;template/&gt;&lt;u_relate/&gt;&lt;u_relate_table/&gt;&lt;when&gt;after&lt;/when&gt;&lt;/sys_script&gt;&lt;/record_update&gt;</payload>
<remote_update_set display_value="A&amp;W Incident Management - VS - V32">0e9fe88edbf45f042dfc78a6ae96195e</remote_update_set>
<replace_on_upgrade>false</replace_on_upgrade>
<sys_created_by>lakshmi.kalatippi</sys_created_by>
<sys_created_on>2018-03-13 13:47:53</sys_created_on>
<sys_id>c29fe88edbf45f042dfc78a6ae961960</sys_id>
<sys_mod_count>0</sys_mod_count>
<sys_updated_by>lakshmi.kalatippi</sys_updated_by>
<sys_updated_on>2018-03-13 13:47:53</sys_updated_on>
<table>incident</table>
<target_name>Resolve Child Incident on Master Resolve</target_name>
<type>Business Rule</type>
<update_domain>409c30addb8e8f0066e6f2f5ab9619e3</update_domain>
<update_set display_value=""/>
<view/>
</sys_update_xml>
</unload>
