<?xml version="1.0" encoding="UTF-8"?>
<unload unload_date="2018-03-05 11:44:37">
<sys_remote_update_set action="INSERT_OR_UPDATE">
<application display_value="Global">global</application>
<application_name>Global</application_name>
<application_scope>global</application_scope>
<application_version/>
<collisions/>
<commit_date/>
<deleted/>
<description>For deleting  incident restaurant field.</description>
<inserted/>
<name>A&amp;W  Incident Management - LK - V22</name>
<origin_sys_id/>
<release_date/>
<remote_sys_id>e7ff4a5fdbe853042dfc78a6ae961910</remote_sys_id>
<state>loaded</state>
<summary/>
<sys_class_name>sys_remote_update_set</sys_class_name>
<sys_created_by>lakshmi.kalatippi</sys_created_by>
<sys_created_on>2018-03-05 11:44:36</sys_created_on>
<sys_id>96a68b93dbe093042dfc78a6ae9619bc</sys_id>
<sys_mod_count>0</sys_mod_count>
<sys_updated_by>lakshmi.kalatippi</sys_updated_by>
<sys_updated_on>2018-03-05 11:44:36</sys_updated_on>
<update_set display_value=""/>
<update_source display_value=""/>
<updated/>
</sys_remote_update_set>
</unload>
