<?xml version="1.0" encoding="UTF-8"?>
<unload unload_date="2018-03-05 11:51:44">
<sys_remote_update_set action="INSERT_OR_UPDATE">
<application display_value="Global">global</application>
<application_name>Global</application_name>
<application_scope>global</application_scope>
<application_version/>
<collisions/>
<commit_date/>
<deleted/>
<description/>
<inserted/>
<name>A&amp;W Incident Management - LK - V5</name>
<origin_sys_id/>
<release_date/>
<remote_sys_id>c570ea20db7fc7002dfc78a6ae961900</remote_sys_id>
<state>loaded</state>
<summary/>
<sys_class_name>sys_remote_update_set</sys_class_name>
<sys_created_by>lakshmi.kalatippi</sys_created_by>
<sys_created_on>2018-03-05 11:51:44</sys_created_on>
<sys_id>ee484717dbe093042dfc78a6ae96197c</sys_id>
<sys_mod_count>0</sys_mod_count>
<sys_updated_by>lakshmi.kalatippi</sys_updated_by>
<sys_updated_on>2018-03-05 11:51:44</sys_updated_on>
<update_set display_value=""/>
<update_source display_value=""/>
<updated/>
</sys_remote_update_set>
<sys_update_xml action="INSERT_OR_UPDATE">
<action>INSERT_OR_UPDATE</action>
<application display_value="Global">global</application>
<category>customer</category>
<comments/>
<name>sys_security_acl_role_c67537f0db734b002dfc78a6ae96190d</name>
<payload><![CDATA[<?xml version="1.0" encoding="UTF-8"?><record_update table="sys_security_acl_role"><sys_security_acl_role action="INSERT_OR_UPDATE"><sys_class_name>sys_security_acl_role</sys_class_name><sys_created_by>lakshmi.kalatippi</sys_created_by><sys_created_on>2018-01-19 13:57:27</sys_created_on><sys_customer_update>true</sys_customer_update><sys_id>c67537f0db734b002dfc78a6ae96190d</sys_id><sys_mod_count>0</sys_mod_count><sys_name>task.u_restaurant_aw.A&amp;W ITIL</sys_name><sys_package display_value="Global" source="global">global</sys_package><sys_policy/><sys_replace_on_upgrade>false</sys_replace_on_upgrade><sys_scope display_value="Global">global</sys_scope><sys_security_acl display_value="task.u_restaurant_aw">1334b6a4dbbfc7002dfc78a6ae96194b</sys_security_acl><sys_update_name>sys_security_acl_role_c67537f0db734b002dfc78a6ae96190d</sys_update_name><sys_updated_by>lakshmi.kalatippi</sys_updated_by><sys_updated_on>2018-01-19 13:57:27</sys_updated_on><sys_user_role display_value="A&amp;W ITIL" name="A&amp;W ITIL">f4bd3857db0b07402dfc78a6ae9619fc</sys_user_role><transaction_id/></sys_security_acl_role></record_update>]]></payload>
<remote_update_set display_value="A&amp;W Incident Management - LK - V5">ee484717dbe093042dfc78a6ae96197c</remote_update_set>
<replace_on_upgrade>false</replace_on_upgrade>
<sys_created_by>lakshmi.kalatippi</sys_created_by>
<sys_created_on>2018-03-05 11:51:44</sys_created_on>
<sys_id>22484717dbe093042dfc78a6ae96197f</sys_id>
<sys_mod_count>0</sys_mod_count>
<sys_updated_by>lakshmi.kalatippi</sys_updated_by>
<sys_updated_on>2018-03-05 11:51:44</sys_updated_on>
<table>task.u_restaurant_aw</table>
<target_name>task.u_restaurant_aw.A&amp;W ITIL</target_name>
<type>Access Roles</type>
<update_domain/>
<update_set display_value=""/>
<view/>
</sys_update_xml>
<sys_update_xml action="INSERT_OR_UPDATE">
<action>INSERT_OR_UPDATE</action>
<application display_value="Global">global</application>
<category>customer</category>
<comments/>
<name>sys_script_4df8f96cdbbbc7002dfc78a6ae961947</name>
<payload>&lt;?xml version="1.0" encoding="UTF-8"?&gt;&lt;record_update sys_domain="409c30addb8e8f0066e6f2f5ab9619e3" table="sys_script"&gt;&lt;sys_script action="INSERT_OR_UPDATE"&gt;&lt;abort_action&gt;false&lt;/abort_action&gt;&lt;access&gt;package_private&lt;/access&gt;&lt;action_delete&gt;false&lt;/action_delete&gt;&lt;action_insert&gt;false&lt;/action_insert&gt;&lt;action_label/&gt;&lt;action_name/&gt;&lt;action_query&gt;false&lt;/action_query&gt;&lt;action_run_at&gt;server&lt;/action_run_at&gt;&lt;action_update&gt;true&lt;/action_update&gt;&lt;active&gt;true&lt;/active&gt;&lt;add_message&gt;true&lt;/add_message&gt;&lt;advanced&gt;true&lt;/advanced&gt;&lt;application/&gt;&lt;change_fields&gt;false&lt;/change_fields&gt;&lt;client_callable&gt;false&lt;/client_callable&gt;&lt;collection&gt;incident&lt;/collection&gt;&lt;condition&gt;current.incident_state == 6 || current.incident_state == 7 || current.incident_state == 705&lt;/condition&gt;&lt;description/&gt;&lt;execute_function&gt;false&lt;/execute_function&gt;&lt;filter_condition table="incident"&gt;incident_stateCHANGESTO705^ORincident_state=705^EQ&lt;item endquery="false" field="incident_state" goto="false" newquery="false" operator="CHANGESTO" or="false" value="705"/&gt;&lt;item endquery="false" field="incident_state" goto="false" newquery="false" operator="=" or="true" value="705"/&gt;&lt;item endquery="true" field="" goto="false" newquery="false" operator="=" or="false" value=""/&gt;&lt;/filter_condition&gt;&lt;is_rest&gt;false&lt;/is_rest&gt;&lt;message&gt;&lt;![CDATA[&lt;p&gt;cancelling incident Number: ${number}&lt;/p&gt;]]&gt;&lt;/message&gt;&lt;name&gt;A&amp;amp;W_mark closed&lt;/name&gt;&lt;onclick/&gt;&lt;order&gt;100&lt;/order&gt;&lt;priority&gt;100&lt;/priority&gt;&lt;read_access_action&gt;false&lt;/read_access_action&gt;&lt;rest_method/&gt;&lt;rest_method_text/&gt;&lt;rest_service/&gt;&lt;rest_service_text/&gt;&lt;rest_variables/&gt;&lt;role_conditions/&gt;&lt;script&gt;&lt;![CDATA[// (function executeRule(current, previous /*null when async*/) {
// 	current.active = false;
// 	// Add your code here
	
// })(current, previous);]]&gt;&lt;/script&gt;&lt;sys_class_name&gt;sys_script&lt;/sys_class_name&gt;&lt;sys_created_by&gt;rkulshreshtha&lt;/sys_created_by&gt;&lt;sys_created_on&gt;2018-01-18 10:17:40&lt;/sys_created_on&gt;&lt;sys_customer_update&gt;true&lt;/sys_customer_update&gt;&lt;sys_domain&gt;409c30addb8e8f0066e6f2f5ab9619e3&lt;/sys_domain&gt;&lt;sys_domain_path&gt;!!!/!!D/&lt;/sys_domain_path&gt;&lt;sys_id&gt;4df8f96cdbbbc7002dfc78a6ae961947&lt;/sys_id&gt;&lt;sys_mod_count&gt;20&lt;/sys_mod_count&gt;&lt;sys_name&gt;A&amp;amp;W_mark closed&lt;/sys_name&gt;&lt;sys_overrides/&gt;&lt;sys_package display_value="Global" source="global"&gt;global&lt;/sys_package&gt;&lt;sys_policy/&gt;&lt;sys_replace_on_upgrade&gt;false&lt;/sys_replace_on_upgrade&gt;&lt;sys_scope display_value="Global"&gt;global&lt;/sys_scope&gt;&lt;sys_update_name&gt;sys_script_4df8f96cdbbbc7002dfc78a6ae961947&lt;/sys_update_name&gt;&lt;sys_updated_by&gt;lakshmi.kalatippi&lt;/sys_updated_by&gt;&lt;sys_updated_on&gt;2018-01-18 12:59:58&lt;/sys_updated_on&gt;&lt;template&gt;active=false^EQ&lt;/template&gt;&lt;u_relate/&gt;&lt;u_relate_table/&gt;&lt;when&gt;before&lt;/when&gt;&lt;/sys_script&gt;&lt;/record_update&gt;</payload>
<remote_update_set display_value="A&amp;W Incident Management - LK - V5">ee484717dbe093042dfc78a6ae96197c</remote_update_set>
<replace_on_upgrade>false</replace_on_upgrade>
<sys_created_by>lakshmi.kalatippi</sys_created_by>
<sys_created_on>2018-03-05 11:51:44</sys_created_on>
<sys_id>26484717dbe093042dfc78a6ae96197e</sys_id>
<sys_mod_count>0</sys_mod_count>
<sys_updated_by>lakshmi.kalatippi</sys_updated_by>
<sys_updated_on>2018-03-05 11:51:44</sys_updated_on>
<table>incident</table>
<target_name>A&amp;W_mark closed</target_name>
<type>Business Rule</type>
<update_domain>409c30addb8e8f0066e6f2f5ab9619e3</update_domain>
<update_set display_value=""/>
<view/>
</sys_update_xml>
<sys_update_xml action="INSERT_OR_UPDATE">
<action>INSERT_OR_UPDATE</action>
<application display_value="Global">global</application>
<category>customer</category>
<comments/>
<name>sys_process_flow_6dacdf29db63cb04a8a37dfdae9619cd</name>
<payload><![CDATA[<?xml version="1.0" encoding="UTF-8"?><record_update sys_domain="409c30addb8e8f0066e6f2f5ab9619e3" table="sys_process_flow"><sys_process_flow action="INSERT_OR_UPDATE"><active>true</active><condition table="incident">incident_state=14^EQ<item endquery="false" field="incident_state" goto="false" newquery="false" operator="=" or="false" value="14"/><item endquery="true" field="" goto="false" newquery="false" operator="=" or="false" value=""/></condition><description/><label>Pending with Vendor</label><name>Pending with Vendor</name><order>250</order><sys_class_name>sys_process_flow</sys_class_name><sys_created_by>lakshmi.kalatippi@capgemini.com</sys_created_by><sys_created_on>2018-01-09 09:49:39</sys_created_on><sys_customer_update>true</sys_customer_update><sys_domain>409c30addb8e8f0066e6f2f5ab9619e3</sys_domain><sys_domain_path>!!!/!!D/</sys_domain_path><sys_id>6dacdf29db63cb04a8a37dfdae9619cd</sys_id><sys_mod_count>2</sys_mod_count><sys_name>Pending with Vendor</sys_name><sys_package display_value="Global" source="global">global</sys_package><sys_policy/><sys_replace_on_upgrade>false</sys_replace_on_upgrade><sys_scope display_value="Global">global</sys_scope><sys_update_name>sys_process_flow_6dacdf29db63cb04a8a37dfdae9619cd</sys_update_name><sys_updated_by>lakshmi.kalatippi</sys_updated_by><sys_updated_on>2018-01-22 08:17:17</sys_updated_on><table>incident</table></sys_process_flow></record_update>]]></payload>
<remote_update_set display_value="A&amp;W Incident Management - LK - V5">ee484717dbe093042dfc78a6ae96197c</remote_update_set>
<replace_on_upgrade>false</replace_on_upgrade>
<sys_created_by>lakshmi.kalatippi</sys_created_by>
<sys_created_on>2018-03-05 11:51:44</sys_created_on>
<sys_id>62484717dbe093042dfc78a6ae96197e</sys_id>
<sys_mod_count>0</sys_mod_count>
<sys_updated_by>lakshmi.kalatippi</sys_updated_by>
<sys_updated_on>2018-03-05 11:51:44</sys_updated_on>
<table>incident</table>
<target_name>Pending with Vendor</target_name>
<type>Flow Formatter</type>
<update_domain>409c30addb8e8f0066e6f2f5ab9619e3</update_domain>
<update_set display_value=""/>
<view/>
</sys_update_xml>
<sys_update_xml action="INSERT_OR_UPDATE">
<action>INSERT_OR_UPDATE</action>
<application display_value="Global">global</application>
<category>customer</category>
<comments/>
<name>sys_ui_section_ccb61d1bdb4b07402dfc78a6ae9619e6</name>
<payload><![CDATA[<?xml version="1.0" encoding="UTF-8"?><record_update><sys_ui_section caption="" section_id="ccb61d1bdb4b07402dfc78a6ae9619e6" sys_domain="409c30addb8e8f0066e6f2f5ab9619e3" table="incident" version="3" view="ess"><sys_ui_element action="INSERT_OR_UPDATE"><element>.begin_split</element><position>0</position><sys_created_by>lakshmi.kalatippi</sys_created_by><sys_created_on>2018-01-19 13:37:30</sys_created_on><sys_id>c5f0bffcdb334b002dfc78a6ae96197c</sys_id><sys_mod_count>0</sys_mod_count><sys_ui_formatter/><sys_ui_section caption="NULL" display_value="" name="incident" sys_domain="409c30addb8e8f0066e6f2f5ab9619e3" view="267529324a36230601e022869ee28f59">ccb61d1bdb4b07402dfc78a6ae9619e6</sys_ui_section><sys_updated_by>lakshmi.kalatippi</sys_updated_by><sys_updated_on>2018-01-19 13:37:30</sys_updated_on><sys_user/><type>.begin_split</type></sys_ui_element><sys_ui_element action="INSERT_OR_UPDATE"><element>number</element><position>1</position><sys_created_by>lakshmi.kalatippi</sys_created_by><sys_created_on>2018-01-19 13:37:30</sys_created_on><sys_id>49f0bffcdb334b002dfc78a6ae96197c</sys_id><sys_mod_count>0</sys_mod_count><sys_ui_formatter/><sys_ui_section caption="NULL" display_value="" name="incident" sys_domain="409c30addb8e8f0066e6f2f5ab9619e3" view="267529324a36230601e022869ee28f59">ccb61d1bdb4b07402dfc78a6ae9619e6</sys_ui_section><sys_updated_by>lakshmi.kalatippi</sys_updated_by><sys_updated_on>2018-01-19 13:37:30</sys_updated_on><sys_user/><type/></sys_ui_element><sys_ui_element action="INSERT_OR_UPDATE"><element>caller_id</element><position>2</position><sys_created_by>lakshmi.kalatippi</sys_created_by><sys_created_on>2018-01-19 13:37:30</sys_created_on><sys_id>c9f0bffcdb334b002dfc78a6ae96197c</sys_id><sys_mod_count>0</sys_mod_count><sys_ui_formatter/><sys_ui_section caption="NULL" display_value="" name="incident" sys_domain="409c30addb8e8f0066e6f2f5ab9619e3" view="267529324a36230601e022869ee28f59">ccb61d1bdb4b07402dfc78a6ae9619e6</sys_ui_section><sys_updated_by>lakshmi.kalatippi</sys_updated_by><sys_updated_on>2018-01-19 13:37:30</sys_updated_on><sys_user/><type/></sys_ui_element><sys_ui_element action="INSERT_OR_UPDATE"><element>u_restaurant_aw</element><position>3</position><sys_created_by>lakshmi.kalatippi</sys_created_by><sys_created_on>2018-01-19 13:37:30</sys_created_on><sys_id>4df0bffcdb334b002dfc78a6ae96197c</sys_id><sys_mod_count>0</sys_mod_count><sys_ui_formatter/><sys_ui_section caption="NULL" display_value="" name="incident" sys_domain="409c30addb8e8f0066e6f2f5ab9619e3" view="267529324a36230601e022869ee28f59">ccb61d1bdb4b07402dfc78a6ae9619e6</sys_ui_section><sys_updated_by>lakshmi.kalatippi</sys_updated_by><sys_updated_on>2018-01-19 13:37:30</sys_updated_on><sys_user/><type/></sys_ui_element><sys_ui_element action="INSERT_OR_UPDATE"><element>category</element><position>4</position><sys_created_by>lakshmi.kalatippi</sys_created_by><sys_created_on>2018-01-19 13:37:30</sys_created_on><sys_id>cdf0bffcdb334b002dfc78a6ae96197c</sys_id><sys_mod_count>0</sys_mod_count><sys_ui_formatter/><sys_ui_section caption="NULL" display_value="" name="incident" sys_domain="409c30addb8e8f0066e6f2f5ab9619e3" view="267529324a36230601e022869ee28f59">ccb61d1bdb4b07402dfc78a6ae9619e6</sys_ui_section><sys_updated_by>lakshmi.kalatippi</sys_updated_by><sys_updated_on>2018-01-19 13:37:30</sys_updated_on><sys_user/><type/></sys_ui_element><sys_ui_element action="INSERT_OR_UPDATE"><element>watch_list</element><position>5</position><sys_created_by>lakshmi.kalatippi</sys_created_by><sys_created_on>2018-01-19 13:37:30</sys_created_on><sys_id>41f0bffcdb334b002dfc78a6ae96197d</sys_id><sys_mod_count>0</sys_mod_count><sys_ui_formatter/><sys_ui_section caption="NULL" display_value="" name="incident" sys_domain="409c30addb8e8f0066e6f2f5ab9619e3" view="267529324a36230601e022869ee28f59">ccb61d1bdb4b07402dfc78a6ae9619e6</sys_ui_section><sys_updated_by>lakshmi.kalatippi</sys_updated_by><sys_updated_on>2018-01-19 13:37:30</sys_updated_on><sys_user/><type/></sys_ui_element><sys_ui_element action="INSERT_OR_UPDATE"><element>.split</element><position>6</position><sys_created_by>lakshmi.kalatippi</sys_created_by><sys_created_on>2018-01-19 13:37:30</sys_created_on><sys_id>c1f0bffcdb334b002dfc78a6ae96197d</sys_id><sys_mod_count>0</sys_mod_count><sys_ui_formatter/><sys_ui_section caption="NULL" display_value="" name="incident" sys_domain="409c30addb8e8f0066e6f2f5ab9619e3" view="267529324a36230601e022869ee28f59">ccb61d1bdb4b07402dfc78a6ae9619e6</sys_ui_section><sys_updated_by>lakshmi.kalatippi</sys_updated_by><sys_updated_on>2018-01-19 13:37:30</sys_updated_on><sys_user/><type>.split</type></sys_ui_element><sys_ui_element action="INSERT_OR_UPDATE"><element>incident_state</element><position>7</position><sys_created_by>lakshmi.kalatippi</sys_created_by><sys_created_on>2018-01-19 13:37:30</sys_created_on><sys_id>45f0bffcdb334b002dfc78a6ae96197d</sys_id><sys_mod_count>0</sys_mod_count><sys_ui_formatter/><sys_ui_section caption="NULL" display_value="" name="incident" sys_domain="409c30addb8e8f0066e6f2f5ab9619e3" view="267529324a36230601e022869ee28f59">ccb61d1bdb4b07402dfc78a6ae9619e6</sys_ui_section><sys_updated_by>lakshmi.kalatippi</sys_updated_by><sys_updated_on>2018-01-19 13:37:30</sys_updated_on><sys_user/><type/></sys_ui_element><sys_ui_element action="INSERT_OR_UPDATE"><element>impact</element><position>8</position><sys_created_by>lakshmi.kalatippi</sys_created_by><sys_created_on>2018-01-19 13:37:30</sys_created_on><sys_id>c5f0bffcdb334b002dfc78a6ae96197d</sys_id><sys_mod_count>0</sys_mod_count><sys_ui_formatter/><sys_ui_section caption="NULL" display_value="" name="incident" sys_domain="409c30addb8e8f0066e6f2f5ab9619e3" view="267529324a36230601e022869ee28f59">ccb61d1bdb4b07402dfc78a6ae9619e6</sys_ui_section><sys_updated_by>lakshmi.kalatippi</sys_updated_by><sys_updated_on>2018-01-19 13:37:30</sys_updated_on><sys_user/><type/></sys_ui_element><sys_ui_element action="INSERT_OR_UPDATE"><element>urgency</element><position>9</position><sys_created_by>lakshmi.kalatippi</sys_created_by><sys_created_on>2018-01-19 13:37:30</sys_created_on><sys_id>49f0bffcdb334b002dfc78a6ae96197d</sys_id><sys_mod_count>0</sys_mod_count><sys_ui_formatter/><sys_ui_section caption="NULL" display_value="" name="incident" sys_domain="409c30addb8e8f0066e6f2f5ab9619e3" view="267529324a36230601e022869ee28f59">ccb61d1bdb4b07402dfc78a6ae9619e6</sys_ui_section><sys_updated_by>lakshmi.kalatippi</sys_updated_by><sys_updated_on>2018-01-19 13:37:30</sys_updated_on><sys_user/><type/></sys_ui_element><sys_ui_element action="INSERT_OR_UPDATE"><element>priority</element><position>10</position><sys_created_by>lakshmi.kalatippi</sys_created_by><sys_created_on>2018-01-19 13:37:30</sys_created_on><sys_id>c9f0bffcdb334b002dfc78a6ae96197d</sys_id><sys_mod_count>0</sys_mod_count><sys_ui_formatter/><sys_ui_section caption="NULL" display_value="" name="incident" sys_domain="409c30addb8e8f0066e6f2f5ab9619e3" view="267529324a36230601e022869ee28f59">ccb61d1bdb4b07402dfc78a6ae9619e6</sys_ui_section><sys_updated_by>lakshmi.kalatippi</sys_updated_by><sys_updated_on>2018-01-19 13:37:30</sys_updated_on><sys_user/><type/></sys_ui_element><sys_ui_element action="INSERT_OR_UPDATE"><element>assignment_group</element><position>11</position><sys_created_by>lakshmi.kalatippi</sys_created_by><sys_created_on>2018-01-19 13:37:30</sys_created_on><sys_id>4df0bffcdb334b002dfc78a6ae96197d</sys_id><sys_mod_count>0</sys_mod_count><sys_ui_formatter/><sys_ui_section caption="NULL" display_value="" name="incident" sys_domain="409c30addb8e8f0066e6f2f5ab9619e3" view="267529324a36230601e022869ee28f59">ccb61d1bdb4b07402dfc78a6ae9619e6</sys_ui_section><sys_updated_by>lakshmi.kalatippi</sys_updated_by><sys_updated_on>2018-01-19 13:37:30</sys_updated_on><sys_user/><type/></sys_ui_element><sys_ui_element action="INSERT_OR_UPDATE"><element>.end_split</element><position>12</position><sys_created_by>lakshmi.kalatippi</sys_created_by><sys_created_on>2018-01-19 13:37:30</sys_created_on><sys_id>cdf0bffcdb334b002dfc78a6ae96197d</sys_id><sys_mod_count>0</sys_mod_count><sys_ui_formatter/><sys_ui_section caption="NULL" display_value="" name="incident" sys_domain="409c30addb8e8f0066e6f2f5ab9619e3" view="267529324a36230601e022869ee28f59">ccb61d1bdb4b07402dfc78a6ae9619e6</sys_ui_section><sys_updated_by>lakshmi.kalatippi</sys_updated_by><sys_updated_on>2018-01-19 13:37:30</sys_updated_on><sys_user/><type>.end_split</type></sys_ui_element><sys_ui_element action="INSERT_OR_UPDATE"><element>short_description</element><position>13</position><sys_created_by>lakshmi.kalatippi</sys_created_by><sys_created_on>2018-01-19 13:37:30</sys_created_on><sys_id>41f0bffcdb334b002dfc78a6ae96197e</sys_id><sys_mod_count>0</sys_mod_count><sys_ui_formatter/><sys_ui_section caption="NULL" display_value="" name="incident" sys_domain="409c30addb8e8f0066e6f2f5ab9619e3" view="267529324a36230601e022869ee28f59">ccb61d1bdb4b07402dfc78a6ae9619e6</sys_ui_section><sys_updated_by>lakshmi.kalatippi</sys_updated_by><sys_updated_on>2018-01-19 13:37:30</sys_updated_on><sys_user/><type/></sys_ui_element><sys_ui_element action="INSERT_OR_UPDATE"><element>comments</element><position>14</position><sys_created_by>lakshmi.kalatippi</sys_created_by><sys_created_on>2018-01-19 13:37:30</sys_created_on><sys_id>c1f0bffcdb334b002dfc78a6ae96197e</sys_id><sys_mod_count>0</sys_mod_count><sys_ui_formatter/><sys_ui_section caption="NULL" display_value="" name="incident" sys_domain="409c30addb8e8f0066e6f2f5ab9619e3" view="267529324a36230601e022869ee28f59">ccb61d1bdb4b07402dfc78a6ae9619e6</sys_ui_section><sys_updated_by>lakshmi.kalatippi</sys_updated_by><sys_updated_on>2018-01-19 13:37:30</sys_updated_on><sys_user/><type/></sys_ui_element><sys_ui_element action="INSERT_OR_UPDATE"><element>u_reason_for_cancellation_a_w</element><position>15</position><sys_created_by>lakshmi.kalatippi</sys_created_by><sys_created_on>2018-01-19 13:37:30</sys_created_on><sys_id>45f0bffcdb334b002dfc78a6ae96197e</sys_id><sys_mod_count>0</sys_mod_count><sys_ui_formatter/><sys_ui_section caption="NULL" display_value="" name="incident" sys_domain="409c30addb8e8f0066e6f2f5ab9619e3" view="267529324a36230601e022869ee28f59">ccb61d1bdb4b07402dfc78a6ae9619e6</sys_ui_section><sys_updated_by>lakshmi.kalatippi</sys_updated_by><sys_updated_on>2018-01-19 13:37:30</sys_updated_on><sys_user/><type/></sys_ui_element><sys_ui_element action="INSERT_OR_UPDATE"><element>activity.xml</element><position>16</position><sys_created_by>lakshmi.kalatippi</sys_created_by><sys_created_on>2018-01-19 13:37:30</sys_created_on><sys_id>c5f0bffcdb334b002dfc78a6ae96197e</sys_id><sys_mod_count>0</sys_mod_count><sys_ui_formatter display_value="Activities (filtered)">b832d3560a0001c700d781efe21e22f5</sys_ui_formatter><sys_ui_section caption="NULL" display_value="" name="incident" sys_domain="409c30addb8e8f0066e6f2f5ab9619e3" view="267529324a36230601e022869ee28f59">ccb61d1bdb4b07402dfc78a6ae9619e6</sys_ui_section><sys_updated_by>lakshmi.kalatippi</sys_updated_by><sys_updated_on>2018-01-19 13:37:30</sys_updated_on><sys_user/><type>formatter</type></sys_ui_element><sys_ui_section action="INSERT_OR_UPDATE"><caption/><header>false</header><name>incident</name><roles/><sys_class_name>sys_ui_section</sys_class_name><sys_created_by>shweta.hegde@capgemini.com</sys_created_by><sys_created_on>2017-12-20 14:01:12</sys_created_on><sys_customer_update>true</sys_customer_update><sys_domain>409c30addb8e8f0066e6f2f5ab9619e3</sys_domain><sys_domain_path>!!!/!!D/</sys_domain_path><sys_id>ccb61d1bdb4b07402dfc78a6ae9619e6</sys_id><sys_mod_count>0</sys_mod_count><sys_name>incident</sys_name><sys_overrides caption="NULL" display_value="" name="incident" sys_domain="global" view="267529324a36230601e022869ee28f59">4fc4979ec0a8016401e142a5a0c599ce</sys_overrides><sys_package display_value="Global" source="global">global</sys_package><sys_policy/><sys_replace_on_upgrade>false</sys_replace_on_upgrade><sys_scope display_value="Global">global</sys_scope><sys_update_name>sys_ui_section_ccb61d1bdb4b07402dfc78a6ae9619e6</sys_update_name><sys_updated_by>shweta.hegde@capgemini.com</sys_updated_by><sys_updated_on>2017-12-20 14:01:12</sys_updated_on><sys_user/><title>true</title><view display_value="Self Service" name="ess">267529324a36230601e022869ee28f59</view><view_name>ess</view_name></sys_ui_section></sys_ui_section></record_update>]]></payload>
<remote_update_set display_value="A&amp;W Incident Management - LK - V5">ee484717dbe093042dfc78a6ae96197c</remote_update_set>
<replace_on_upgrade>false</replace_on_upgrade>
<sys_created_by>lakshmi.kalatippi</sys_created_by>
<sys_created_on>2018-03-05 11:51:44</sys_created_on>
<sys_id>6a484717dbe093042dfc78a6ae96197f</sys_id>
<sys_mod_count>0</sys_mod_count>
<sys_updated_by>lakshmi.kalatippi</sys_updated_by>
<sys_updated_on>2018-03-05 11:51:44</sys_updated_on>
<table>incident</table>
<target_name>Incident</target_name>
<type>Form Layout</type>
<update_domain>409c30addb8e8f0066e6f2f5ab9619e3</update_domain>
<update_set display_value=""/>
<view>ess</view>
</sys_update_xml>
<sys_update_xml action="INSERT_OR_UPDATE">
<action>INSERT_OR_UPDATE</action>
<application display_value="Global">global</application>
<category>customer</category>
<comments/>
<name>sys_security_acl_role_b54a2f78db334b002dfc78a6ae96190b</name>
<payload><![CDATA[<?xml version="1.0" encoding="UTF-8"?><record_update table="sys_security_acl_role"><sys_security_acl_role action="INSERT_OR_UPDATE"><sys_class_name>sys_security_acl_role</sys_class_name><sys_created_by>lakshmi.kalatippi</sys_created_by><sys_created_on>2018-01-19 13:08:57</sys_created_on><sys_customer_update>true</sys_customer_update><sys_id>b54a2f78db334b002dfc78a6ae96190b</sys_id><sys_mod_count>0</sys_mod_count><sys_name>.A&amp;W ITIL</sys_name><sys_package display_value="Global" source="global">global</sys_package><sys_policy/><sys_replace_on_upgrade>false</sys_replace_on_upgrade><sys_scope display_value="Global">global</sys_scope><sys_security_acl display_value="">184a27b8db334b002dfc78a6ae961933</sys_security_acl><sys_update_name>sys_security_acl_role_b54a2f78db334b002dfc78a6ae96190b</sys_update_name><sys_updated_by>lakshmi.kalatippi</sys_updated_by><sys_updated_on>2018-01-19 13:08:57</sys_updated_on><sys_user_role display_value="A&amp;W ITIL" name="A&amp;W ITIL">f4bd3857db0b07402dfc78a6ae9619fc</sys_user_role><transaction_id/></sys_security_acl_role></record_update>]]></payload>
<remote_update_set display_value="A&amp;W Incident Management - LK - V5">ee484717dbe093042dfc78a6ae96197c</remote_update_set>
<replace_on_upgrade>false</replace_on_upgrade>
<sys_created_by>lakshmi.kalatippi</sys_created_by>
<sys_created_on>2018-03-05 11:51:44</sys_created_on>
<sys_id>6e484717dbe093042dfc78a6ae96197e</sys_id>
<sys_mod_count>0</sys_mod_count>
<sys_updated_by>lakshmi.kalatippi</sys_updated_by>
<sys_updated_on>2018-03-05 11:51:44</sys_updated_on>
<table>184a27b8db334b002dfc78a6ae961933</table>
<target_name>.A&amp;W ITIL</target_name>
<type>Access Roles</type>
<update_domain/>
<update_set display_value=""/>
<view/>
</sys_update_xml>
<sys_update_xml action="INSERT_OR_UPDATE">
<action>INSERT_OR_UPDATE</action>
<application display_value="Global">global</application>
<category>customer</category>
<comments/>
<name>sys_ui_policy_e9f07804dbbb47002dfc78a6ae9619a2</name>
<payload>&lt;?xml version="1.0" encoding="UTF-8"?&gt;&lt;record_update sys_domain="409c30addb8e8f0066e6f2f5ab9619e3" table="sys_ui_policy"&gt;&lt;sys_ui_policy action="INSERT_OR_UPDATE"&gt;&lt;active&gt;true&lt;/active&gt;&lt;conditions table="incident"&gt;incident_state=7^EQ&lt;item endquery="false" field="incident_state" goto="false" newquery="false" operator="=" or="false" value="7"/&gt;&lt;item endquery="true" field="" goto="false" newquery="false" operator="=" or="false" value=""/&gt;&lt;/conditions&gt;&lt;description/&gt;&lt;global&gt;true&lt;/global&gt;&lt;inherit&gt;false&lt;/inherit&gt;&lt;model_id/&gt;&lt;model_table/&gt;&lt;on_load&gt;true&lt;/on_load&gt;&lt;order&gt;100&lt;/order&gt;&lt;reverse_if_false&gt;false&lt;/reverse_if_false&gt;&lt;run_scripts&gt;false&lt;/run_scripts&gt;&lt;script_false&gt;&lt;![CDATA[function onCondition() {

}]]&gt;&lt;/script_false&gt;&lt;script_true&gt;&lt;![CDATA[function onCondition() {

}]]&gt;&lt;/script_true&gt;&lt;set_values/&gt;&lt;short_description&gt;Make fields read-only on close&lt;/short_description&gt;&lt;sys_class_name&gt;sys_ui_policy&lt;/sys_class_name&gt;&lt;sys_created_by&gt;lakshmi.kalatippi&lt;/sys_created_by&gt;&lt;sys_created_on&gt;2018-01-16 15:43:13&lt;/sys_created_on&gt;&lt;sys_customer_update&gt;true&lt;/sys_customer_update&gt;&lt;sys_domain&gt;409c30addb8e8f0066e6f2f5ab9619e3&lt;/sys_domain&gt;&lt;sys_domain_path&gt;!!!/!!D/&lt;/sys_domain_path&gt;&lt;sys_id&gt;e9f07804dbbb47002dfc78a6ae9619a2&lt;/sys_id&gt;&lt;sys_mod_count&gt;6&lt;/sys_mod_count&gt;&lt;sys_name&gt;Make fields read-only on close&lt;/sys_name&gt;&lt;sys_overrides display_value="Make fields read-only on close"&gt;66f94c730a0a0b0900aaaf5b88527230&lt;/sys_overrides&gt;&lt;sys_package display_value="Global" source="global"&gt;global&lt;/sys_package&gt;&lt;sys_policy/&gt;&lt;sys_replace_on_upgrade&gt;false&lt;/sys_replace_on_upgrade&gt;&lt;sys_scope display_value="Global"&gt;global&lt;/sys_scope&gt;&lt;sys_update_name&gt;sys_ui_policy_e9f07804dbbb47002dfc78a6ae9619a2&lt;/sys_update_name&gt;&lt;sys_updated_by&gt;lakshmi.kalatippi&lt;/sys_updated_by&gt;&lt;sys_updated_on&gt;2018-01-19 14:05:57&lt;/sys_updated_on&gt;&lt;table&gt;incident&lt;/table&gt;&lt;u_relate/&gt;&lt;u_relate_table/&gt;&lt;ui_type&gt;0&lt;/ui_type&gt;&lt;view/&gt;&lt;/sys_ui_policy&gt;&lt;/record_update&gt;</payload>
<remote_update_set display_value="A&amp;W Incident Management - LK - V5">ee484717dbe093042dfc78a6ae96197c</remote_update_set>
<replace_on_upgrade>false</replace_on_upgrade>
<sys_created_by>lakshmi.kalatippi</sys_created_by>
<sys_created_on>2018-03-05 11:51:44</sys_created_on>
<sys_id>a6484717dbe093042dfc78a6ae96197f</sys_id>
<sys_mod_count>0</sys_mod_count>
<sys_updated_by>lakshmi.kalatippi</sys_updated_by>
<sys_updated_on>2018-03-05 11:51:44</sys_updated_on>
<table>incident</table>
<target_name>Make fields read-only on close</target_name>
<type>UI Policy</type>
<update_domain>409c30addb8e8f0066e6f2f5ab9619e3</update_domain>
<update_set display_value=""/>
<view/>
</sys_update_xml>
<sys_update_xml action="INSERT_OR_UPDATE">
<action>INSERT_OR_UPDATE</action>
<application display_value="Global">global</application>
<category>customer</category>
<comments/>
<name>sys_security_acl_184a27b8db334b002dfc78a6ae961933</name>
<payload><![CDATA[<?xml version="1.0" encoding="UTF-8"?><record_update table="sys_security_acl"><sys_security_acl action="INSERT_OR_UPDATE"><active>true</active><admin_overrides>true</admin_overrides><advanced>false</advanced><condition/><description/><name>u_vendor_a_w</name><operation display_value="read">read</operation><script/><sys_class_name>sys_security_acl</sys_class_name><sys_created_by>lakshmi.kalatippi</sys_created_by><sys_created_on>2018-01-19 13:08:57</sys_created_on><sys_customer_update>true</sys_customer_update><sys_id>184a27b8db334b002dfc78a6ae961933</sys_id><sys_mod_count>0</sys_mod_count><sys_name>u_vendor_a_w</sys_name><sys_package display_value="Global" source="global">global</sys_package><sys_policy/><sys_replace_on_upgrade>false</sys_replace_on_upgrade><sys_scope display_value="Global">global</sys_scope><sys_update_name>sys_security_acl_184a27b8db334b002dfc78a6ae961933</sys_update_name><sys_updated_by>lakshmi.kalatippi</sys_updated_by><sys_updated_on>2018-01-19 13:08:57</sys_updated_on><type display_value="record">record</type><u_relate/><u_relate_table/></sys_security_acl></record_update>]]></payload>
<remote_update_set display_value="A&amp;W Incident Management - LK - V5">ee484717dbe093042dfc78a6ae96197c</remote_update_set>
<replace_on_upgrade>false</replace_on_upgrade>
<sys_created_by>lakshmi.kalatippi</sys_created_by>
<sys_created_on>2018-03-05 11:51:44</sys_created_on>
<sys_id>aa484717dbe093042dfc78a6ae96197e</sys_id>
<sys_mod_count>0</sys_mod_count>
<sys_updated_by>lakshmi.kalatippi</sys_updated_by>
<sys_updated_on>2018-03-05 11:51:44</sys_updated_on>
<table>u_vendor_a_w</table>
<target_name>u_vendor_a_w</target_name>
<type>Access Control</type>
<update_domain/>
<update_set display_value=""/>
<view/>
</sys_update_xml>
<sys_update_xml action="INSERT_OR_UPDATE">
<action>INSERT_OR_UPDATE</action>
<application display_value="Global">global</application>
<category>customer</category>
<comments/>
<name>sys_process_flow_4e51a2afdb4f83c0a8a37dfdae961926</name>
<payload><![CDATA[<?xml version="1.0" encoding="UTF-8"?><record_update sys_domain="409c30addb8e8f0066e6f2f5ab9619e3" table="sys_process_flow"><sys_process_flow action="INSERT_OR_UPDATE"><active>false</active><condition table="incident">incident_state=14^EQ<item endquery="false" field="incident_state" goto="false" newquery="false" operator="=" or="false" value="14"/><item endquery="true" field="" goto="false" newquery="false" operator="=" or="false" value=""/></condition><description/><label>Awaiting User Info</label><name>Awaiting User Info</name><order>300</order><sys_class_name>sys_process_flow</sys_class_name><sys_created_by>shweta.hegde@capgemini.com</sys_created_by><sys_created_on>2017-12-21 14:07:20</sys_created_on><sys_customer_update>true</sys_customer_update><sys_domain>409c30addb8e8f0066e6f2f5ab9619e3</sys_domain><sys_domain_path>!!!/!!D/</sys_domain_path><sys_id>4e51a2afdb4f83c0a8a37dfdae961926</sys_id><sys_mod_count>2</sys_mod_count><sys_name>Awaiting User Info</sys_name><sys_package display_value="Global" source="global">global</sys_package><sys_policy/><sys_replace_on_upgrade>false</sys_replace_on_upgrade><sys_scope display_value="Global">global</sys_scope><sys_update_name>sys_process_flow_4e51a2afdb4f83c0a8a37dfdae961926</sys_update_name><sys_updated_by>lakshmi.kalatippi</sys_updated_by><sys_updated_on>2018-01-22 07:57:57</sys_updated_on><table>incident</table></sys_process_flow></record_update>]]></payload>
<remote_update_set display_value="A&amp;W Incident Management - LK - V5">ee484717dbe093042dfc78a6ae96197c</remote_update_set>
<replace_on_upgrade>false</replace_on_upgrade>
<sys_created_by>lakshmi.kalatippi</sys_created_by>
<sys_created_on>2018-03-05 11:51:44</sys_created_on>
<sys_id>ae484717dbe093042dfc78a6ae96197d</sys_id>
<sys_mod_count>0</sys_mod_count>
<sys_updated_by>lakshmi.kalatippi</sys_updated_by>
<sys_updated_on>2018-03-05 11:51:44</sys_updated_on>
<table>incident</table>
<target_name>Awaiting User Info</target_name>
<type>Flow Formatter</type>
<update_domain>409c30addb8e8f0066e6f2f5ab9619e3</update_domain>
<update_set display_value=""/>
<view/>
</sys_update_xml>
<sys_update_xml action="INSERT_OR_UPDATE">
<action>INSERT_OR_UPDATE</action>
<application display_value="Global">global</application>
<category>customer</category>
<comments/>
<name>sys_ui_list_incident_ess_409c30addb8e8f0066e6f2f5ab9619e3</name>
<payload><![CDATA[<?xml version="1.0" encoding="UTF-8"?><record_update><sys_ui_list parent="" relationship="" sys_domain="409c30addb8e8f0066e6f2f5ab9619e3" table="incident" version="2" view="ess"><sys_ui_list_element action="INSERT_OR_UPDATE"><average_value>false</average_value><element>number</element><list_id display_value="incident" element="NULL" name="incident" parent="NULL" relationship="NULL" sys_domain="409c30addb8e8f0066e6f2f5ab9619e3" view="267529324a36230601e022869ee28f59">6c6d3738db734b002dfc78a6ae9619e0</list_id><max_value>false</max_value><min_value>false</min_value><position>0</position><sum>false</sum><sys_created_by>lakshmi.kalatippi</sys_created_by><sys_created_on>2018-01-19 14:31:47</sys_created_on><sys_id>a86d3738db734b002dfc78a6ae9619e1</sys_id><sys_mod_count>0</sys_mod_count><sys_updated_by>lakshmi.kalatippi</sys_updated_by><sys_updated_on>2018-01-19 14:31:47</sys_updated_on></sys_ui_list_element><sys_ui_list_element action="INSERT_OR_UPDATE"><average_value>false</average_value><element>incident_state</element><list_id display_value="incident" element="NULL" name="incident" parent="NULL" relationship="NULL" sys_domain="409c30addb8e8f0066e6f2f5ab9619e3" view="267529324a36230601e022869ee28f59">6c6d3738db734b002dfc78a6ae9619e0</list_id><max_value>false</max_value><min_value>false</min_value><position>1</position><sum>false</sum><sys_created_by>lakshmi.kalatippi</sys_created_by><sys_created_on>2018-01-19 14:31:47</sys_created_on><sys_id>246d3738db734b002dfc78a6ae9619e2</sys_id><sys_mod_count>0</sys_mod_count><sys_updated_by>lakshmi.kalatippi</sys_updated_by><sys_updated_on>2018-01-19 14:31:47</sys_updated_on></sys_ui_list_element><sys_ui_list_element action="INSERT_OR_UPDATE"><average_value>false</average_value><element>u_restaurant_aw</element><list_id display_value="incident" element="NULL" name="incident" parent="NULL" relationship="NULL" sys_domain="409c30addb8e8f0066e6f2f5ab9619e3" view="267529324a36230601e022869ee28f59">6c6d3738db734b002dfc78a6ae9619e0</list_id><max_value>false</max_value><min_value>false</min_value><position>2</position><sum>false</sum><sys_created_by>lakshmi.kalatippi</sys_created_by><sys_created_on>2018-01-19 14:31:47</sys_created_on><sys_id>a46d3738db734b002dfc78a6ae9619e2</sys_id><sys_mod_count>0</sys_mod_count><sys_updated_by>lakshmi.kalatippi</sys_updated_by><sys_updated_on>2018-01-19 14:31:47</sys_updated_on></sys_ui_list_element><sys_ui_list_element action="INSERT_OR_UPDATE"><average_value>false</average_value><element>short_description</element><list_id display_value="incident" element="NULL" name="incident" parent="NULL" relationship="NULL" sys_domain="409c30addb8e8f0066e6f2f5ab9619e3" view="267529324a36230601e022869ee28f59">6c6d3738db734b002dfc78a6ae9619e0</list_id><max_value>false</max_value><min_value>false</min_value><position>3</position><sum>false</sum><sys_created_by>lakshmi.kalatippi</sys_created_by><sys_created_on>2018-01-19 14:31:47</sys_created_on><sys_id>286d3738db734b002dfc78a6ae9619e2</sys_id><sys_mod_count>0</sys_mod_count><sys_updated_by>lakshmi.kalatippi</sys_updated_by><sys_updated_on>2018-01-19 14:31:47</sys_updated_on></sys_ui_list_element><sys_ui_list action="INSERT_OR_UPDATE"><average_value>false</average_value><element/><max_value>false</max_value><min_value>false</min_value><name>incident</name><parent/><position/><relationship/><sum>false</sum><sys_class_name>sys_ui_list</sys_class_name><sys_created_by>lakshmi.kalatippi</sys_created_by><sys_created_on>2018-01-19 14:31:47</sys_created_on><sys_customer_update>true</sys_customer_update><sys_domain>409c30addb8e8f0066e6f2f5ab9619e3</sys_domain><sys_domain_path>!!!/!!D/</sys_domain_path><sys_id>6c6d3738db734b002dfc78a6ae9619e0</sys_id><sys_mod_count>0</sys_mod_count><sys_name>incident</sys_name><sys_package display_value="Global" source="global">global</sys_package><sys_policy/><sys_replace_on_upgrade>false</sys_replace_on_upgrade><sys_scope display_value="Global">global</sys_scope><sys_update_name>sys_ui_list_incident_ess_409c30addb8e8f0066e6f2f5ab9619e3</sys_update_name><sys_updated_by>lakshmi.kalatippi</sys_updated_by><sys_updated_on>2018-01-19 14:31:47</sys_updated_on><sys_user/><view display_value="Self Service" name="ess">267529324a36230601e022869ee28f59</view><view_name/></sys_ui_list></sys_ui_list></record_update>]]></payload>
<remote_update_set display_value="A&amp;W Incident Management - LK - V5">ee484717dbe093042dfc78a6ae96197c</remote_update_set>
<replace_on_upgrade>false</replace_on_upgrade>
<sys_created_by>lakshmi.kalatippi</sys_created_by>
<sys_created_on>2018-03-05 11:51:44</sys_created_on>
<sys_id>e2484717dbe093042dfc78a6ae96197f</sys_id>
<sys_mod_count>0</sys_mod_count>
<sys_updated_by>lakshmi.kalatippi</sys_updated_by>
<sys_updated_on>2018-03-05 11:51:44</sys_updated_on>
<table>incident</table>
<target_name>Incident</target_name>
<type>List Layout</type>
<update_domain>409c30addb8e8f0066e6f2f5ab9619e3</update_domain>
<update_set display_value=""/>
<view>ess</view>
</sys_update_xml>
<sys_update_xml action="INSERT_OR_UPDATE">
<action>INSERT_OR_UPDATE</action>
<application display_value="Global">global</application>
<category>customer</category>
<comments/>
<name>sys_script_client_1f8c9b65db8b8b80a8a37dfdae961908</name>
<payload>&lt;?xml version="1.0" encoding="UTF-8"?&gt;&lt;record_update sys_domain="409c30addb8e8f0066e6f2f5ab9619e3" table="sys_script_client"&gt;&lt;sys_script_client action="INSERT_OR_UPDATE"&gt;&lt;active&gt;true&lt;/active&gt;&lt;applies_extended&gt;false&lt;/applies_extended&gt;&lt;condition/&gt;&lt;description/&gt;&lt;field&gt;u_mcd_devices_affected&lt;/field&gt;&lt;global&gt;true&lt;/global&gt;&lt;messages/&gt;&lt;name&gt;To change labels&lt;/name&gt;&lt;order/&gt;&lt;script&gt;&lt;![CDATA[function onLoad() {
   //Type appropriate comment here, and begin script below
   changeFieldLabel('rfc', 'Change Request');
   changeFieldLabel('problem_id', 'Problem Number');
}
function changeFieldLabel(field, label){
try{
var labelElement = $('label.' + g_form.getControl(field).id);
labelElement.select('.label-text').each(function(elmt) {
elmt.innerHTML = label ;
});
}catch(e){}
}]]&gt;&lt;/script&gt;&lt;sys_class_name&gt;sys_script_client&lt;/sys_class_name&gt;&lt;sys_created_by&gt;rkulshreshtha&lt;/sys_created_by&gt;&lt;sys_created_on&gt;2017-12-15 13:20:19&lt;/sys_created_on&gt;&lt;sys_customer_update&gt;true&lt;/sys_customer_update&gt;&lt;sys_domain&gt;409c30addb8e8f0066e6f2f5ab9619e3&lt;/sys_domain&gt;&lt;sys_domain_path&gt;!!!/!!D/&lt;/sys_domain_path&gt;&lt;sys_id&gt;1f8c9b65db8b8b80a8a37dfdae961908&lt;/sys_id&gt;&lt;sys_mod_count&gt;5&lt;/sys_mod_count&gt;&lt;sys_name&gt;To change labels&lt;/sys_name&gt;&lt;sys_overrides display_value=""&gt;global&lt;/sys_overrides&gt;&lt;sys_package display_value="Global" source="global"&gt;global&lt;/sys_package&gt;&lt;sys_policy/&gt;&lt;sys_replace_on_upgrade&gt;false&lt;/sys_replace_on_upgrade&gt;&lt;sys_scope display_value="Global"&gt;global&lt;/sys_scope&gt;&lt;sys_update_name&gt;sys_script_client_1f8c9b65db8b8b80a8a37dfdae961908&lt;/sys_update_name&gt;&lt;sys_updated_by&gt;lakshmi.kalatippi&lt;/sys_updated_by&gt;&lt;sys_updated_on&gt;2018-01-22 08:15:49&lt;/sys_updated_on&gt;&lt;table&gt;incident&lt;/table&gt;&lt;type&gt;onLoad&lt;/type&gt;&lt;u_relate/&gt;&lt;u_relate_table/&gt;&lt;ui_type&gt;0&lt;/ui_type&gt;&lt;view/&gt;&lt;/sys_script_client&gt;&lt;/record_update&gt;</payload>
<remote_update_set display_value="A&amp;W Incident Management - LK - V5">ee484717dbe093042dfc78a6ae96197c</remote_update_set>
<replace_on_upgrade>false</replace_on_upgrade>
<sys_created_by>lakshmi.kalatippi</sys_created_by>
<sys_created_on>2018-03-05 11:51:44</sys_created_on>
<sys_id>e6484717dbe093042dfc78a6ae96197e</sys_id>
<sys_mod_count>0</sys_mod_count>
<sys_updated_by>lakshmi.kalatippi</sys_updated_by>
<sys_updated_on>2018-03-05 11:51:44</sys_updated_on>
<table>incident</table>
<target_name>To change labels</target_name>
<type>Client Script</type>
<update_domain>409c30addb8e8f0066e6f2f5ab9619e3</update_domain>
<update_set display_value=""/>
<view/>
</sys_update_xml>
<sys_update_xml action="INSERT_OR_UPDATE">
<action>INSERT_OR_UPDATE</action>
<application display_value="Global">global</application>
<category>customer</category>
<comments/>
<name>sys_dictionary_incident_u_vendor_a_w</name>
<payload><![CDATA[<?xml version="1.0" encoding="UTF-8"?><record_update><sys_dictionary action="INSERT_OR_UPDATE" element="u_vendor_a_w" table="incident"><active>true</active><array>false</array><array_denormalized>false</array_denormalized><attributes/><audit>false</audit><calculation>(function calculatedFieldValue(current) {&#13;
&#13;
	// Add your code here&#13;
	return '';  // return the calculated value&#13;
&#13;
})(current);</calculation><choice/><choice_field/><choice_table/><column_label>Vendor</column_label><comments/><create_roles/><default_value/><defaultsort/><delete_roles/><dependent/><dependent_on_field/><display>false</display><dynamic_creation>false</dynamic_creation><dynamic_creation_script/><dynamic_default_value/><dynamic_ref_qual/><element>u_vendor_a_w</element><element_reference>false</element_reference><foreign_database/><internal_type display_value="Reference">reference</internal_type><mandatory>false</mandatory><max_length>32</max_length><name>incident</name><next_element/><primary>false</primary><read_only>false</read_only><read_roles/><reference display_value="" name="u_vendor_a_w">u_vendor_a_w</reference><reference_cascade_rule/><reference_floats>false</reference_floats><reference_key/><reference_qual/><reference_qual_condition/><reference_type/><sizeclass/><spell_check>false</spell_check><staged>false</staged><sys_class_name>sys_dictionary</sys_class_name><sys_created_by>lakshmi.kalatippi@capgemini.com</sys_created_by><sys_created_on>2018-01-08 13:11:31</sys_created_on><sys_customer_update>true</sys_customer_update><sys_id>0f310399dbafcb802dfc78a6ae96192a</sys_id><sys_mod_count>2</sys_mod_count><sys_name>Vendor</sys_name><sys_package display_value="Global" source="global">global</sys_package><sys_policy/><sys_replace_on_upgrade>false</sys_replace_on_upgrade><sys_scope display_value="Global">global</sys_scope><sys_update_name>sys_dictionary_incident_u_vendor_a_w</sys_update_name><sys_updated_by>lakshmi.kalatippi</sys_updated_by><sys_updated_on>2018-01-19 14:20:10</sys_updated_on><table_reference>false</table_reference><text_index>false</text_index><unique>false</unique><use_dependent_field>false</use_dependent_field><use_dynamic_default>false</use_dynamic_default><use_reference_qualifier>simple</use_reference_qualifier><virtual>false</virtual><widget/><write_roles/><xml_view>false</xml_view></sys_dictionary></record_update>]]></payload>
<remote_update_set display_value="A&amp;W Incident Management - LK - V5">ee484717dbe093042dfc78a6ae96197c</remote_update_set>
<replace_on_upgrade>false</replace_on_upgrade>
<sys_created_by>lakshmi.kalatippi</sys_created_by>
<sys_created_on>2018-03-05 11:51:44</sys_created_on>
<sys_id>ea484717dbe093042dfc78a6ae96197d</sys_id>
<sys_mod_count>0</sys_mod_count>
<sys_updated_by>lakshmi.kalatippi</sys_updated_by>
<sys_updated_on>2018-03-05 11:51:44</sys_updated_on>
<table>incident</table>
<target_name>Incident.Vendor</target_name>
<type>Dictionary</type>
<update_domain/>
<update_set display_value=""/>
<view/>
</sys_update_xml>
</unload>
