<?xml version="1.0" encoding="UTF-8"?>
<unload unload_date="2018-03-05 11:45:07">
<sys_remote_update_set action="INSERT_OR_UPDATE">
<application display_value="Global">global</application>
<application_name>Global</application_name>
<application_scope>global</application_scope>
<application_version/>
<collisions/>
<commit_date/>
<deleted/>
<description>For adding restaurant name and language to ess view.</description>
<inserted/>
<name>A&amp;W  Incident Management - LK - V24</name>
<origin_sys_id/>
<release_date/>
<remote_sys_id>0663f213dba093042dfc78a6ae9619e8</remote_sys_id>
<state>loaded</state>
<summary/>
<sys_class_name>sys_remote_update_set</sys_class_name>
<sys_created_by>lakshmi.kalatippi</sys_created_by>
<sys_created_on>2018-03-05 11:45:06</sys_created_on>
<sys_id>2dc64f93dbe093042dfc78a6ae96194e</sys_id>
<sys_mod_count>0</sys_mod_count>
<sys_updated_by>lakshmi.kalatippi</sys_updated_by>
<sys_updated_on>2018-03-05 11:45:06</sys_updated_on>
<update_set display_value=""/>
<update_source display_value=""/>
<updated/>
</sys_remote_update_set>
<sys_update_xml action="INSERT_OR_UPDATE">
<action>INSERT_OR_UPDATE</action>
<application display_value="Global">global</application>
<category>customer</category>
<comments/>
<name>sys_ui_section_ccb61d1bdb4b07402dfc78a6ae9619e6</name>
<payload><![CDATA[<?xml version="1.0" encoding="UTF-8"?><record_update><sys_ui_section caption="" section_id="ccb61d1bdb4b07402dfc78a6ae9619e6" sys_domain="409c30addb8e8f0066e6f2f5ab9619e3" table="incident" version="3" view="ess"><sys_ui_element action="INSERT_OR_UPDATE"><element>.begin_split</element><position>0</position><sys_created_by>lakshmi.kalatippi</sys_created_by><sys_created_on>2018-03-05 10:23:56</sys_created_on><sys_id>a034be13dba093042dfc78a6ae96198b</sys_id><sys_mod_count>0</sys_mod_count><sys_ui_formatter/><sys_ui_section caption="NULL" display_value="" name="incident" sys_domain="409c30addb8e8f0066e6f2f5ab9619e3" view="267529324a36230601e022869ee28f59">ccb61d1bdb4b07402dfc78a6ae9619e6</sys_ui_section><sys_updated_by>lakshmi.kalatippi</sys_updated_by><sys_updated_on>2018-03-05 10:23:56</sys_updated_on><sys_user/><type>.begin_split</type></sys_ui_element><sys_ui_element action="INSERT_OR_UPDATE"><element>number</element><position>1</position><sys_created_by>lakshmi.kalatippi</sys_created_by><sys_created_on>2018-03-05 10:23:56</sys_created_on><sys_id>2c34be13dba093042dfc78a6ae96198b</sys_id><sys_mod_count>0</sys_mod_count><sys_ui_formatter/><sys_ui_section caption="NULL" display_value="" name="incident" sys_domain="409c30addb8e8f0066e6f2f5ab9619e3" view="267529324a36230601e022869ee28f59">ccb61d1bdb4b07402dfc78a6ae9619e6</sys_ui_section><sys_updated_by>lakshmi.kalatippi</sys_updated_by><sys_updated_on>2018-03-05 10:23:56</sys_updated_on><sys_user/><type/></sys_ui_element><sys_ui_element action="INSERT_OR_UPDATE"><element>caller_id</element><position>2</position><sys_created_by>lakshmi.kalatippi</sys_created_by><sys_created_on>2018-03-05 10:23:56</sys_created_on><sys_id>ac34be13dba093042dfc78a6ae96198b</sys_id><sys_mod_count>0</sys_mod_count><sys_ui_formatter/><sys_ui_section caption="NULL" display_value="" name="incident" sys_domain="409c30addb8e8f0066e6f2f5ab9619e3" view="267529324a36230601e022869ee28f59">ccb61d1bdb4b07402dfc78a6ae9619e6</sys_ui_section><sys_updated_by>lakshmi.kalatippi</sys_updated_by><sys_updated_on>2018-03-05 10:23:56</sys_updated_on><sys_user/><type/></sys_ui_element><sys_ui_element action="INSERT_OR_UPDATE"><element>u_restaurant_aw</element><position>3</position><sys_created_by>lakshmi.kalatippi</sys_created_by><sys_created_on>2018-03-05 10:23:56</sys_created_on><sys_id>2034be13dba093042dfc78a6ae96198c</sys_id><sys_mod_count>0</sys_mod_count><sys_ui_formatter/><sys_ui_section caption="NULL" display_value="" name="incident" sys_domain="409c30addb8e8f0066e6f2f5ab9619e3" view="267529324a36230601e022869ee28f59">ccb61d1bdb4b07402dfc78a6ae9619e6</sys_ui_section><sys_updated_by>lakshmi.kalatippi</sys_updated_by><sys_updated_on>2018-03-05 10:23:56</sys_updated_on><sys_user/><type/></sys_ui_element><sys_ui_element action="INSERT_OR_UPDATE"><element>u_restaurant_aw.location.name</element><position>4</position><sys_created_by>lakshmi.kalatippi</sys_created_by><sys_created_on>2018-03-05 10:23:56</sys_created_on><sys_id>a034be13dba093042dfc78a6ae96198c</sys_id><sys_mod_count>0</sys_mod_count><sys_ui_formatter/><sys_ui_section caption="NULL" display_value="" name="incident" sys_domain="409c30addb8e8f0066e6f2f5ab9619e3" view="267529324a36230601e022869ee28f59">ccb61d1bdb4b07402dfc78a6ae9619e6</sys_ui_section><sys_updated_by>lakshmi.kalatippi</sys_updated_by><sys_updated_on>2018-03-05 10:23:56</sys_updated_on><sys_user/><type/></sys_ui_element><sys_ui_element action="INSERT_OR_UPDATE"><element>u_restaurant_aw.u_language</element><position>5</position><sys_created_by>lakshmi.kalatippi</sys_created_by><sys_created_on>2018-03-05 10:23:56</sys_created_on><sys_id>2434be13dba093042dfc78a6ae96198c</sys_id><sys_mod_count>0</sys_mod_count><sys_ui_formatter/><sys_ui_section caption="NULL" display_value="" name="incident" sys_domain="409c30addb8e8f0066e6f2f5ab9619e3" view="267529324a36230601e022869ee28f59">ccb61d1bdb4b07402dfc78a6ae9619e6</sys_ui_section><sys_updated_by>lakshmi.kalatippi</sys_updated_by><sys_updated_on>2018-03-05 10:23:56</sys_updated_on><sys_user/><type/></sys_ui_element><sys_ui_element action="INSERT_OR_UPDATE"><element>category</element><position>6</position><sys_created_by>lakshmi.kalatippi</sys_created_by><sys_created_on>2018-03-05 10:23:56</sys_created_on><sys_id>a434be13dba093042dfc78a6ae96198c</sys_id><sys_mod_count>0</sys_mod_count><sys_ui_formatter/><sys_ui_section caption="NULL" display_value="" name="incident" sys_domain="409c30addb8e8f0066e6f2f5ab9619e3" view="267529324a36230601e022869ee28f59">ccb61d1bdb4b07402dfc78a6ae9619e6</sys_ui_section><sys_updated_by>lakshmi.kalatippi</sys_updated_by><sys_updated_on>2018-03-05 10:23:56</sys_updated_on><sys_user/><type/></sys_ui_element><sys_ui_element action="INSERT_OR_UPDATE"><element>watch_list</element><position>7</position><sys_created_by>lakshmi.kalatippi</sys_created_by><sys_created_on>2018-03-05 10:23:56</sys_created_on><sys_id>2834be13dba093042dfc78a6ae96198c</sys_id><sys_mod_count>0</sys_mod_count><sys_ui_formatter/><sys_ui_section caption="NULL" display_value="" name="incident" sys_domain="409c30addb8e8f0066e6f2f5ab9619e3" view="267529324a36230601e022869ee28f59">ccb61d1bdb4b07402dfc78a6ae9619e6</sys_ui_section><sys_updated_by>lakshmi.kalatippi</sys_updated_by><sys_updated_on>2018-03-05 10:23:56</sys_updated_on><sys_user/><type/></sys_ui_element><sys_ui_element action="INSERT_OR_UPDATE"><element>.split</element><position>8</position><sys_created_by>lakshmi.kalatippi</sys_created_by><sys_created_on>2018-03-05 10:23:56</sys_created_on><sys_id>a834be13dba093042dfc78a6ae96198c</sys_id><sys_mod_count>0</sys_mod_count><sys_ui_formatter/><sys_ui_section caption="NULL" display_value="" name="incident" sys_domain="409c30addb8e8f0066e6f2f5ab9619e3" view="267529324a36230601e022869ee28f59">ccb61d1bdb4b07402dfc78a6ae9619e6</sys_ui_section><sys_updated_by>lakshmi.kalatippi</sys_updated_by><sys_updated_on>2018-03-05 10:23:56</sys_updated_on><sys_user/><type>.split</type></sys_ui_element><sys_ui_element action="INSERT_OR_UPDATE"><element>sys_created_on</element><position>9</position><sys_created_by>lakshmi.kalatippi</sys_created_by><sys_created_on>2018-03-05 10:23:56</sys_created_on><sys_id>2c34be13dba093042dfc78a6ae96198c</sys_id><sys_mod_count>0</sys_mod_count><sys_ui_formatter/><sys_ui_section caption="NULL" display_value="" name="incident" sys_domain="409c30addb8e8f0066e6f2f5ab9619e3" view="267529324a36230601e022869ee28f59">ccb61d1bdb4b07402dfc78a6ae9619e6</sys_ui_section><sys_updated_by>lakshmi.kalatippi</sys_updated_by><sys_updated_on>2018-03-05 10:23:56</sys_updated_on><sys_user/><type/></sys_ui_element><sys_ui_element action="INSERT_OR_UPDATE"><element>incident_state</element><position>10</position><sys_created_by>lakshmi.kalatippi</sys_created_by><sys_created_on>2018-03-05 10:23:56</sys_created_on><sys_id>ac34be13dba093042dfc78a6ae96198c</sys_id><sys_mod_count>0</sys_mod_count><sys_ui_formatter/><sys_ui_section caption="NULL" display_value="" name="incident" sys_domain="409c30addb8e8f0066e6f2f5ab9619e3" view="267529324a36230601e022869ee28f59">ccb61d1bdb4b07402dfc78a6ae9619e6</sys_ui_section><sys_updated_by>lakshmi.kalatippi</sys_updated_by><sys_updated_on>2018-03-05 10:23:56</sys_updated_on><sys_user/><type/></sys_ui_element><sys_ui_element action="INSERT_OR_UPDATE"><element>impact</element><position>11</position><sys_created_by>lakshmi.kalatippi</sys_created_by><sys_created_on>2018-03-05 10:23:56</sys_created_on><sys_id>2034be13dba093042dfc78a6ae96198d</sys_id><sys_mod_count>0</sys_mod_count><sys_ui_formatter/><sys_ui_section caption="NULL" display_value="" name="incident" sys_domain="409c30addb8e8f0066e6f2f5ab9619e3" view="267529324a36230601e022869ee28f59">ccb61d1bdb4b07402dfc78a6ae9619e6</sys_ui_section><sys_updated_by>lakshmi.kalatippi</sys_updated_by><sys_updated_on>2018-03-05 10:23:56</sys_updated_on><sys_user/><type/></sys_ui_element><sys_ui_element action="INSERT_OR_UPDATE"><element>urgency</element><position>12</position><sys_created_by>lakshmi.kalatippi</sys_created_by><sys_created_on>2018-03-05 10:23:56</sys_created_on><sys_id>a034be13dba093042dfc78a6ae96198d</sys_id><sys_mod_count>0</sys_mod_count><sys_ui_formatter/><sys_ui_section caption="NULL" display_value="" name="incident" sys_domain="409c30addb8e8f0066e6f2f5ab9619e3" view="267529324a36230601e022869ee28f59">ccb61d1bdb4b07402dfc78a6ae9619e6</sys_ui_section><sys_updated_by>lakshmi.kalatippi</sys_updated_by><sys_updated_on>2018-03-05 10:23:56</sys_updated_on><sys_user/><type/></sys_ui_element><sys_ui_element action="INSERT_OR_UPDATE"><element>priority</element><position>13</position><sys_created_by>lakshmi.kalatippi</sys_created_by><sys_created_on>2018-03-05 10:23:56</sys_created_on><sys_id>2434be13dba093042dfc78a6ae96198d</sys_id><sys_mod_count>0</sys_mod_count><sys_ui_formatter/><sys_ui_section caption="NULL" display_value="" name="incident" sys_domain="409c30addb8e8f0066e6f2f5ab9619e3" view="267529324a36230601e022869ee28f59">ccb61d1bdb4b07402dfc78a6ae9619e6</sys_ui_section><sys_updated_by>lakshmi.kalatippi</sys_updated_by><sys_updated_on>2018-03-05 10:23:56</sys_updated_on><sys_user/><type/></sys_ui_element><sys_ui_element action="INSERT_OR_UPDATE"><element>assignment_group</element><position>14</position><sys_created_by>lakshmi.kalatippi</sys_created_by><sys_created_on>2018-03-05 10:23:56</sys_created_on><sys_id>a434be13dba093042dfc78a6ae96198d</sys_id><sys_mod_count>0</sys_mod_count><sys_ui_formatter/><sys_ui_section caption="NULL" display_value="" name="incident" sys_domain="409c30addb8e8f0066e6f2f5ab9619e3" view="267529324a36230601e022869ee28f59">ccb61d1bdb4b07402dfc78a6ae9619e6</sys_ui_section><sys_updated_by>lakshmi.kalatippi</sys_updated_by><sys_updated_on>2018-03-05 10:23:56</sys_updated_on><sys_user/><type/></sys_ui_element><sys_ui_element action="INSERT_OR_UPDATE"><element>.end_split</element><position>15</position><sys_created_by>lakshmi.kalatippi</sys_created_by><sys_created_on>2018-03-05 10:23:56</sys_created_on><sys_id>2834be13dba093042dfc78a6ae96198d</sys_id><sys_mod_count>0</sys_mod_count><sys_ui_formatter/><sys_ui_section caption="NULL" display_value="" name="incident" sys_domain="409c30addb8e8f0066e6f2f5ab9619e3" view="267529324a36230601e022869ee28f59">ccb61d1bdb4b07402dfc78a6ae9619e6</sys_ui_section><sys_updated_by>lakshmi.kalatippi</sys_updated_by><sys_updated_on>2018-03-05 10:23:56</sys_updated_on><sys_user/><type>.end_split</type></sys_ui_element><sys_ui_element action="INSERT_OR_UPDATE"><element>short_description</element><position>16</position><sys_created_by>lakshmi.kalatippi</sys_created_by><sys_created_on>2018-03-05 10:23:56</sys_created_on><sys_id>a834be13dba093042dfc78a6ae96198d</sys_id><sys_mod_count>0</sys_mod_count><sys_ui_formatter/><sys_ui_section caption="NULL" display_value="" name="incident" sys_domain="409c30addb8e8f0066e6f2f5ab9619e3" view="267529324a36230601e022869ee28f59">ccb61d1bdb4b07402dfc78a6ae9619e6</sys_ui_section><sys_updated_by>lakshmi.kalatippi</sys_updated_by><sys_updated_on>2018-03-05 10:23:56</sys_updated_on><sys_user/><type/></sys_ui_element><sys_ui_element action="INSERT_OR_UPDATE"><element>comments</element><position>17</position><sys_created_by>lakshmi.kalatippi</sys_created_by><sys_created_on>2018-03-05 10:23:56</sys_created_on><sys_id>2c34be13dba093042dfc78a6ae96198d</sys_id><sys_mod_count>0</sys_mod_count><sys_ui_formatter/><sys_ui_section caption="NULL" display_value="" name="incident" sys_domain="409c30addb8e8f0066e6f2f5ab9619e3" view="267529324a36230601e022869ee28f59">ccb61d1bdb4b07402dfc78a6ae9619e6</sys_ui_section><sys_updated_by>lakshmi.kalatippi</sys_updated_by><sys_updated_on>2018-03-05 10:23:56</sys_updated_on><sys_user/><type/></sys_ui_element><sys_ui_element action="INSERT_OR_UPDATE"><element>u_reason_for_cancellation_a_w</element><position>18</position><sys_created_by>lakshmi.kalatippi</sys_created_by><sys_created_on>2018-03-05 10:23:56</sys_created_on><sys_id>ac34be13dba093042dfc78a6ae96198d</sys_id><sys_mod_count>0</sys_mod_count><sys_ui_formatter/><sys_ui_section caption="NULL" display_value="" name="incident" sys_domain="409c30addb8e8f0066e6f2f5ab9619e3" view="267529324a36230601e022869ee28f59">ccb61d1bdb4b07402dfc78a6ae9619e6</sys_ui_section><sys_updated_by>lakshmi.kalatippi</sys_updated_by><sys_updated_on>2018-03-05 10:23:56</sys_updated_on><sys_user/><type/></sys_ui_element><sys_ui_element action="INSERT_OR_UPDATE"><element>activity.xml</element><position>19</position><sys_created_by>lakshmi.kalatippi</sys_created_by><sys_created_on>2018-03-05 10:23:56</sys_created_on><sys_id>2034be13dba093042dfc78a6ae96198e</sys_id><sys_mod_count>0</sys_mod_count><sys_ui_formatter display_value="Activities (filtered)">b832d3560a0001c700d781efe21e22f5</sys_ui_formatter><sys_ui_section caption="NULL" display_value="" name="incident" sys_domain="409c30addb8e8f0066e6f2f5ab9619e3" view="267529324a36230601e022869ee28f59">ccb61d1bdb4b07402dfc78a6ae9619e6</sys_ui_section><sys_updated_by>lakshmi.kalatippi</sys_updated_by><sys_updated_on>2018-03-05 10:23:56</sys_updated_on><sys_user/><type>formatter</type></sys_ui_element><sys_ui_section action="INSERT_OR_UPDATE"><caption/><header>false</header><name>incident</name><roles/><sys_class_name>sys_ui_section</sys_class_name><sys_created_by>shweta.hegde@capgemini.com</sys_created_by><sys_created_on>2017-12-20 14:01:12</sys_created_on><sys_customer_update>true</sys_customer_update><sys_domain>409c30addb8e8f0066e6f2f5ab9619e3</sys_domain><sys_domain_path>!!!/!!D/</sys_domain_path><sys_id>ccb61d1bdb4b07402dfc78a6ae9619e6</sys_id><sys_mod_count>0</sys_mod_count><sys_name>incident</sys_name><sys_overrides caption="NULL" display_value="" name="incident" sys_domain="global" view="267529324a36230601e022869ee28f59">4fc4979ec0a8016401e142a5a0c599ce</sys_overrides><sys_package display_value="Global" source="global">global</sys_package><sys_policy/><sys_replace_on_upgrade>false</sys_replace_on_upgrade><sys_scope display_value="Global">global</sys_scope><sys_update_name>sys_ui_section_ccb61d1bdb4b07402dfc78a6ae9619e6</sys_update_name><sys_updated_by>shweta.hegde@capgemini.com</sys_updated_by><sys_updated_on>2017-12-20 14:01:12</sys_updated_on><sys_user/><title>true</title><view display_value="Self Service" name="ess">267529324a36230601e022869ee28f59</view><view_name>ess</view_name></sys_ui_section></sys_ui_section></record_update>]]></payload>
<remote_update_set display_value="A&amp;W  Incident Management - LK - V24">2dc64f93dbe093042dfc78a6ae96194e</remote_update_set>
<replace_on_upgrade>false</replace_on_upgrade>
<sys_created_by>lakshmi.kalatippi</sys_created_by>
<sys_created_on>2018-03-05 11:45:06</sys_created_on>
<sys_id>21c64f93dbe093042dfc78a6ae96194f</sys_id>
<sys_mod_count>0</sys_mod_count>
<sys_updated_by>lakshmi.kalatippi</sys_updated_by>
<sys_updated_on>2018-03-05 11:45:06</sys_updated_on>
<table>incident</table>
<target_name>Incident</target_name>
<type>Form Layout</type>
<update_domain>409c30addb8e8f0066e6f2f5ab9619e3</update_domain>
<update_set display_value=""/>
<view>ess</view>
</sys_update_xml>
</unload>
