<?xml version="1.0" encoding="UTF-8"?>
<unload unload_date="2018-03-05 11:39:05">
<sys_remote_update_set action="INSERT_OR_UPDATE">
<application display_value="Global">global</application>
<application_name>Global</application_name>
<application_scope>global</application_scope>
<application_version/>
<collisions/>
<commit_date/>
<deleted/>
<description>For ACL</description>
<inserted/>
<name>A&amp;W Incident Management - LK - V13</name>
<origin_sys_id/>
<release_date/>
<remote_sys_id>7ee3fed3db8453802dfc78a6ae961969</remote_sys_id>
<state>loaded</state>
<summary/>
<sys_class_name>sys_remote_update_set</sys_class_name>
<sys_created_by>lakshmi.kalatippi</sys_created_by>
<sys_created_on>2018-03-05 11:39:05</sys_created_on>
<sys_id>15650f13dbe093042dfc78a6ae961914</sys_id>
<sys_mod_count>0</sys_mod_count>
<sys_updated_by>lakshmi.kalatippi</sys_updated_by>
<sys_updated_on>2018-03-05 11:39:05</sys_updated_on>
<update_set display_value=""/>
<update_source display_value=""/>
<updated/>
</sys_remote_update_set>
<sys_update_xml action="INSERT_OR_UPDATE">
<action>DELETE</action>
<application display_value="Global">global</application>
<category>customer</category>
<comments/>
<name>sys_security_acl_role_ace387f6db87cf80a8a37dfdae96199e</name>
<payload><![CDATA[<?xml version="1.0" encoding="UTF-8"?><record_update table="sys_security_acl_role"><sys_security_acl_role action="DELETE"><sys_class_name>sys_security_acl_role</sys_class_name><sys_created_by>lakshmi.kalatippi@capgemini.com</sys_created_by><sys_created_on>2017-12-19 08:44:05</sys_created_on><sys_customer_update>true</sys_customer_update><sys_id>ace387f6db87cf80a8a37dfdae96199e</sys_id><sys_mod_count>0</sys_mod_count><sys_name>.admin</sys_name><sys_package display_value="Global" source="global">global</sys_package><sys_policy/><sys_replace_on_upgrade>false</sys_replace_on_upgrade><sys_scope display_value="Global">global</sys_scope><sys_security_acl display_value="incident.state">93d30bbedb87cf80a8a37dfdae9619b2</sys_security_acl><sys_update_name>sys_security_acl_role_ace387f6db87cf80a8a37dfdae96199e</sys_update_name><sys_updated_by>lakshmi.kalatippi@capgemini.com</sys_updated_by><sys_updated_on>2017-12-19 08:44:05</sys_updated_on><sys_user_role display_value="admin" name="admin">2831a114c611228501d4ea6c309d626d</sys_user_role><transaction_id/></sys_security_acl_role></record_update>]]></payload>
<remote_update_set display_value="A&amp;W Incident Management - LK - V13">15650f13dbe093042dfc78a6ae961914</remote_update_set>
<replace_on_upgrade>false</replace_on_upgrade>
<sys_created_by>lakshmi.kalatippi</sys_created_by>
<sys_created_on>2018-03-05 11:39:05</sys_created_on>
<sys_id>11650f13dbe093042dfc78a6ae961915</sys_id>
<sys_mod_count>0</sys_mod_count>
<sys_updated_by>lakshmi.kalatippi</sys_updated_by>
<sys_updated_on>2018-03-05 11:39:05</sys_updated_on>
<table>incident.state</table>
<target_name>.admin</target_name>
<type>Access Roles</type>
<update_domain/>
<update_set display_value=""/>
<view/>
</sys_update_xml>
</unload>
