<?xml version="1.0" encoding="UTF-8"?>
<unload unload_date="2018-03-05 11:39:48">
<sys_remote_update_set action="INSERT_OR_UPDATE">
<application display_value="Global">global</application>
<application_name>Global</application_name>
<application_scope>global</application_scope>
<application_version/>
<collisions/>
<commit_date/>
<deleted/>
<description/>
<inserted/>
<name>A&amp;W Incident Management - LK - V12</name>
<origin_sys_id/>
<release_date/>
<remote_sys_id>78d42e17db4453802dfc78a6ae96195b</remote_sys_id>
<state>loaded</state>
<summary/>
<sys_class_name>sys_remote_update_set</sys_class_name>
<sys_created_by>lakshmi.kalatippi</sys_created_by>
<sys_created_on>2018-03-05 11:39:48</sys_created_on>
<sys_id>f785cb13dbe093042dfc78a6ae96191e</sys_id>
<sys_mod_count>0</sys_mod_count>
<sys_updated_by>lakshmi.kalatippi</sys_updated_by>
<sys_updated_on>2018-03-05 11:39:48</sys_updated_on>
<update_set display_value=""/>
<update_source display_value=""/>
<updated/>
</sys_remote_update_set>
<sys_update_xml action="INSERT_OR_UPDATE">
<action>INSERT_OR_UPDATE</action>
<application display_value="Global">global</application>
<category>customer</category>
<comments/>
<name>contract_sla_d1c240e6dbb24f40a8a37dfdae9619a7</name>
<payload><![CDATA[<?xml version="1.0" encoding="UTF-8"?><record_update sys_domain="409c30addb8e8f0066e6f2f5ab9619e3" table="contract_sla"><contract_sla action="INSERT_OR_UPDATE"><active>true</active><cancel_condition/><collection>incident</collection><condition_class/><duration>1970-01-01 01:30:00</duration><duration_type/><enable_logging>false</enable_logging><name> Resolution SLA: Priority 1 A&amp;W(90 Min)</name><pause_condition table="incident">incident_state=14^ORincident_state=13^EQ<item endquery="false" field="incident_state" goto="false" newquery="false" operator="=" or="false" value="14"/><item endquery="false" field="incident_state" goto="false" newquery="false" operator="=" or="true" value="13"/><item endquery="true" field="" goto="false" newquery="false" operator="=" or="false" value=""/></pause_condition><relative_duration_works_on>Task record</relative_duration_works_on><reset_condition/><resume_condition/><retroactive>false</retroactive><retroactive_pause>true</retroactive_pause><schedule display_value="8-5 weekdays">08fcd0830a0a0b2600079f56b1adb9ae</schedule><schedule_source>sla_definition</schedule_source><schedule_source_field/><set_start_to>u_ora_alert_received</set_start_to><start_condition table="incident">active=true^priority=1^assigned_toISNOTEMPTY^assignment_groupISNOTEMPTY^EQ<item endquery="false" field="active" goto="false" newquery="false" operator="=" or="false" value="true"/><item endquery="false" field="priority" goto="false" newquery="false" operator="=" or="false" value="1"/><item endquery="false" field="assigned_to" goto="false" newquery="false" operator="ISNOTEMPTY" or="false" value=""/><item endquery="false" field="assignment_group" goto="false" newquery="false" operator="ISNOTEMPTY" or="false" value=""/><item endquery="true" field="" goto="false" newquery="false" operator="=" or="false" value=""/></start_condition><stop_condition table="incident">incident_state=6^ORincident_state=705^EQ<item endquery="false" field="incident_state" goto="false" newquery="false" operator="=" or="false" value="6"/><item endquery="false" field="incident_state" goto="false" newquery="false" operator="=" or="true" value="705"/><item endquery="true" field="" goto="false" newquery="false" operator="=" or="false" value=""/></stop_condition><sys_class_name>contract_sla</sys_class_name><sys_created_by>lakshmi.kalatippi@capgemini.com</sys_created_by><sys_created_on>2017-12-05 13:53:39</sys_created_on><sys_customer_update>true</sys_customer_update><sys_domain>409c30addb8e8f0066e6f2f5ab9619e3</sys_domain><sys_domain_path>!!!/!!D/</sys_domain_path><sys_id>d1c240e6dbb24f40a8a37dfdae9619a7</sys_id><sys_mod_count>8</sys_mod_count><sys_name> Resolution SLA: Priority 1 A&amp;W(90 Min)</sys_name><sys_overrides/><sys_package display_value="Global" source="global">global</sys_package><sys_policy/><sys_replace_on_upgrade>false</sys_replace_on_upgrade><sys_scope display_value="Global">global</sys_scope><sys_update_name>contract_sla_d1c240e6dbb24f40a8a37dfdae9619a7</sys_update_name><sys_updated_by>lakshmi.kalatippi</sys_updated_by><sys_updated_on>2018-02-08 13:20:23</sys_updated_on><timezone/><timezone_source>task.caller_id.time_zone</timezone_source><type>SLA</type><u_ajg_sla_type/><u_group/><u_item/><u_vendor/><when_to_cancel>no_match</when_to_cancel><when_to_resume>no_match</when_to_resume><workflow display_value="Default SLA workflow">4b6570360a0a0b3000bbacab877713f2</workflow></contract_sla></record_update>]]></payload>
<remote_update_set display_value="A&amp;W Incident Management - LK - V12">f785cb13dbe093042dfc78a6ae96191e</remote_update_set>
<replace_on_upgrade>false</replace_on_upgrade>
<sys_created_by>lakshmi.kalatippi</sys_created_by>
<sys_created_on>2018-03-05 11:39:48</sys_created_on>
<sys_id>3785cb13dbe093042dfc78a6ae96191f</sys_id>
<sys_mod_count>0</sys_mod_count>
<sys_updated_by>lakshmi.kalatippi</sys_updated_by>
<sys_updated_on>2018-03-05 11:39:48</sys_updated_on>
<table>incident</table>
<target_name> Resolution SLA: Priority 1 A&amp;W(90 Min)</target_name>
<type>SLA Definition</type>
<update_domain>409c30addb8e8f0066e6f2f5ab9619e3</update_domain>
<update_set display_value=""/>
<view/>
</sys_update_xml>
<sys_update_xml action="INSERT_OR_UPDATE">
<action>INSERT_OR_UPDATE</action>
<application display_value="Global">global</application>
<category>customer</category>
<comments/>
<name>contract_sla_c598d0d2db734340a8a37dfdae961915</name>
<payload><![CDATA[<?xml version="1.0" encoding="UTF-8"?><record_update sys_domain="409c30addb8e8f0066e6f2f5ab9619e3" table="contract_sla"><contract_sla action="INSERT_OR_UPDATE"><active>true</active><cancel_condition/><collection>incident</collection><condition_class/><duration>1970-01-01 20:00:00</duration><duration_type/><enable_logging>false</enable_logging><name>Resolution SLA: Priority 4 A&amp;W(20 Hrs)</name><pause_condition table="incident">incident_state=14^ORincident_state=13^EQ<item endquery="false" field="incident_state" goto="false" newquery="false" operator="=" or="false" value="14"/><item endquery="false" field="incident_state" goto="false" newquery="false" operator="=" or="true" value="13"/><item endquery="true" field="" goto="false" newquery="false" operator="=" or="false" value=""/></pause_condition><relative_duration_works_on>Task record</relative_duration_works_on><reset_condition/><resume_condition/><retroactive>false</retroactive><retroactive_pause>true</retroactive_pause><schedule display_value="8-5 weekdays">08fcd0830a0a0b2600079f56b1adb9ae</schedule><schedule_source>sla_definition</schedule_source><schedule_source_field/><set_start_to>u_ora_alert_received</set_start_to><start_condition table="incident">active=true^priority=4^assignment_groupISNOTEMPTY^assigned_toISNOTEMPTY^EQ<item endquery="false" field="active" goto="false" newquery="false" operator="=" or="false" value="true"/><item endquery="false" field="priority" goto="false" newquery="false" operator="=" or="false" value="4"/><item endquery="false" field="assignment_group" goto="false" newquery="false" operator="ISNOTEMPTY" or="false" value=""/><item endquery="false" field="assigned_to" goto="false" newquery="false" operator="ISNOTEMPTY" or="false" value=""/><item endquery="true" field="" goto="false" newquery="false" operator="=" or="false" value=""/></start_condition><stop_condition table="incident">incident_state=6^ORincident_state=705^EQ<item endquery="false" field="incident_state" goto="false" newquery="false" operator="=" or="false" value="6"/><item endquery="false" field="incident_state" goto="false" newquery="false" operator="=" or="true" value="705"/><item endquery="true" field="" goto="false" newquery="false" operator="=" or="false" value=""/></stop_condition><sys_class_name>contract_sla</sys_class_name><sys_created_by>lakshmi.kalatippi</sys_created_by><sys_created_on>2018-01-23 13:45:34</sys_created_on><sys_customer_update>true</sys_customer_update><sys_domain>409c30addb8e8f0066e6f2f5ab9619e3</sys_domain><sys_domain_path>!!!/!!D/</sys_domain_path><sys_id>c598d0d2db734340a8a37dfdae961915</sys_id><sys_mod_count>1</sys_mod_count><sys_name>Resolution SLA: Priority 4 A&amp;W(20 Hrs)</sys_name><sys_overrides/><sys_package display_value="Global" source="global">global</sys_package><sys_policy/><sys_replace_on_upgrade>false</sys_replace_on_upgrade><sys_scope display_value="Global">global</sys_scope><sys_update_name>contract_sla_c598d0d2db734340a8a37dfdae961915</sys_update_name><sys_updated_by>lakshmi.kalatippi</sys_updated_by><sys_updated_on>2018-02-08 13:21:09</sys_updated_on><timezone/><timezone_source>task.caller_id.time_zone</timezone_source><type>SLA</type><u_ajg_sla_type/><u_group/><u_item/><u_vendor/><when_to_cancel>no_match</when_to_cancel><when_to_resume>no_match</when_to_resume><workflow display_value="Default SLA workflow">4b6570360a0a0b3000bbacab877713f2</workflow></contract_sla></record_update>]]></payload>
<remote_update_set display_value="A&amp;W Incident Management - LK - V12">f785cb13dbe093042dfc78a6ae96191e</remote_update_set>
<replace_on_upgrade>false</replace_on_upgrade>
<sys_created_by>lakshmi.kalatippi</sys_created_by>
<sys_created_on>2018-03-05 11:39:48</sys_created_on>
<sys_id>7385cb13dbe093042dfc78a6ae96191f</sys_id>
<sys_mod_count>0</sys_mod_count>
<sys_updated_by>lakshmi.kalatippi</sys_updated_by>
<sys_updated_on>2018-03-05 11:39:48</sys_updated_on>
<table>incident</table>
<target_name>Resolution SLA: Priority 4 A&amp;W(20 Hrs)</target_name>
<type>SLA Definition</type>
<update_domain>409c30addb8e8f0066e6f2f5ab9619e3</update_domain>
<update_set display_value=""/>
<view/>
</sys_update_xml>
<sys_update_xml action="INSERT_OR_UPDATE">
<action>DELETE</action>
<application display_value="Global">global</application>
<category>customer</category>
<comments/>
<name>sys_security_acl_role_60baa6dbdb4453802dfc78a6ae9619d9</name>
<payload><![CDATA[<?xml version="1.0" encoding="UTF-8"?><record_update table="sys_security_acl_role"><sys_security_acl_role action="DELETE"><sys_class_name>sys_security_acl_role</sys_class_name><sys_created_by>lakshmi.kalatippi</sys_created_by><sys_created_on>2018-02-08 13:11:55</sys_created_on><sys_customer_update>true</sys_customer_update><sys_id>60baa6dbdb4453802dfc78a6ae9619d9</sys_id><sys_mod_count>0</sys_mod_count><sys_name>incident.state.admin</sys_name><sys_package display_value="Global" source="global">global</sys_package><sys_policy/><sys_replace_on_upgrade>false</sys_replace_on_upgrade><sys_scope display_value="Global">global</sys_scope><sys_security_acl display_value="incident.state">93d30bbedb87cf80a8a37dfdae9619b2</sys_security_acl><sys_update_name>sys_security_acl_role_60baa6dbdb4453802dfc78a6ae9619d9</sys_update_name><sys_updated_by>lakshmi.kalatippi</sys_updated_by><sys_updated_on>2018-02-08 13:11:55</sys_updated_on><sys_user_role display_value="admin" name="admin">2831a114c611228501d4ea6c309d626d</sys_user_role><transaction_id/></sys_security_acl_role></record_update>]]></payload>
<remote_update_set display_value="A&amp;W Incident Management - LK - V12">f785cb13dbe093042dfc78a6ae96191e</remote_update_set>
<replace_on_upgrade>false</replace_on_upgrade>
<sys_created_by>lakshmi.kalatippi</sys_created_by>
<sys_created_on>2018-03-05 11:39:48</sys_created_on>
<sys_id>bb85cb13dbe093042dfc78a6ae96191f</sys_id>
<sys_mod_count>0</sys_mod_count>
<sys_updated_by>lakshmi.kalatippi</sys_updated_by>
<sys_updated_on>2018-03-05 11:39:48</sys_updated_on>
<table>incident.state</table>
<target_name>incident.state.admin</target_name>
<type>Access Roles</type>
<update_domain/>
<update_set display_value=""/>
<view/>
</sys_update_xml>
<sys_update_xml action="INSERT_OR_UPDATE">
<action>INSERT_OR_UPDATE</action>
<application display_value="Global">global</application>
<category>customer</category>
<comments/>
<name>contract_sla_a175c06adbb24f40a8a37dfdae961998</name>
<payload><![CDATA[<?xml version="1.0" encoding="UTF-8"?><record_update sys_domain="409c30addb8e8f0066e6f2f5ab9619e3" table="contract_sla"><contract_sla action="INSERT_OR_UPDATE"><active>true</active><cancel_condition/><collection>incident</collection><condition_class/><duration>1970-01-01 03:00:00</duration><duration_type/><enable_logging>false</enable_logging><name> Resolution SLA: Priority 2 A&amp;W(3 Hr)</name><pause_condition table="incident">incident_state=14^ORincident_state=13^EQ<item endquery="false" field="incident_state" goto="false" newquery="false" operator="=" or="false" value="14"/><item endquery="false" field="incident_state" goto="false" newquery="false" operator="=" or="true" value="13"/><item endquery="true" field="" goto="false" newquery="false" operator="=" or="false" value=""/></pause_condition><relative_duration_works_on>Task record</relative_duration_works_on><reset_condition/><resume_condition/><retroactive>false</retroactive><retroactive_pause>true</retroactive_pause><schedule display_value="8-5 weekdays">08fcd0830a0a0b2600079f56b1adb9ae</schedule><schedule_source>sla_definition</schedule_source><schedule_source_field/><set_start_to>u_ora_alert_received</set_start_to><start_condition table="incident">active=true^priority=2^assigned_toISNOTEMPTY^assignment_groupISNOTEMPTY^EQ<item endquery="false" field="active" goto="false" newquery="false" operator="=" or="false" value="true"/><item endquery="false" field="priority" goto="false" newquery="false" operator="=" or="false" value="2"/><item endquery="false" field="assigned_to" goto="false" newquery="false" operator="ISNOTEMPTY" or="false" value=""/><item endquery="false" field="assignment_group" goto="false" newquery="false" operator="ISNOTEMPTY" or="false" value=""/><item endquery="true" field="" goto="false" newquery="false" operator="=" or="false" value=""/></start_condition><stop_condition table="incident">incident_state=6^ORincident_state=705^EQ<item endquery="false" field="incident_state" goto="false" newquery="false" operator="=" or="false" value="6"/><item endquery="false" field="incident_state" goto="false" newquery="false" operator="=" or="true" value="705"/><item endquery="true" field="" goto="false" newquery="false" operator="=" or="false" value=""/></stop_condition><sys_class_name>contract_sla</sys_class_name><sys_created_by>lakshmi.kalatippi@capgemini.com</sys_created_by><sys_created_on>2017-12-05 13:59:12</sys_created_on><sys_customer_update>true</sys_customer_update><sys_domain>409c30addb8e8f0066e6f2f5ab9619e3</sys_domain><sys_domain_path>!!!/!!D/</sys_domain_path><sys_id>a175c06adbb24f40a8a37dfdae961998</sys_id><sys_mod_count>9</sys_mod_count><sys_name> Resolution SLA: Priority 2 A&amp;W(3 Hr)</sys_name><sys_overrides/><sys_package display_value="Global" source="global">global</sys_package><sys_policy/><sys_replace_on_upgrade>false</sys_replace_on_upgrade><sys_scope display_value="Global">global</sys_scope><sys_update_name>contract_sla_a175c06adbb24f40a8a37dfdae961998</sys_update_name><sys_updated_by>lakshmi.kalatippi</sys_updated_by><sys_updated_on>2018-02-08 13:20:35</sys_updated_on><timezone/><timezone_source>task.caller_id.time_zone</timezone_source><type>SLA</type><u_ajg_sla_type/><u_group/><u_item/><u_vendor/><when_to_cancel>no_match</when_to_cancel><when_to_resume>no_match</when_to_resume><workflow display_value="Default SLA workflow">4b6570360a0a0b3000bbacab877713f2</workflow></contract_sla></record_update>]]></payload>
<remote_update_set display_value="A&amp;W Incident Management - LK - V12">f785cb13dbe093042dfc78a6ae96191e</remote_update_set>
<replace_on_upgrade>false</replace_on_upgrade>
<sys_created_by>lakshmi.kalatippi</sys_created_by>
<sys_created_on>2018-03-05 11:39:48</sys_created_on>
<sys_id>bf85cb13dbe093042dfc78a6ae96191e</sys_id>
<sys_mod_count>0</sys_mod_count>
<sys_updated_by>lakshmi.kalatippi</sys_updated_by>
<sys_updated_on>2018-03-05 11:39:48</sys_updated_on>
<table>incident</table>
<target_name> Resolution SLA: Priority 2 A&amp;W(3 Hr)</target_name>
<type>SLA Definition</type>
<update_domain>409c30addb8e8f0066e6f2f5ab9619e3</update_domain>
<update_set display_value=""/>
<view/>
</sys_update_xml>
<sys_update_xml action="INSERT_OR_UPDATE">
<action>INSERT_OR_UPDATE</action>
<application display_value="Global">global</application>
<category>customer</category>
<comments/>
<name>sys_security_acl_93d30bbedb87cf80a8a37dfdae9619b2</name>
<payload>&lt;?xml version="1.0" encoding="UTF-8"?&gt;&lt;record_update table="sys_security_acl"&gt;&lt;sys_security_acl action="INSERT_OR_UPDATE"&gt;&lt;active&gt;true&lt;/active&gt;&lt;admin_overrides&gt;true&lt;/admin_overrides&gt;&lt;advanced&gt;true&lt;/advanced&gt;&lt;condition/&gt;&lt;description&gt;Allow read for state in incident, if the ACL script returns true.&lt;/description&gt;&lt;name&gt;incident.state&lt;/name&gt;&lt;operation display_value="read"&gt;read&lt;/operation&gt;&lt;script&gt;&lt;![CDATA[answer=false;
if(current.sys_domain!="409c30addb8e8f0066e6f2f5ab9619e3")
	{
		answer=true;
	}
else
	{
		if(gs.getUserID().hasRole("admin"))
			{
				answer=true;
			}
	}
]]&gt;&lt;/script&gt;&lt;sys_class_name&gt;sys_security_acl&lt;/sys_class_name&gt;&lt;sys_created_by&gt;lakshmi.kalatippi@capgemini.com&lt;/sys_created_by&gt;&lt;sys_created_on&gt;2017-12-19 08:44:06&lt;/sys_created_on&gt;&lt;sys_customer_update&gt;true&lt;/sys_customer_update&gt;&lt;sys_id&gt;93d30bbedb87cf80a8a37dfdae9619b2&lt;/sys_id&gt;&lt;sys_mod_count&gt;9&lt;/sys_mod_count&gt;&lt;sys_name&gt;incident.state&lt;/sys_name&gt;&lt;sys_package display_value="Global" source="global"&gt;global&lt;/sys_package&gt;&lt;sys_policy/&gt;&lt;sys_replace_on_upgrade&gt;false&lt;/sys_replace_on_upgrade&gt;&lt;sys_scope display_value="Global"&gt;global&lt;/sys_scope&gt;&lt;sys_update_name&gt;sys_security_acl_93d30bbedb87cf80a8a37dfdae9619b2&lt;/sys_update_name&gt;&lt;sys_updated_by&gt;lakshmi.kalatippi&lt;/sys_updated_by&gt;&lt;sys_updated_on&gt;2018-02-08 13:14:57&lt;/sys_updated_on&gt;&lt;type display_value="record"&gt;record&lt;/type&gt;&lt;u_relate/&gt;&lt;u_relate_table/&gt;&lt;/sys_security_acl&gt;&lt;/record_update&gt;</payload>
<remote_update_set display_value="A&amp;W Incident Management - LK - V12">f785cb13dbe093042dfc78a6ae96191e</remote_update_set>
<replace_on_upgrade>false</replace_on_upgrade>
<sys_created_by>lakshmi.kalatippi</sys_created_by>
<sys_created_on>2018-03-05 11:39:48</sys_created_on>
<sys_id>f785cb13dbe093042dfc78a6ae96191f</sys_id>
<sys_mod_count>0</sys_mod_count>
<sys_updated_by>lakshmi.kalatippi</sys_updated_by>
<sys_updated_on>2018-03-05 11:39:48</sys_updated_on>
<table>incident.state</table>
<target_name>incident.state</target_name>
<type>Access Control</type>
<update_domain/>
<update_set display_value=""/>
<view/>
</sys_update_xml>
<sys_update_xml action="INSERT_OR_UPDATE">
<action>INSERT_OR_UPDATE</action>
<application display_value="Global">global</application>
<category>customer</category>
<comments/>
<name>contract_sla_5df644aadbb24f40a8a37dfdae9619fa</name>
<payload><![CDATA[<?xml version="1.0" encoding="UTF-8"?><record_update sys_domain="409c30addb8e8f0066e6f2f5ab9619e3" table="contract_sla"><contract_sla action="INSERT_OR_UPDATE"><active>true</active><cancel_condition/><collection>incident</collection><condition_class/><duration>1970-01-01 06:30:00</duration><duration_type/><enable_logging>false</enable_logging><name> Resolution SLA: Priority 3 A&amp;W(6.5 Hrs)</name><pause_condition table="incident">incident_state=14^ORincident_state=13^EQ<item endquery="false" field="incident_state" goto="false" newquery="false" operator="=" or="false" value="14"/><item endquery="false" field="incident_state" goto="false" newquery="false" operator="=" or="true" value="13"/><item endquery="true" field="" goto="false" newquery="false" operator="=" or="false" value=""/></pause_condition><relative_duration_works_on>Task record</relative_duration_works_on><reset_condition/><resume_condition/><retroactive>false</retroactive><retroactive_pause>true</retroactive_pause><schedule display_value="8-5 weekdays">08fcd0830a0a0b2600079f56b1adb9ae</schedule><schedule_source>sla_definition</schedule_source><schedule_source_field/><set_start_to>u_ora_alert_received</set_start_to><start_condition table="incident">active=true^priority=3^assigned_toISNOTEMPTY^assignment_groupISNOTEMPTY^EQ<item endquery="false" field="active" goto="false" newquery="false" operator="=" or="false" value="true"/><item endquery="false" field="priority" goto="false" newquery="false" operator="=" or="false" value="3"/><item endquery="false" field="assigned_to" goto="false" newquery="false" operator="ISNOTEMPTY" or="false" value=""/><item endquery="false" field="assignment_group" goto="false" newquery="false" operator="ISNOTEMPTY" or="false" value=""/><item endquery="true" field="" goto="false" newquery="false" operator="=" or="false" value=""/></start_condition><stop_condition table="incident">incident_state=6^ORincident_state=705^EQ<item endquery="false" field="incident_state" goto="false" newquery="false" operator="=" or="false" value="6"/><item endquery="false" field="incident_state" goto="false" newquery="false" operator="=" or="true" value="705"/><item endquery="true" field="" goto="false" newquery="false" operator="=" or="false" value=""/></stop_condition><sys_class_name>contract_sla</sys_class_name><sys_created_by>lakshmi.kalatippi@capgemini.com</sys_created_by><sys_created_on>2017-12-05 14:03:41</sys_created_on><sys_customer_update>true</sys_customer_update><sys_domain>409c30addb8e8f0066e6f2f5ab9619e3</sys_domain><sys_domain_path>!!!/!!D/</sys_domain_path><sys_id>5df644aadbb24f40a8a37dfdae9619fa</sys_id><sys_mod_count>9</sys_mod_count><sys_name> Resolution SLA: Priority 3 A&amp;W(6.5 Hrs)</sys_name><sys_overrides/><sys_package display_value="Global" source="global">global</sys_package><sys_policy/><sys_replace_on_upgrade>false</sys_replace_on_upgrade><sys_scope display_value="Global">global</sys_scope><sys_update_name>contract_sla_5df644aadbb24f40a8a37dfdae9619fa</sys_update_name><sys_updated_by>lakshmi.kalatippi</sys_updated_by><sys_updated_on>2018-02-08 13:20:48</sys_updated_on><timezone/><timezone_source>task.caller_id.time_zone</timezone_source><type>SLA</type><u_ajg_sla_type/><u_group/><u_item/><u_vendor/><when_to_cancel>no_match</when_to_cancel><when_to_resume>no_match</when_to_resume><workflow display_value="Default SLA workflow">4b6570360a0a0b3000bbacab877713f2</workflow></contract_sla></record_update>]]></payload>
<remote_update_set display_value="A&amp;W Incident Management - LK - V12">f785cb13dbe093042dfc78a6ae96191e</remote_update_set>
<replace_on_upgrade>false</replace_on_upgrade>
<sys_created_by>lakshmi.kalatippi</sys_created_by>
<sys_created_on>2018-03-05 11:39:48</sys_created_on>
<sys_id>fb85cb13dbe093042dfc78a6ae96191e</sys_id>
<sys_mod_count>0</sys_mod_count>
<sys_updated_by>lakshmi.kalatippi</sys_updated_by>
<sys_updated_on>2018-03-05 11:39:48</sys_updated_on>
<table>incident</table>
<target_name> Resolution SLA: Priority 3 A&amp;W(6.5 Hrs)</target_name>
<type>SLA Definition</type>
<update_domain>409c30addb8e8f0066e6f2f5ab9619e3</update_domain>
<update_set display_value=""/>
<view/>
</sys_update_xml>
</unload>
