<?xml version="1.0" encoding="UTF-8"?>
<unload unload_date="2018-03-13 07:06:28">
<sys_remote_update_set action="INSERT_OR_UPDATE">
<application display_value="Global">global</application>
<application_name>Global</application_name>
<application_scope>global</application_scope>
<application_version/>
<collisions/>
<commit_date/>
<deleted/>
<description>For fixing issues in production</description>
<inserted/>
<name>A&amp;W  Incident Management - LK - V29</name>
<origin_sys_id/>
<release_date/>
<remote_sys_id>d19dd7e8dbbcd304a8a37dfdae961955</remote_sys_id>
<state>loaded</state>
<summary/>
<sys_class_name>sys_remote_update_set</sys_class_name>
<sys_created_by>lakshmi.kalatippi</sys_created_by>
<sys_created_on>2018-03-13 07:06:28</sys_created_on>
<sys_id>f1b3d339dbfc1f042dfc78a6ae9619b0</sys_id>
<sys_mod_count>0</sys_mod_count>
<sys_updated_by>lakshmi.kalatippi</sys_updated_by>
<sys_updated_on>2018-03-13 07:06:28</sys_updated_on>
<update_set display_value=""/>
<update_source display_value=""/>
<updated/>
</sys_remote_update_set>
<sys_update_xml action="INSERT_OR_UPDATE">
<action>INSERT_OR_UPDATE</action>
<application display_value="Global">global</application>
<category>customer</category>
<comments/>
<name>sys_script_client_809a552ddb938bc0a8a37dfdae9619a7</name>
<payload>&lt;?xml version="1.0" encoding="UTF-8"?&gt;&lt;record_update sys_domain="409c30addb8e8f0066e6f2f5ab9619e3" table="sys_script_client"&gt;&lt;sys_script_client action="INSERT_OR_UPDATE"&gt;&lt;active&gt;true&lt;/active&gt;&lt;applies_extended&gt;false&lt;/applies_extended&gt;&lt;condition/&gt;&lt;description/&gt;&lt;field&gt;u_mcd_devices_affected&lt;/field&gt;&lt;global&gt;false&lt;/global&gt;&lt;messages/&gt;&lt;name&gt;Hide Assignment Details For End Users&lt;/name&gt;&lt;order/&gt;&lt;script&gt;&lt;![CDATA[function onLoad() {
	//if(!g_user.hasRoles() || g_user.hasRoleExactly("ESS")){
		//alert(g_user.hasRoles());
		g_form.setDisplay('impact',false);
		if(g_form.isNewRecord()){
			g_form.setMandatory('assignment_group',false);
			g_form.setDisplay('assignment_group',false);
			//g_form.setDisplay('assigned_to',false);
			g_form.setReadOnly('assignment_group',true);
		}
		else{
			//	alert("not new record");
			g_form.setDisplay('assignment_group',true);
			g_form.setReadOnly('assignment_group',true);
			//g_form.setDisplay('assigned_to',true);
			//g_form.setReadOnly('assigned_to',true);
		}
		//}
	}]]&gt;&lt;/script&gt;&lt;sys_class_name&gt;sys_script_client&lt;/sys_class_name&gt;&lt;sys_created_by&gt;sangeet.mahapatra&lt;/sys_created_by&gt;&lt;sys_created_on&gt;2017-12-27 14:07:22&lt;/sys_created_on&gt;&lt;sys_customer_update&gt;true&lt;/sys_customer_update&gt;&lt;sys_domain&gt;409c30addb8e8f0066e6f2f5ab9619e3&lt;/sys_domain&gt;&lt;sys_domain_path&gt;!!!/!!D/&lt;/sys_domain_path&gt;&lt;sys_id&gt;809a552ddb938bc0a8a37dfdae9619a7&lt;/sys_id&gt;&lt;sys_mod_count&gt;22&lt;/sys_mod_count&gt;&lt;sys_name&gt;Hide Assignment Details For End Users&lt;/sys_name&gt;&lt;sys_overrides display_value=""&gt;global&lt;/sys_overrides&gt;&lt;sys_package display_value="Global" source="global"&gt;global&lt;/sys_package&gt;&lt;sys_policy/&gt;&lt;sys_replace_on_upgrade&gt;false&lt;/sys_replace_on_upgrade&gt;&lt;sys_scope display_value="Global"&gt;global&lt;/sys_scope&gt;&lt;sys_update_name&gt;sys_script_client_809a552ddb938bc0a8a37dfdae9619a7&lt;/sys_update_name&gt;&lt;sys_updated_by&gt;lakshmi.kalatippi&lt;/sys_updated_by&gt;&lt;sys_updated_on&gt;2018-03-09 10:51:16&lt;/sys_updated_on&gt;&lt;table&gt;incident&lt;/table&gt;&lt;type&gt;onLoad&lt;/type&gt;&lt;u_relate/&gt;&lt;u_relate_table/&gt;&lt;ui_type&gt;0&lt;/ui_type&gt;&lt;view&gt;ess&lt;/view&gt;&lt;/sys_script_client&gt;&lt;/record_update&gt;</payload>
<remote_update_set display_value="A&amp;W  Incident Management - LK - V29">f1b3d339dbfc1f042dfc78a6ae9619b0</remote_update_set>
<replace_on_upgrade>false</replace_on_upgrade>
<sys_created_by>lakshmi.kalatippi</sys_created_by>
<sys_created_on>2018-03-13 07:06:28</sys_created_on>
<sys_id>31b3d339dbfc1f042dfc78a6ae9619b1</sys_id>
<sys_mod_count>0</sys_mod_count>
<sys_updated_by>lakshmi.kalatippi</sys_updated_by>
<sys_updated_on>2018-03-13 07:06:28</sys_updated_on>
<table>incident</table>
<target_name>Hide Assignment Details For End Users</target_name>
<type>Client Script</type>
<update_domain>409c30addb8e8f0066e6f2f5ab9619e3</update_domain>
<update_set display_value=""/>
<view/>
</sys_update_xml>
<sys_update_xml action="INSERT_OR_UPDATE">
<action>INSERT_OR_UPDATE</action>
<application display_value="Global">global</application>
<category>customer</category>
<comments/>
<name>sys_ui_section_cc413ee4db6a0700a8a37dfdae96195d</name>
<payload><![CDATA[<?xml version="1.0" encoding="UTF-8"?><record_update><sys_ui_section caption="" section_id="cc413ee4db6a0700a8a37dfdae96195d" sys_domain="409c30addb8e8f0066e6f2f5ab9619e3" table="incident" version="3" view=""><sys_ui_element action="INSERT_OR_UPDATE"><element>process_flow.xml</element><position>0</position><sys_created_by>lakshmi.kalatippi</sys_created_by><sys_created_on>2018-03-09 11:41:35</sys_created_on><sys_id>b05c6f68dbfcd304a8a37dfdae96197e</sys_id><sys_mod_count>0</sys_mod_count><sys_ui_formatter display_value="Process Flow">3706f92da413f54cda254a6241af34f5</sys_ui_formatter><sys_ui_section caption="NULL" display_value="" name="incident" sys_domain="409c30addb8e8f0066e6f2f5ab9619e3" view="Default view">cc413ee4db6a0700a8a37dfdae96195d</sys_ui_section><sys_updated_by>lakshmi.kalatippi</sys_updated_by><sys_updated_on>2018-03-09 11:41:35</sys_updated_on><sys_user/><type>formatter</type></sys_ui_element><sys_ui_element action="INSERT_OR_UPDATE"><element>.begin_split</element><position>1</position><sys_created_by>lakshmi.kalatippi</sys_created_by><sys_created_on>2018-03-09 11:41:35</sys_created_on><sys_id>745c6f68dbfcd304a8a37dfdae96197e</sys_id><sys_mod_count>0</sys_mod_count><sys_ui_formatter/><sys_ui_section caption="NULL" display_value="" name="incident" sys_domain="409c30addb8e8f0066e6f2f5ab9619e3" view="Default view">cc413ee4db6a0700a8a37dfdae96195d</sys_ui_section><sys_updated_by>lakshmi.kalatippi</sys_updated_by><sys_updated_on>2018-03-09 11:41:35</sys_updated_on><sys_user/><type>.begin_split</type></sys_ui_element><sys_ui_element action="INSERT_OR_UPDATE"><element>number</element><position>2</position><sys_created_by>lakshmi.kalatippi</sys_created_by><sys_created_on>2018-03-09 11:41:35</sys_created_on><sys_id>f45c6f68dbfcd304a8a37dfdae96197e</sys_id><sys_mod_count>0</sys_mod_count><sys_ui_formatter/><sys_ui_section caption="NULL" display_value="" name="incident" sys_domain="409c30addb8e8f0066e6f2f5ab9619e3" view="Default view">cc413ee4db6a0700a8a37dfdae96195d</sys_ui_section><sys_updated_by>lakshmi.kalatippi</sys_updated_by><sys_updated_on>2018-03-09 11:41:35</sys_updated_on><sys_user/><type/></sys_ui_element><sys_ui_element action="INSERT_OR_UPDATE"><element>caller_id</element><position>3</position><sys_created_by>lakshmi.kalatippi</sys_created_by><sys_created_on>2018-03-09 11:41:35</sys_created_on><sys_id>785c6f68dbfcd304a8a37dfdae96197e</sys_id><sys_mod_count>0</sys_mod_count><sys_ui_formatter/><sys_ui_section caption="NULL" display_value="" name="incident" sys_domain="409c30addb8e8f0066e6f2f5ab9619e3" view="Default view">cc413ee4db6a0700a8a37dfdae96195d</sys_ui_section><sys_updated_by>lakshmi.kalatippi</sys_updated_by><sys_updated_on>2018-03-09 11:41:35</sys_updated_on><sys_user/><type/></sys_ui_element><sys_ui_element action="INSERT_OR_UPDATE"><element>caller_id.location</element><position>4</position><sys_created_by>lakshmi.kalatippi</sys_created_by><sys_created_on>2018-03-09 11:41:35</sys_created_on><sys_id>f85c6f68dbfcd304a8a37dfdae96197e</sys_id><sys_mod_count>0</sys_mod_count><sys_ui_formatter/><sys_ui_section caption="NULL" display_value="" name="incident" sys_domain="409c30addb8e8f0066e6f2f5ab9619e3" view="Default view">cc413ee4db6a0700a8a37dfdae96195d</sys_ui_section><sys_updated_by>lakshmi.kalatippi</sys_updated_by><sys_updated_on>2018-03-09 11:41:35</sys_updated_on><sys_user/><type/></sys_ui_element><sys_ui_element action="INSERT_OR_UPDATE"><element>u_restaurant_aw</element><position>5</position><sys_created_by>lakshmi.kalatippi</sys_created_by><sys_created_on>2018-03-09 11:41:35</sys_created_on><sys_id>7c5c6f68dbfcd304a8a37dfdae96197e</sys_id><sys_mod_count>0</sys_mod_count><sys_ui_formatter/><sys_ui_section caption="NULL" display_value="" name="incident" sys_domain="409c30addb8e8f0066e6f2f5ab9619e3" view="Default view">cc413ee4db6a0700a8a37dfdae96195d</sys_ui_section><sys_updated_by>lakshmi.kalatippi</sys_updated_by><sys_updated_on>2018-03-09 11:41:35</sys_updated_on><sys_user/><type/></sys_ui_element><sys_ui_element action="INSERT_OR_UPDATE"><element>u_restaurant_aw.location.name</element><position>6</position><sys_created_by>lakshmi.kalatippi</sys_created_by><sys_created_on>2018-03-09 11:41:35</sys_created_on><sys_id>fc5c6f68dbfcd304a8a37dfdae96197e</sys_id><sys_mod_count>0</sys_mod_count><sys_ui_formatter/><sys_ui_section caption="NULL" display_value="" name="incident" sys_domain="409c30addb8e8f0066e6f2f5ab9619e3" view="Default view">cc413ee4db6a0700a8a37dfdae96195d</sys_ui_section><sys_updated_by>lakshmi.kalatippi</sys_updated_by><sys_updated_on>2018-03-09 11:41:35</sys_updated_on><sys_user/><type/></sys_ui_element><sys_ui_element action="INSERT_OR_UPDATE"><element>u_restaurant_aw.u_language</element><position>7</position><sys_created_by>lakshmi.kalatippi</sys_created_by><sys_created_on>2018-03-09 11:41:35</sys_created_on><sys_id>705c6f68dbfcd304a8a37dfdae96197f</sys_id><sys_mod_count>0</sys_mod_count><sys_ui_formatter/><sys_ui_section caption="NULL" display_value="" name="incident" sys_domain="409c30addb8e8f0066e6f2f5ab9619e3" view="Default view">cc413ee4db6a0700a8a37dfdae96195d</sys_ui_section><sys_updated_by>lakshmi.kalatippi</sys_updated_by><sys_updated_on>2018-03-09 11:41:35</sys_updated_on><sys_user/><type/></sys_ui_element><sys_ui_element action="INSERT_OR_UPDATE"><element>impact</element><position>8</position><sys_created_by>lakshmi.kalatippi</sys_created_by><sys_created_on>2018-03-09 11:41:35</sys_created_on><sys_id>f05c6f68dbfcd304a8a37dfdae96197f</sys_id><sys_mod_count>0</sys_mod_count><sys_ui_formatter/><sys_ui_section caption="NULL" display_value="" name="incident" sys_domain="409c30addb8e8f0066e6f2f5ab9619e3" view="Default view">cc413ee4db6a0700a8a37dfdae96195d</sys_ui_section><sys_updated_by>lakshmi.kalatippi</sys_updated_by><sys_updated_on>2018-03-09 11:41:35</sys_updated_on><sys_user/><type/></sys_ui_element><sys_ui_element action="INSERT_OR_UPDATE"><element>urgency</element><position>9</position><sys_created_by>lakshmi.kalatippi</sys_created_by><sys_created_on>2018-03-09 11:41:35</sys_created_on><sys_id>745c6f68dbfcd304a8a37dfdae96197f</sys_id><sys_mod_count>0</sys_mod_count><sys_ui_formatter/><sys_ui_section caption="NULL" display_value="" name="incident" sys_domain="409c30addb8e8f0066e6f2f5ab9619e3" view="Default view">cc413ee4db6a0700a8a37dfdae96195d</sys_ui_section><sys_updated_by>lakshmi.kalatippi</sys_updated_by><sys_updated_on>2018-03-09 11:41:35</sys_updated_on><sys_user/><type/></sys_ui_element><sys_ui_element action="INSERT_OR_UPDATE"><element>priority</element><position>10</position><sys_created_by>lakshmi.kalatippi</sys_created_by><sys_created_on>2018-03-09 11:41:35</sys_created_on><sys_id>f45c6f68dbfcd304a8a37dfdae96197f</sys_id><sys_mod_count>0</sys_mod_count><sys_ui_formatter/><sys_ui_section caption="NULL" display_value="" name="incident" sys_domain="409c30addb8e8f0066e6f2f5ab9619e3" view="Default view">cc413ee4db6a0700a8a37dfdae96195d</sys_ui_section><sys_updated_by>lakshmi.kalatippi</sys_updated_by><sys_updated_on>2018-03-09 11:41:35</sys_updated_on><sys_user/><type/></sys_ui_element><sys_ui_element action="INSERT_OR_UPDATE"><element>.split</element><position>11</position><sys_created_by>lakshmi.kalatippi</sys_created_by><sys_created_on>2018-03-09 11:41:35</sys_created_on><sys_id>785c6f68dbfcd304a8a37dfdae96197f</sys_id><sys_mod_count>0</sys_mod_count><sys_ui_formatter/><sys_ui_section caption="NULL" display_value="" name="incident" sys_domain="409c30addb8e8f0066e6f2f5ab9619e3" view="Default view">cc413ee4db6a0700a8a37dfdae96195d</sys_ui_section><sys_updated_by>lakshmi.kalatippi</sys_updated_by><sys_updated_on>2018-03-09 11:41:35</sys_updated_on><sys_user/><type>.split</type></sys_ui_element><sys_ui_element action="INSERT_OR_UPDATE"><element>sys_created_on</element><position>12</position><sys_created_by>lakshmi.kalatippi</sys_created_by><sys_created_on>2018-03-09 11:41:35</sys_created_on><sys_id>f85c6f68dbfcd304a8a37dfdae96197f</sys_id><sys_mod_count>0</sys_mod_count><sys_ui_formatter/><sys_ui_section caption="NULL" display_value="" name="incident" sys_domain="409c30addb8e8f0066e6f2f5ab9619e3" view="Default view">cc413ee4db6a0700a8a37dfdae96195d</sys_ui_section><sys_updated_by>lakshmi.kalatippi</sys_updated_by><sys_updated_on>2018-03-09 11:41:35</sys_updated_on><sys_user/><type/></sys_ui_element><sys_ui_element action="INSERT_OR_UPDATE"><element>opened_by</element><position>13</position><sys_created_by>lakshmi.kalatippi</sys_created_by><sys_created_on>2018-03-09 11:41:35</sys_created_on><sys_id>7c5c6f68dbfcd304a8a37dfdae96197f</sys_id><sys_mod_count>0</sys_mod_count><sys_ui_formatter/><sys_ui_section caption="NULL" display_value="" name="incident" sys_domain="409c30addb8e8f0066e6f2f5ab9619e3" view="Default view">cc413ee4db6a0700a8a37dfdae96195d</sys_ui_section><sys_updated_by>lakshmi.kalatippi</sys_updated_by><sys_updated_on>2018-03-09 11:41:35</sys_updated_on><sys_user/><type/></sys_ui_element><sys_ui_element action="INSERT_OR_UPDATE"><element>incident_state</element><position>14</position><sys_created_by>lakshmi.kalatippi</sys_created_by><sys_created_on>2018-03-09 11:41:35</sys_created_on><sys_id>fc5c6f68dbfcd304a8a37dfdae96197f</sys_id><sys_mod_count>0</sys_mod_count><sys_ui_formatter/><sys_ui_section caption="NULL" display_value="" name="incident" sys_domain="409c30addb8e8f0066e6f2f5ab9619e3" view="Default view">cc413ee4db6a0700a8a37dfdae96195d</sys_ui_section><sys_updated_by>lakshmi.kalatippi</sys_updated_by><sys_updated_on>2018-03-09 11:41:35</sys_updated_on><sys_user/><type/></sys_ui_element><sys_ui_element action="INSERT_OR_UPDATE"><element>u_vendor_a_w</element><position>15</position><sys_created_by>lakshmi.kalatippi</sys_created_by><sys_created_on>2018-03-09 11:41:35</sys_created_on><sys_id>705c6f68dbfcd304a8a37dfdae961980</sys_id><sys_mod_count>0</sys_mod_count><sys_ui_formatter/><sys_ui_section caption="NULL" display_value="" name="incident" sys_domain="409c30addb8e8f0066e6f2f5ab9619e3" view="Default view">cc413ee4db6a0700a8a37dfdae96195d</sys_ui_section><sys_updated_by>lakshmi.kalatippi</sys_updated_by><sys_updated_on>2018-03-09 11:41:35</sys_updated_on><sys_user/><type/></sys_ui_element><sys_ui_element action="INSERT_OR_UPDATE"><element>contact_type</element><position>16</position><sys_created_by>lakshmi.kalatippi</sys_created_by><sys_created_on>2018-03-09 11:41:35</sys_created_on><sys_id>f05c6f68dbfcd304a8a37dfdae961980</sys_id><sys_mod_count>0</sys_mod_count><sys_ui_formatter/><sys_ui_section caption="NULL" display_value="" name="incident" sys_domain="409c30addb8e8f0066e6f2f5ab9619e3" view="Default view">cc413ee4db6a0700a8a37dfdae96195d</sys_ui_section><sys_updated_by>lakshmi.kalatippi</sys_updated_by><sys_updated_on>2018-03-09 11:41:35</sys_updated_on><sys_user/><type/></sys_ui_element><sys_ui_element action="INSERT_OR_UPDATE"><element>category</element><position>17</position><sys_created_by>lakshmi.kalatippi</sys_created_by><sys_created_on>2018-03-09 11:41:35</sys_created_on><sys_id>745c6f68dbfcd304a8a37dfdae961980</sys_id><sys_mod_count>0</sys_mod_count><sys_ui_formatter/><sys_ui_section caption="NULL" display_value="" name="incident" sys_domain="409c30addb8e8f0066e6f2f5ab9619e3" view="Default view">cc413ee4db6a0700a8a37dfdae96195d</sys_ui_section><sys_updated_by>lakshmi.kalatippi</sys_updated_by><sys_updated_on>2018-03-09 11:41:35</sys_updated_on><sys_user/><type/></sys_ui_element><sys_ui_element action="INSERT_OR_UPDATE"><element>subcategory</element><position>18</position><sys_created_by>lakshmi.kalatippi</sys_created_by><sys_created_on>2018-03-09 11:41:35</sys_created_on><sys_id>f45c6f68dbfcd304a8a37dfdae961980</sys_id><sys_mod_count>0</sys_mod_count><sys_ui_formatter/><sys_ui_section caption="NULL" display_value="" name="incident" sys_domain="409c30addb8e8f0066e6f2f5ab9619e3" view="Default view">cc413ee4db6a0700a8a37dfdae96195d</sys_ui_section><sys_updated_by>lakshmi.kalatippi</sys_updated_by><sys_updated_on>2018-03-09 11:41:35</sys_updated_on><sys_user/><type/></sys_ui_element><sys_ui_element action="INSERT_OR_UPDATE"><element>u_a_w_subclassification</element><position>19</position><sys_created_by>lakshmi.kalatippi</sys_created_by><sys_created_on>2018-03-09 11:41:35</sys_created_on><sys_id>785c6f68dbfcd304a8a37dfdae961980</sys_id><sys_mod_count>0</sys_mod_count><sys_ui_formatter/><sys_ui_section caption="NULL" display_value="" name="incident" sys_domain="409c30addb8e8f0066e6f2f5ab9619e3" view="Default view">cc413ee4db6a0700a8a37dfdae96195d</sys_ui_section><sys_updated_by>lakshmi.kalatippi</sys_updated_by><sys_updated_on>2018-03-09 11:41:35</sys_updated_on><sys_user/><type/></sys_ui_element><sys_ui_element action="INSERT_OR_UPDATE"><element>assignment_group</element><position>20</position><sys_created_by>lakshmi.kalatippi</sys_created_by><sys_created_on>2018-03-09 11:41:35</sys_created_on><sys_id>f85c6f68dbfcd304a8a37dfdae961980</sys_id><sys_mod_count>0</sys_mod_count><sys_ui_formatter/><sys_ui_section caption="NULL" display_value="" name="incident" sys_domain="409c30addb8e8f0066e6f2f5ab9619e3" view="Default view">cc413ee4db6a0700a8a37dfdae96195d</sys_ui_section><sys_updated_by>lakshmi.kalatippi</sys_updated_by><sys_updated_on>2018-03-09 11:41:35</sys_updated_on><sys_user/><type/></sys_ui_element><sys_ui_element action="INSERT_OR_UPDATE"><element>assigned_to</element><position>21</position><sys_created_by>lakshmi.kalatippi</sys_created_by><sys_created_on>2018-03-09 11:41:35</sys_created_on><sys_id>7c5c6f68dbfcd304a8a37dfdae961980</sys_id><sys_mod_count>0</sys_mod_count><sys_ui_formatter/><sys_ui_section caption="NULL" display_value="" name="incident" sys_domain="409c30addb8e8f0066e6f2f5ab9619e3" view="Default view">cc413ee4db6a0700a8a37dfdae96195d</sys_ui_section><sys_updated_by>lakshmi.kalatippi</sys_updated_by><sys_updated_on>2018-03-09 11:41:35</sys_updated_on><sys_user/><type/></sys_ui_element><sys_ui_element action="INSERT_OR_UPDATE"><element>.end_split</element><position>22</position><sys_created_by>lakshmi.kalatippi</sys_created_by><sys_created_on>2018-03-09 11:41:35</sys_created_on><sys_id>fc5c6f68dbfcd304a8a37dfdae961980</sys_id><sys_mod_count>0</sys_mod_count><sys_ui_formatter/><sys_ui_section caption="NULL" display_value="" name="incident" sys_domain="409c30addb8e8f0066e6f2f5ab9619e3" view="Default view">cc413ee4db6a0700a8a37dfdae96195d</sys_ui_section><sys_updated_by>lakshmi.kalatippi</sys_updated_by><sys_updated_on>2018-03-09 11:41:35</sys_updated_on><sys_user/><type>.end_split</type></sys_ui_element><sys_ui_element action="INSERT_OR_UPDATE"><element>short_description</element><position>23</position><sys_created_by>lakshmi.kalatippi</sys_created_by><sys_created_on>2018-03-09 11:41:35</sys_created_on><sys_id>705c6f68dbfcd304a8a37dfdae961981</sys_id><sys_mod_count>0</sys_mod_count><sys_ui_formatter/><sys_ui_section caption="NULL" display_value="" name="incident" sys_domain="409c30addb8e8f0066e6f2f5ab9619e3" view="Default view">cc413ee4db6a0700a8a37dfdae96195d</sys_ui_section><sys_updated_by>lakshmi.kalatippi</sys_updated_by><sys_updated_on>2018-03-09 11:41:35</sys_updated_on><sys_user/><type/></sys_ui_element><sys_ui_element action="INSERT_OR_UPDATE"><element>description</element><position>24</position><sys_created_by>lakshmi.kalatippi</sys_created_by><sys_created_on>2018-03-09 11:41:35</sys_created_on><sys_id>f05c6f68dbfcd304a8a37dfdae961981</sys_id><sys_mod_count>0</sys_mod_count><sys_ui_formatter/><sys_ui_section caption="NULL" display_value="" name="incident" sys_domain="409c30addb8e8f0066e6f2f5ab9619e3" view="Default view">cc413ee4db6a0700a8a37dfdae96195d</sys_ui_section><sys_updated_by>lakshmi.kalatippi</sys_updated_by><sys_updated_on>2018-03-09 11:41:35</sys_updated_on><sys_user/><type/></sys_ui_element><sys_ui_section action="INSERT_OR_UPDATE"><caption/><header>false</header><name>incident</name><roles/><sys_class_name>sys_ui_section</sys_class_name><sys_created_by>lakshmi.kalatippi@capgemini.com</sys_created_by><sys_created_on>2017-11-17 11:02:11</sys_created_on><sys_customer_update>true</sys_customer_update><sys_domain>409c30addb8e8f0066e6f2f5ab9619e3</sys_domain><sys_domain_path>!!!/!!D/</sys_domain_path><sys_id>cc413ee4db6a0700a8a37dfdae96195d</sys_id><sys_mod_count>0</sys_mod_count><sys_name>incident</sys_name><sys_overrides caption="NULL" display_value="" name="incident" sys_domain="global" view="Default view">bf1d96e3c0a801640190725e63f8ac80</sys_overrides><sys_package display_value="Global" source="global">global</sys_package><sys_policy/><sys_replace_on_upgrade>false</sys_replace_on_upgrade><sys_scope display_value="Global">global</sys_scope><sys_update_name>sys_ui_section_cc413ee4db6a0700a8a37dfdae96195d</sys_update_name><sys_updated_by>lakshmi.kalatippi@capgemini.com</sys_updated_by><sys_updated_on>2017-11-17 11:02:11</sys_updated_on><sys_user/><title>true</title><view display_value="Default view" name="NULL">Default view</view><view_name/></sys_ui_section></sys_ui_section></record_update>]]></payload>
<remote_update_set display_value="A&amp;W  Incident Management - LK - V29">f1b3d339dbfc1f042dfc78a6ae9619b0</remote_update_set>
<replace_on_upgrade>false</replace_on_upgrade>
<sys_created_by>lakshmi.kalatippi</sys_created_by>
<sys_created_on>2018-03-13 07:06:28</sys_created_on>
<sys_id>75b31379dbfc1f042dfc78a6ae961915</sys_id>
<sys_mod_count>0</sys_mod_count>
<sys_updated_by>lakshmi.kalatippi</sys_updated_by>
<sys_updated_on>2018-03-13 07:06:28</sys_updated_on>
<table>incident</table>
<target_name>Incident</target_name>
<type>Form Layout</type>
<update_domain>409c30addb8e8f0066e6f2f5ab9619e3</update_domain>
<update_set display_value=""/>
<view/>
</sys_update_xml>
<sys_update_xml action="INSERT_OR_UPDATE">
<action>INSERT_OR_UPDATE</action>
<application display_value="Global">global</application>
<category>customer</category>
<comments/>
<name>sys_script_client_1f8c9b65db8b8b80a8a37dfdae961908</name>
<payload>&lt;?xml version="1.0" encoding="UTF-8"?&gt;&lt;record_update sys_domain="409c30addb8e8f0066e6f2f5ab9619e3" table="sys_script_client"&gt;&lt;sys_script_client action="INSERT_OR_UPDATE"&gt;&lt;active&gt;true&lt;/active&gt;&lt;applies_extended&gt;false&lt;/applies_extended&gt;&lt;condition/&gt;&lt;description/&gt;&lt;field&gt;u_mcd_devices_affected&lt;/field&gt;&lt;global&gt;true&lt;/global&gt;&lt;messages/&gt;&lt;name&gt;To change labels&lt;/name&gt;&lt;order/&gt;&lt;script&gt;&lt;![CDATA[function onLoad() {
   //Type appropriate comment here, and begin script below
   changeFieldLabel('rfc', 'Change Request');
   changeFieldLabel('problem_id', 'Problem Number');
}
function changeFieldLabel(field, label){
try{
var labelElement = $('label.' + g_form.getControl(field).id);
labelElement.select('.label-text').each(function(elmt) {
elmt.innerHTML = label ;
});
}catch(e){}
}]]&gt;&lt;/script&gt;&lt;sys_class_name&gt;sys_script_client&lt;/sys_class_name&gt;&lt;sys_created_by&gt;rkulshreshtha&lt;/sys_created_by&gt;&lt;sys_created_on&gt;2017-12-15 13:20:19&lt;/sys_created_on&gt;&lt;sys_customer_update&gt;true&lt;/sys_customer_update&gt;&lt;sys_domain&gt;409c30addb8e8f0066e6f2f5ab9619e3&lt;/sys_domain&gt;&lt;sys_domain_path&gt;!!!/!!D/&lt;/sys_domain_path&gt;&lt;sys_id&gt;1f8c9b65db8b8b80a8a37dfdae961908&lt;/sys_id&gt;&lt;sys_mod_count&gt;7&lt;/sys_mod_count&gt;&lt;sys_name&gt;To change labels&lt;/sys_name&gt;&lt;sys_overrides display_value=""&gt;global&lt;/sys_overrides&gt;&lt;sys_package display_value="Global" source="global"&gt;global&lt;/sys_package&gt;&lt;sys_policy/&gt;&lt;sys_replace_on_upgrade&gt;false&lt;/sys_replace_on_upgrade&gt;&lt;sys_scope display_value="Global"&gt;global&lt;/sys_scope&gt;&lt;sys_update_name&gt;sys_script_client_1f8c9b65db8b8b80a8a37dfdae961908&lt;/sys_update_name&gt;&lt;sys_updated_by&gt;lakshmi.kalatippi&lt;/sys_updated_by&gt;&lt;sys_updated_on&gt;2018-03-09 10:53:19&lt;/sys_updated_on&gt;&lt;table&gt;incident&lt;/table&gt;&lt;type&gt;onLoad&lt;/type&gt;&lt;u_relate/&gt;&lt;u_relate_table/&gt;&lt;ui_type&gt;0&lt;/ui_type&gt;&lt;view/&gt;&lt;/sys_script_client&gt;&lt;/record_update&gt;</payload>
<remote_update_set display_value="A&amp;W  Incident Management - LK - V29">f1b3d339dbfc1f042dfc78a6ae9619b0</remote_update_set>
<replace_on_upgrade>false</replace_on_upgrade>
<sys_created_by>lakshmi.kalatippi</sys_created_by>
<sys_created_on>2018-03-13 07:06:28</sys_created_on>
<sys_id>7db3d339dbfc1f042dfc78a6ae9619b0</sys_id>
<sys_mod_count>0</sys_mod_count>
<sys_updated_by>lakshmi.kalatippi</sys_updated_by>
<sys_updated_on>2018-03-13 07:06:28</sys_updated_on>
<table>incident</table>
<target_name>To change labels</target_name>
<type>Client Script</type>
<update_domain>409c30addb8e8f0066e6f2f5ab9619e3</update_domain>
<update_set display_value=""/>
<view/>
</sys_update_xml>
<sys_update_xml action="INSERT_OR_UPDATE">
<action>INSERT_OR_UPDATE</action>
<application display_value="Global">global</application>
<category>customer</category>
<comments/>
<name>sys_ui_policy_e9f07804dbbb47002dfc78a6ae9619a2</name>
<payload>&lt;?xml version="1.0" encoding="UTF-8"?&gt;&lt;record_update sys_domain="409c30addb8e8f0066e6f2f5ab9619e3" table="sys_ui_policy"&gt;&lt;sys_ui_policy action="INSERT_OR_UPDATE"&gt;&lt;active&gt;true&lt;/active&gt;&lt;conditions table="incident"&gt;incident_state=7^EQ&lt;item endquery="false" field="incident_state" goto="false" newquery="false" operator="=" or="false" value="7"/&gt;&lt;item endquery="true" field="" goto="false" newquery="false" operator="=" or="false" value=""/&gt;&lt;/conditions&gt;&lt;description/&gt;&lt;global&gt;true&lt;/global&gt;&lt;inherit&gt;false&lt;/inherit&gt;&lt;model_id/&gt;&lt;model_table/&gt;&lt;on_load&gt;true&lt;/on_load&gt;&lt;order&gt;100&lt;/order&gt;&lt;reverse_if_false&gt;false&lt;/reverse_if_false&gt;&lt;run_scripts&gt;false&lt;/run_scripts&gt;&lt;script_false&gt;&lt;![CDATA[function onCondition() {

}]]&gt;&lt;/script_false&gt;&lt;script_true&gt;&lt;![CDATA[function onCondition() {

}]]&gt;&lt;/script_true&gt;&lt;set_values/&gt;&lt;short_description&gt;Make fields read-only on close&lt;/short_description&gt;&lt;sys_class_name&gt;sys_ui_policy&lt;/sys_class_name&gt;&lt;sys_created_by&gt;lakshmi.kalatippi&lt;/sys_created_by&gt;&lt;sys_created_on&gt;2018-01-16 15:43:13&lt;/sys_created_on&gt;&lt;sys_customer_update&gt;true&lt;/sys_customer_update&gt;&lt;sys_domain&gt;409c30addb8e8f0066e6f2f5ab9619e3&lt;/sys_domain&gt;&lt;sys_domain_path&gt;!!!/!!D/&lt;/sys_domain_path&gt;&lt;sys_id&gt;e9f07804dbbb47002dfc78a6ae9619a2&lt;/sys_id&gt;&lt;sys_mod_count&gt;8&lt;/sys_mod_count&gt;&lt;sys_name&gt;Make fields read-only on close&lt;/sys_name&gt;&lt;sys_overrides display_value="Make fields read-only on close"&gt;66f94c730a0a0b0900aaaf5b88527230&lt;/sys_overrides&gt;&lt;sys_package display_value="Global" source="global"&gt;global&lt;/sys_package&gt;&lt;sys_policy/&gt;&lt;sys_replace_on_upgrade&gt;false&lt;/sys_replace_on_upgrade&gt;&lt;sys_scope display_value="Global"&gt;global&lt;/sys_scope&gt;&lt;sys_update_name&gt;sys_ui_policy_e9f07804dbbb47002dfc78a6ae9619a2&lt;/sys_update_name&gt;&lt;sys_updated_by&gt;lakshmi.kalatippi&lt;/sys_updated_by&gt;&lt;sys_updated_on&gt;2018-03-09 11:31:51&lt;/sys_updated_on&gt;&lt;table&gt;incident&lt;/table&gt;&lt;u_relate/&gt;&lt;u_relate_table/&gt;&lt;ui_type&gt;0&lt;/ui_type&gt;&lt;view/&gt;&lt;/sys_ui_policy&gt;&lt;/record_update&gt;</payload>
<remote_update_set display_value="A&amp;W  Incident Management - LK - V29">f1b3d339dbfc1f042dfc78a6ae9619b0</remote_update_set>
<replace_on_upgrade>false</replace_on_upgrade>
<sys_created_by>lakshmi.kalatippi</sys_created_by>
<sys_created_on>2018-03-13 07:06:28</sys_created_on>
<sys_id>b1b31379dbfc1f042dfc78a6ae961915</sys_id>
<sys_mod_count>0</sys_mod_count>
<sys_updated_by>lakshmi.kalatippi</sys_updated_by>
<sys_updated_on>2018-03-13 07:06:28</sys_updated_on>
<table>incident</table>
<target_name>Make fields read-only on close</target_name>
<type>UI Policy</type>
<update_domain>409c30addb8e8f0066e6f2f5ab9619e3</update_domain>
<update_set display_value=""/>
<view/>
</sys_update_xml>
<sys_update_xml action="INSERT_OR_UPDATE">
<action>INSERT_OR_UPDATE</action>
<application display_value="Global">global</application>
<category>customer</category>
<comments/>
<name>sys_security_acl_role_8de26320dbfcd304a8a37dfdae9619cd</name>
<payload><![CDATA[<?xml version="1.0" encoding="UTF-8"?><record_update table="sys_security_acl_role"><sys_security_acl_role action="INSERT_OR_UPDATE"><sys_class_name>sys_security_acl_role</sys_class_name><sys_created_by>lakshmi.kalatippi</sys_created_by><sys_created_on>2018-03-09 11:00:43</sys_created_on><sys_customer_update>true</sys_customer_update><sys_id>8de26320dbfcd304a8a37dfdae9619cd</sys_id><sys_mod_count>0</sys_mod_count><sys_name>task.u_restaurant_aw.A&amp;W ITIL</sys_name><sys_package display_value="Global" source="global">global</sys_package><sys_policy/><sys_replace_on_upgrade>false</sys_replace_on_upgrade><sys_scope display_value="Global">global</sys_scope><sys_security_acl display_value="task.u_restaurant_aw">1334b6a4dbbfc7002dfc78a6ae96194b</sys_security_acl><sys_update_name>sys_security_acl_role_8de26320dbfcd304a8a37dfdae9619cd</sys_update_name><sys_updated_by>lakshmi.kalatippi</sys_updated_by><sys_updated_on>2018-03-09 11:00:43</sys_updated_on><sys_user_role display_value="A&amp;W ITIL" name="A&amp;W ITIL">f4bd3857db0b07402dfc78a6ae9619fc</sys_user_role><transaction_id/></sys_security_acl_role></record_update>]]></payload>
<remote_update_set display_value="A&amp;W  Incident Management - LK - V29">f1b3d339dbfc1f042dfc78a6ae9619b0</remote_update_set>
<replace_on_upgrade>false</replace_on_upgrade>
<sys_created_by>lakshmi.kalatippi</sys_created_by>
<sys_created_on>2018-03-13 07:06:28</sys_created_on>
<sys_id>b5b3d339dbfc1f042dfc78a6ae9619b1</sys_id>
<sys_mod_count>0</sys_mod_count>
<sys_updated_by>lakshmi.kalatippi</sys_updated_by>
<sys_updated_on>2018-03-13 07:06:28</sys_updated_on>
<table>task.u_restaurant_aw</table>
<target_name>task.u_restaurant_aw.A&amp;W ITIL</target_name>
<type>Access Roles</type>
<update_domain/>
<update_set display_value=""/>
<view/>
</sys_update_xml>
<sys_update_xml action="INSERT_OR_UPDATE">
<action>INSERT_OR_UPDATE</action>
<application display_value="Global">global</application>
<category>customer</category>
<comments/>
<name>sys_documentation_incident_u_vendor_a_w_en</name>
<payload><![CDATA[<?xml version="1.0" encoding="UTF-8"?><record_update><sys_documentation element="u_vendor_a_w" label="Vendor" language="en" table="incident"><sys_documentation action="INSERT_OR_UPDATE"><element>u_vendor_a_w</element><help/><hint/><label>Vendor</label><language>en</language><name>incident</name><plural>Vendors</plural><sys_class_name>sys_documentation</sys_class_name><sys_created_by>lakshmi.kalatippi@capgemini.com</sys_created_by><sys_created_on>2018-01-08 13:11:32</sys_created_on><sys_customer_update>true</sys_customer_update><sys_id>2d810799dbafcb802dfc78a6ae96199c</sys_id><sys_mod_count>2</sys_mod_count><sys_name>Vendor</sys_name><sys_package display_value="Global" source="global">global</sys_package><sys_policy/><sys_replace_on_upgrade>false</sys_replace_on_upgrade><sys_scope display_value="Global">global</sys_scope><sys_update_name>sys_documentation_incident_u_vendor_a_w_en</sys_update_name><sys_updated_by>lakshmi.kalatippi</sys_updated_by><sys_updated_on>2018-03-09 11:39:32</sys_updated_on><url/><url_target/></sys_documentation></sys_documentation></record_update>]]></payload>
<remote_update_set display_value="A&amp;W  Incident Management - LK - V29">f1b3d339dbfc1f042dfc78a6ae9619b0</remote_update_set>
<replace_on_upgrade>false</replace_on_upgrade>
<sys_created_by>lakshmi.kalatippi</sys_created_by>
<sys_created_on>2018-03-13 07:06:28</sys_created_on>
<sys_id>b9b3d339dbfc1f042dfc78a6ae9619b0</sys_id>
<sys_mod_count>0</sys_mod_count>
<sys_updated_by>lakshmi.kalatippi</sys_updated_by>
<sys_updated_on>2018-03-13 07:06:28</sys_updated_on>
<table>incident</table>
<target_name>Incident.Vendor</target_name>
<type>Field Label</type>
<update_domain/>
<update_set display_value=""/>
<view/>
</sys_update_xml>
<sys_update_xml action="INSERT_OR_UPDATE">
<action>INSERT_OR_UPDATE</action>
<application display_value="Global">global</application>
<category>customer</category>
<comments/>
<name>sys_security_acl_184a27b8db334b002dfc78a6ae961933</name>
<payload><![CDATA[<?xml version="1.0" encoding="UTF-8"?><record_update table="sys_security_acl"><sys_security_acl action="INSERT_OR_UPDATE"><active>true</active><admin_overrides>true</admin_overrides><advanced>false</advanced><condition/><description/><name>u_vendor_a_w</name><operation display_value="read">read</operation><script/><sys_class_name>sys_security_acl</sys_class_name><sys_created_by>lakshmi.kalatippi</sys_created_by><sys_created_on>2018-01-19 13:08:57</sys_created_on><sys_customer_update>true</sys_customer_update><sys_id>184a27b8db334b002dfc78a6ae961933</sys_id><sys_mod_count>2</sys_mod_count><sys_name>u_vendor_a_w</sys_name><sys_package display_value="Global" source="global">global</sys_package><sys_policy/><sys_replace_on_upgrade>false</sys_replace_on_upgrade><sys_scope display_value="Global">global</sys_scope><sys_update_name>sys_security_acl_184a27b8db334b002dfc78a6ae961933</sys_update_name><sys_updated_by>lakshmi.kalatippi</sys_updated_by><sys_updated_on>2018-03-09 13:37:53</sys_updated_on><type display_value="record">record</type><u_relate/><u_relate_table/></sys_security_acl></record_update>]]></payload>
<remote_update_set display_value="A&amp;W  Incident Management - LK - V29">f1b3d339dbfc1f042dfc78a6ae9619b0</remote_update_set>
<replace_on_upgrade>false</replace_on_upgrade>
<sys_created_by>lakshmi.kalatippi</sys_created_by>
<sys_created_on>2018-03-13 07:06:28</sys_created_on>
<sys_id>f1b3d339dbfc1f042dfc78a6ae9619b1</sys_id>
<sys_mod_count>0</sys_mod_count>
<sys_updated_by>lakshmi.kalatippi</sys_updated_by>
<sys_updated_on>2018-03-13 07:06:28</sys_updated_on>
<table>u_vendor_a_w</table>
<target_name>u_vendor_a_w</target_name>
<type>Access Control</type>
<update_domain/>
<update_set display_value=""/>
<view/>
</sys_update_xml>
<sys_update_xml action="INSERT_OR_UPDATE">
<action>INSERT_OR_UPDATE</action>
<application display_value="Global">global</application>
<category>customer</category>
<comments/>
<name>sys_dictionary_incident_u_vendor_a_w</name>
<payload><![CDATA[<?xml version="1.0" encoding="UTF-8"?><record_update><sys_dictionary action="INSERT_OR_UPDATE" element="u_vendor_a_w" table="incident"><active>true</active><array>false</array><array_denormalized>false</array_denormalized><attributes/><audit>false</audit><calculation>(function calculatedFieldValue(current) {&#13;
&#13;
	// Add your code here&#13;
	return '';  // return the calculated value&#13;
&#13;
})(current);</calculation><choice/><choice_field/><choice_table/><column_label>Vendor</column_label><comments/><create_roles/><default_value/><defaultsort/><delete_roles/><dependent/><dependent_on_field/><display>false</display><dynamic_creation>false</dynamic_creation><dynamic_creation_script/><dynamic_default_value/><dynamic_ref_qual/><element>u_vendor_a_w</element><element_reference>false</element_reference><foreign_database/><internal_type display_value="Reference">reference</internal_type><mandatory>false</mandatory><max_length>32</max_length><name>incident</name><next_element/><primary>false</primary><read_only>false</read_only><read_roles/><reference display_value="" name="u_vendor_a_w">u_vendor_a_w</reference><reference_cascade_rule/><reference_floats>false</reference_floats><reference_key/><reference_qual/><reference_qual_condition/><reference_type/><sizeclass/><spell_check>false</spell_check><staged>false</staged><sys_class_name>sys_dictionary</sys_class_name><sys_created_by>lakshmi.kalatippi@capgemini.com</sys_created_by><sys_created_on>2018-01-08 13:11:31</sys_created_on><sys_customer_update>true</sys_customer_update><sys_id>0f310399dbafcb802dfc78a6ae96192a</sys_id><sys_mod_count>4</sys_mod_count><sys_name>Vendor</sys_name><sys_package display_value="Global" source="global">global</sys_package><sys_policy/><sys_replace_on_upgrade>false</sys_replace_on_upgrade><sys_scope display_value="Global">global</sys_scope><sys_update_name>sys_dictionary_incident_u_vendor_a_w</sys_update_name><sys_updated_by>lakshmi.kalatippi</sys_updated_by><sys_updated_on>2018-03-09 11:39:31</sys_updated_on><table_reference>false</table_reference><text_index>false</text_index><unique>false</unique><use_dependent_field>false</use_dependent_field><use_dynamic_default>false</use_dynamic_default><use_reference_qualifier>simple</use_reference_qualifier><virtual>false</virtual><widget/><write_roles/><xml_view>false</xml_view></sys_dictionary></record_update>]]></payload>
<remote_update_set display_value="A&amp;W  Incident Management - LK - V29">f1b3d339dbfc1f042dfc78a6ae9619b0</remote_update_set>
<replace_on_upgrade>false</replace_on_upgrade>
<sys_created_by>lakshmi.kalatippi</sys_created_by>
<sys_created_on>2018-03-13 07:06:28</sys_created_on>
<sys_id>f5b3d339dbfc1f042dfc78a6ae9619b0</sys_id>
<sys_mod_count>0</sys_mod_count>
<sys_updated_by>lakshmi.kalatippi</sys_updated_by>
<sys_updated_on>2018-03-13 07:06:28</sys_updated_on>
<table>incident</table>
<target_name>Incident.Vendor</target_name>
<type>Dictionary</type>
<update_domain/>
<update_set display_value=""/>
<view/>
</sys_update_xml>
</unload>
