<?xml version="1.0" encoding="UTF-8"?>
<unload unload_date="2018-03-05 11:40:32">
<sys_remote_update_set action="INSERT_OR_UPDATE">
<application display_value="Global">global</application>
<application_name>Global</application_name>
<application_scope>global</application_scope>
<application_version/>
<collisions/>
<commit_date/>
<deleted/>
<description>For Acl</description>
<inserted/>
<name>A&amp;W Incident Management - LK - V15</name>
<origin_sys_id/>
<release_date/>
<remote_sys_id>e4bbabf0dbd8d7802dfc78a6ae961997</remote_sys_id>
<state>loaded</state>
<summary/>
<sys_class_name>sys_remote_update_set</sys_class_name>
<sys_created_by>lakshmi.kalatippi</sys_created_by>
<sys_created_on>2018-03-05 11:40:32</sys_created_on>
<sys_id>e6b50b53dbe093042dfc78a6ae9619a7</sys_id>
<sys_mod_count>0</sys_mod_count>
<sys_updated_by>lakshmi.kalatippi</sys_updated_by>
<sys_updated_on>2018-03-05 11:40:32</sys_updated_on>
<update_set display_value=""/>
<update_source display_value=""/>
<updated/>
</sys_remote_update_set>
<sys_update_xml action="INSERT_OR_UPDATE">
<action>DELETE</action>
<application display_value="Global">global</application>
<category>customer</category>
<comments/>
<name>sys_security_acl_role_3192f397db1fc3802dfc78a6ae9619ae</name>
<payload><![CDATA[<?xml version="1.0" encoding="UTF-8"?><record_update table="sys_security_acl_role"><sys_security_acl_role action="DELETE"><sys_class_name>sys_security_acl_role</sys_class_name><sys_created_by>lakshmi.kalatippi@capgemini.com</sys_created_by><sys_created_on>2018-01-02 11:38:03</sys_created_on><sys_customer_update>true</sys_customer_update><sys_id>3192f397db1fc3802dfc78a6ae9619ae</sys_id><sys_mod_count>2</sys_mod_count><sys_name>u_restaurant_a_w.itil</sys_name><sys_package display_value="Global" source="global">global</sys_package><sys_policy/><sys_replace_on_upgrade>false</sys_replace_on_upgrade><sys_scope display_value="Global">global</sys_scope><sys_security_acl display_value="u_restaurant_a_w.*">3992f397db1fc3802dfc78a6ae96199a</sys_security_acl><sys_update_name>sys_security_acl_role_3192f397db1fc3802dfc78a6ae9619ae</sys_update_name><sys_updated_by>lakshmi.kalatippi@capgemini.com</sys_updated_by><sys_updated_on>2018-01-04 09:26:44</sys_updated_on><sys_user_role display_value="itil" name="itil">282bf1fac6112285017366cb5f867469</sys_user_role><transaction_id/></sys_security_acl_role></record_update>]]></payload>
<remote_update_set display_value="A&amp;W Incident Management - LK - V15">e6b50b53dbe093042dfc78a6ae9619a7</remote_update_set>
<replace_on_upgrade>false</replace_on_upgrade>
<sys_created_by>lakshmi.kalatippi</sys_created_by>
<sys_created_on>2018-03-05 11:40:32</sys_created_on>
<sys_id>26b50b53dbe093042dfc78a6ae9619a8</sys_id>
<sys_mod_count>0</sys_mod_count>
<sys_updated_by>lakshmi.kalatippi</sys_updated_by>
<sys_updated_on>2018-03-05 11:40:32</sys_updated_on>
<table>u_restaurant_a_w.*</table>
<target_name>u_restaurant_a_w.itil</target_name>
<type>Access Roles</type>
<update_domain/>
<update_set display_value=""/>
<view/>
</sys_update_xml>
<sys_update_xml action="INSERT_OR_UPDATE">
<action>DELETE</action>
<application display_value="Global">global</application>
<category>customer</category>
<comments/>
<name>sys_security_acl_role_2238e980dba787802dfc78a6ae961923</name>
<payload><![CDATA[<?xml version="1.0" encoding="UTF-8"?><record_update table="sys_security_acl_role"><sys_security_acl_role action="DELETE"><sys_class_name>sys_security_acl_role</sys_class_name><sys_created_by>lakshmi.kalatippi@capgemini.com</sys_created_by><sys_created_on>2018-01-04 09:29:24</sys_created_on><sys_customer_update>true</sys_customer_update><sys_id>2238e980dba787802dfc78a6ae961923</sys_id><sys_mod_count>1</sys_mod_count><sys_name>u_restaurant_a_w.A&amp;W ITIL</sys_name><sys_package display_value="Global" source="global">global</sys_package><sys_policy/><sys_replace_on_upgrade>false</sys_replace_on_upgrade><sys_scope display_value="Global">global</sys_scope><sys_security_acl display_value="u_restaurant_a_w.*">3992f397db1fc3802dfc78a6ae96199a</sys_security_acl><sys_update_name>sys_security_acl_role_2238e980dba787802dfc78a6ae961923</sys_update_name><sys_updated_by>rkulshreshtha</sys_updated_by><sys_updated_on>2018-01-18 13:41:45</sys_updated_on><sys_user_role display_value="A&amp;W ITIL" name="A&amp;W ITIL">f4bd3857db0b07402dfc78a6ae9619fc</sys_user_role><transaction_id/></sys_security_acl_role></record_update>]]></payload>
<remote_update_set display_value="A&amp;W Incident Management - LK - V15">e6b50b53dbe093042dfc78a6ae9619a7</remote_update_set>
<replace_on_upgrade>false</replace_on_upgrade>
<sys_created_by>lakshmi.kalatippi</sys_created_by>
<sys_created_on>2018-03-05 11:40:32</sys_created_on>
<sys_id>62b50b53dbe093042dfc78a6ae9619a8</sys_id>
<sys_mod_count>0</sys_mod_count>
<sys_updated_by>lakshmi.kalatippi</sys_updated_by>
<sys_updated_on>2018-03-05 11:40:32</sys_updated_on>
<table>u_restaurant_a_w.*</table>
<target_name>u_restaurant_a_w.A&amp;W ITIL</target_name>
<type>Access Roles</type>
<update_domain/>
<update_set display_value=""/>
<view/>
</sys_update_xml>
<sys_update_xml action="INSERT_OR_UPDATE">
<action>INSERT_OR_UPDATE</action>
<application display_value="Global">global</application>
<category>customer</category>
<comments/>
<name>sys_script_bbe3d005db545b80a8a37dfdae96190d</name>
<payload>&lt;?xml version="1.0" encoding="UTF-8"?&gt;&lt;record_update sys_domain="409c30addb8e8f0066e6f2f5ab9619e3" table="sys_script"&gt;&lt;sys_script action="INSERT_OR_UPDATE"&gt;&lt;abort_action&gt;false&lt;/abort_action&gt;&lt;access&gt;package_private&lt;/access&gt;&lt;action_delete&gt;false&lt;/action_delete&gt;&lt;action_insert&gt;true&lt;/action_insert&gt;&lt;action_label/&gt;&lt;action_name/&gt;&lt;action_query&gt;false&lt;/action_query&gt;&lt;action_run_at&gt;server&lt;/action_run_at&gt;&lt;action_update&gt;true&lt;/action_update&gt;&lt;active&gt;true&lt;/active&gt;&lt;add_message&gt;false&lt;/add_message&gt;&lt;advanced&gt;true&lt;/advanced&gt;&lt;application/&gt;&lt;change_fields&gt;false&lt;/change_fields&gt;&lt;client_callable&gt;false&lt;/client_callable&gt;&lt;collection&gt;incident&lt;/collection&gt;&lt;condition&gt;current.incident_state == IncidentState.CLOSED || current.incident_state == IncidentState.CANCELED&lt;/condition&gt;&lt;description/&gt;&lt;execute_function&gt;false&lt;/execute_function&gt;&lt;filter_condition/&gt;&lt;is_rest&gt;false&lt;/is_rest&gt;&lt;message/&gt;&lt;name&gt;mark_closed&lt;/name&gt;&lt;onclick/&gt;&lt;order&gt;10000&lt;/order&gt;&lt;priority&gt;100&lt;/priority&gt;&lt;read_access_action&gt;false&lt;/read_access_action&gt;&lt;rest_method/&gt;&lt;rest_method_text/&gt;&lt;rest_service/&gt;&lt;rest_service_text/&gt;&lt;rest_variables/&gt;&lt;role_conditions/&gt;&lt;script&gt;&lt;![CDATA[setClosureFields();

function setClosureFields() {
	// incident_state is Closed so
	// 1. mark the task as inactive
	// 2. set the closed by to current user if not supplied
	// 3. set the closed time to now if not supplied
	current.active = false;
	if (current.closed_by.nil())
		current.closed_by = gs.getUserID();
	if (current.closed_at.nil())
		current.closed_at = gs.nowDateTime();
	
	// Update the fields that indicate the time/duration of the incident from open to close.
	// Keep track of duration as a glide_duration value (dd hh:mm:ss) and as a pure number of seconds.
	// Both calendar time and business time are maintained.
	
	var dataChange = current.opened_at.changes() || (current.closed_at.changes() &amp;&amp; !current.isValidField("resolved_at"));
	var opened = current.opened_at.getDisplayValue();
	var closed = current.closed_at.getDisplayValue();
	
	if (dataChange || current.business_duration.nil())
		current.business_duration = gs.calDateDiff(opened, closed, false);
	
	if (dataChange || current.business_stc.nil())
		current.business_stc = gs.calDateDiff(opened, closed, true);
	
	if (dataChange || current.calendar_duration.nil())
		current.calendar_duration = gs.dateDiff(opened, closed, false);
	
	if (dataChange || current.calendar_stc.nil())
		current.calendar_stc = gs.dateDiff(opened, closed, true);
}
]]&gt;&lt;/script&gt;&lt;sys_class_name&gt;sys_script&lt;/sys_class_name&gt;&lt;sys_created_by&gt;virag.shah@capgemini.com&lt;/sys_created_by&gt;&lt;sys_created_on&gt;2018-02-13 12:41:43&lt;/sys_created_on&gt;&lt;sys_customer_update&gt;true&lt;/sys_customer_update&gt;&lt;sys_domain&gt;409c30addb8e8f0066e6f2f5ab9619e3&lt;/sys_domain&gt;&lt;sys_domain_path&gt;/&lt;/sys_domain_path&gt;&lt;sys_id&gt;bbe3d005db545b80a8a37dfdae96190d&lt;/sys_id&gt;&lt;sys_mod_count&gt;0&lt;/sys_mod_count&gt;&lt;sys_name&gt;mark_closed&lt;/sys_name&gt;&lt;sys_overrides display_value="mark_closed"&gt;bf3f8917c0a8016400a867dc0794e8ad&lt;/sys_overrides&gt;&lt;sys_package display_value="Global" source="global"&gt;global&lt;/sys_package&gt;&lt;sys_policy/&gt;&lt;sys_replace_on_upgrade&gt;false&lt;/sys_replace_on_upgrade&gt;&lt;sys_scope display_value="Global"&gt;global&lt;/sys_scope&gt;&lt;sys_update_name&gt;sys_script_bbe3d005db545b80a8a37dfdae96190d&lt;/sys_update_name&gt;&lt;sys_updated_by&gt;virag.shah@capgemini.com&lt;/sys_updated_by&gt;&lt;sys_updated_on&gt;2018-02-13 12:41:43&lt;/sys_updated_on&gt;&lt;template/&gt;&lt;u_relate/&gt;&lt;u_relate_table/&gt;&lt;when&gt;before&lt;/when&gt;&lt;/sys_script&gt;&lt;/record_update&gt;</payload>
<remote_update_set display_value="A&amp;W Incident Management - LK - V15">e6b50b53dbe093042dfc78a6ae9619a7</remote_update_set>
<replace_on_upgrade>false</replace_on_upgrade>
<sys_created_by>lakshmi.kalatippi</sys_created_by>
<sys_created_on>2018-03-05 11:40:32</sys_created_on>
<sys_id>aeb50b53dbe093042dfc78a6ae9619a7</sys_id>
<sys_mod_count>0</sys_mod_count>
<sys_updated_by>lakshmi.kalatippi</sys_updated_by>
<sys_updated_on>2018-03-05 11:40:32</sys_updated_on>
<table>incident</table>
<target_name>mark_closed</target_name>
<type>Business Rule</type>
<update_domain>409c30addb8e8f0066e6f2f5ab9619e3</update_domain>
<update_set display_value=""/>
<view/>
</sys_update_xml>
<sys_update_xml action="INSERT_OR_UPDATE">
<action>INSERT_OR_UPDATE</action>
<application display_value="Global">global</application>
<category>customer</category>
<comments/>
<name>sys_script_4df8f96cdbbbc7002dfc78a6ae961947</name>
<payload>&lt;?xml version="1.0" encoding="UTF-8"?&gt;&lt;record_update sys_domain="409c30addb8e8f0066e6f2f5ab9619e3" table="sys_script"&gt;&lt;sys_script action="INSERT_OR_UPDATE"&gt;&lt;abort_action&gt;false&lt;/abort_action&gt;&lt;access&gt;package_private&lt;/access&gt;&lt;action_delete&gt;false&lt;/action_delete&gt;&lt;action_insert&gt;false&lt;/action_insert&gt;&lt;action_label/&gt;&lt;action_name/&gt;&lt;action_query&gt;false&lt;/action_query&gt;&lt;action_run_at&gt;server&lt;/action_run_at&gt;&lt;action_update&gt;true&lt;/action_update&gt;&lt;active&gt;true&lt;/active&gt;&lt;add_message&gt;true&lt;/add_message&gt;&lt;advanced&gt;true&lt;/advanced&gt;&lt;application/&gt;&lt;change_fields&gt;false&lt;/change_fields&gt;&lt;client_callable&gt;false&lt;/client_callable&gt;&lt;collection&gt;incident&lt;/collection&gt;&lt;condition/&gt;&lt;description/&gt;&lt;execute_function&gt;false&lt;/execute_function&gt;&lt;filter_condition table="incident"&gt;incident_stateCHANGESTO705^ORincident_state=705^EQ&lt;item endquery="false" field="incident_state" goto="false" newquery="false" operator="CHANGESTO" or="false" value="705"/&gt;&lt;item endquery="false" field="incident_state" goto="false" newquery="false" operator="=" or="true" value="705"/&gt;&lt;item endquery="true" field="" goto="false" newquery="false" operator="=" or="false" value=""/&gt;&lt;/filter_condition&gt;&lt;is_rest&gt;false&lt;/is_rest&gt;&lt;message&gt;&lt;![CDATA[&lt;p&gt;cancelling incident Number: ${number}&lt;/p&gt;]]&gt;&lt;/message&gt;&lt;name&gt;A&amp;amp;W_mark cancelled&lt;/name&gt;&lt;onclick/&gt;&lt;order&gt;10000&lt;/order&gt;&lt;priority&gt;100&lt;/priority&gt;&lt;read_access_action&gt;false&lt;/read_access_action&gt;&lt;rest_method/&gt;&lt;rest_method_text/&gt;&lt;rest_service/&gt;&lt;rest_service_text/&gt;&lt;rest_variables/&gt;&lt;role_conditions/&gt;&lt;script&gt;&lt;![CDATA[(function executeRule(current, previous /*null when async*/) {
	current.active = false;	
	// Add your code here
})(current, previous);]]&gt;&lt;/script&gt;&lt;sys_class_name&gt;sys_script&lt;/sys_class_name&gt;&lt;sys_created_by&gt;rkulshreshtha&lt;/sys_created_by&gt;&lt;sys_created_on&gt;2018-01-18 10:17:40&lt;/sys_created_on&gt;&lt;sys_customer_update&gt;true&lt;/sys_customer_update&gt;&lt;sys_domain&gt;409c30addb8e8f0066e6f2f5ab9619e3&lt;/sys_domain&gt;&lt;sys_domain_path&gt;!!!/!!D/&lt;/sys_domain_path&gt;&lt;sys_id&gt;4df8f96cdbbbc7002dfc78a6ae961947&lt;/sys_id&gt;&lt;sys_mod_count&gt;27&lt;/sys_mod_count&gt;&lt;sys_name&gt;A&amp;amp;W_mark cancelled&lt;/sys_name&gt;&lt;sys_overrides/&gt;&lt;sys_package display_value="Global" source="global"&gt;global&lt;/sys_package&gt;&lt;sys_policy/&gt;&lt;sys_replace_on_upgrade&gt;false&lt;/sys_replace_on_upgrade&gt;&lt;sys_scope display_value="Global"&gt;global&lt;/sys_scope&gt;&lt;sys_update_name&gt;sys_script_4df8f96cdbbbc7002dfc78a6ae961947&lt;/sys_update_name&gt;&lt;sys_updated_by&gt;virag.shah@capgemini.com&lt;/sys_updated_by&gt;&lt;sys_updated_on&gt;2018-02-13 12:28:34&lt;/sys_updated_on&gt;&lt;template/&gt;&lt;u_relate/&gt;&lt;u_relate_table/&gt;&lt;when&gt;before&lt;/when&gt;&lt;/sys_script&gt;&lt;/record_update&gt;</payload>
<remote_update_set display_value="A&amp;W Incident Management - LK - V15">e6b50b53dbe093042dfc78a6ae9619a7</remote_update_set>
<replace_on_upgrade>false</replace_on_upgrade>
<sys_created_by>lakshmi.kalatippi</sys_created_by>
<sys_created_on>2018-03-05 11:40:32</sys_created_on>
<sys_id>eab50b53dbe093042dfc78a6ae9619a7</sys_id>
<sys_mod_count>0</sys_mod_count>
<sys_updated_by>lakshmi.kalatippi</sys_updated_by>
<sys_updated_on>2018-03-05 11:40:32</sys_updated_on>
<table>incident</table>
<target_name>A&amp;W_mark cancelled</target_name>
<type>Business Rule</type>
<update_domain>409c30addb8e8f0066e6f2f5ab9619e3</update_domain>
<update_set display_value=""/>
<view/>
</sys_update_xml>
</unload>
