<?xml version="1.0" encoding="UTF-8"?>
<unload unload_date="2018-03-05 11:52:15">
<sys_remote_update_set action="INSERT_OR_UPDATE">
<application display_value="Global">global</application>
<application_name>Global</application_name>
<application_scope>global</application_scope>
<application_version/>
<collisions/>
<commit_date/>
<deleted/>
<description/>
<inserted/>
<name>A&amp;W Restaurant Field Attribute - V1</name>
<origin_sys_id/>
<release_date/>
<remote_sys_id>08881fc2db6c5fc02dfc78a6ae9619a0</remote_sys_id>
<state>loaded</state>
<summary/>
<sys_class_name>sys_remote_update_set</sys_class_name>
<sys_created_by>lakshmi.kalatippi</sys_created_by>
<sys_created_on>2018-03-05 11:52:15</sys_created_on>
<sys_id>0a68c717dbe093042dfc78a6ae96195f</sys_id>
<sys_mod_count>0</sys_mod_count>
<sys_updated_by>lakshmi.kalatippi</sys_updated_by>
<sys_updated_on>2018-03-05 11:52:15</sys_updated_on>
<update_set display_value=""/>
<update_source display_value=""/>
<updated/>
</sys_remote_update_set>
<sys_update_xml action="INSERT_OR_UPDATE">
<action>INSERT_OR_UPDATE</action>
<application display_value="Global">global</application>
<category>customer</category>
<comments/>
<name>sys_dictionary_task_u_restaurant_aw</name>
<payload><![CDATA[<?xml version="1.0" encoding="UTF-8"?><record_update><sys_dictionary action="INSERT_OR_UPDATE" element="u_restaurant_aw" table="task"><active>true</active><array>false</array><array_denormalized>false</array_denormalized><attributes>ref_ac_columns=u_restaurant_number_a_w;location,ref_auto_completer=AJAXTableCompleter,ref_ac_columns_search=true,ref_contributions=user_show_incidents</attributes><audit>false</audit><calculation>(function calculatedFieldValue(current) {&#13;
&#13;
	// Add your code here&#13;
	return '';  // return the calculated value&#13;
&#13;
})(current);</calculation><choice/><choice_field/><choice_table/><column_label>Restaurant</column_label><comments/><create_roles/><default_value/><defaultsort/><delete_roles/><dependent/><dependent_on_field/><display>false</display><dynamic_creation>false</dynamic_creation><dynamic_creation_script/><dynamic_default_value/><dynamic_ref_qual/><element>u_restaurant_aw</element><element_reference>false</element_reference><foreign_database/><internal_type display_value="Reference">reference</internal_type><mandatory>false</mandatory><max_length>32</max_length><name>task</name><next_element/><primary>false</primary><read_only>false</read_only><read_roles/><reference display_value="" name="u_restaurant_a_w">u_restaurant_a_w</reference><reference_cascade_rule/><reference_floats>false</reference_floats><reference_key/><reference_qual/><reference_qual_condition/><reference_type/><sizeclass/><spell_check>false</spell_check><staged>false</staged><sys_class_name>sys_dictionary</sys_class_name><sys_created_by>lakshmi.kalatippi@capgemini.com</sys_created_by><sys_created_on>2018-01-02 12:37:40</sys_created_on><sys_customer_update>true</sys_customer_update><sys_id>aefffb53db5fc3802dfc78a6ae9619a1</sys_id><sys_mod_count>3</sys_mod_count><sys_name>Restaurant</sys_name><sys_package display_value="Global" source="global">global</sys_package><sys_policy/><sys_replace_on_upgrade>false</sys_replace_on_upgrade><sys_scope display_value="Global">global</sys_scope><sys_update_name>sys_dictionary_task_u_restaurant_aw</sys_update_name><sys_updated_by>virag.shah@capgemini.com</sys_updated_by><sys_updated_on>2018-03-01 15:53:01</sys_updated_on><table_reference>false</table_reference><text_index>false</text_index><unique>false</unique><use_dependent_field>false</use_dependent_field><use_dynamic_default>false</use_dynamic_default><use_reference_qualifier>simple</use_reference_qualifier><virtual>false</virtual><widget/><write_roles/><xml_view>false</xml_view></sys_dictionary></record_update>]]></payload>
<remote_update_set display_value="A&amp;W Restaurant Field Attribute - V1">0a68c717dbe093042dfc78a6ae96195f</remote_update_set>
<replace_on_upgrade>false</replace_on_upgrade>
<sys_created_by>lakshmi.kalatippi</sys_created_by>
<sys_created_on>2018-03-05 11:52:15</sys_created_on>
<sys_id>0e68c717dbe093042dfc78a6ae96195f</sys_id>
<sys_mod_count>0</sys_mod_count>
<sys_updated_by>lakshmi.kalatippi</sys_updated_by>
<sys_updated_on>2018-03-05 11:52:15</sys_updated_on>
<table>task</table>
<target_name>Task.Restaurant</target_name>
<type>Dictionary</type>
<update_domain/>
<update_set display_value=""/>
<view/>
</sys_update_xml>
<sys_update_xml action="INSERT_OR_UPDATE">
<action>INSERT_OR_UPDATE</action>
<application display_value="Global">global</application>
<category>customer</category>
<comments/>
<name>sys_ui_section_cc413ee4db6a0700a8a37dfdae96195d</name>
<payload><![CDATA[<?xml version="1.0" encoding="UTF-8"?><record_update><sys_ui_section caption="" section_id="cc413ee4db6a0700a8a37dfdae96195d" sys_domain="409c30addb8e8f0066e6f2f5ab9619e3" table="incident" version="3" view=""><sys_ui_element action="INSERT_OR_UPDATE"><element>process_flow.xml</element><position>0</position><sys_created_by>virag.shah@capgemini.com</sys_created_by><sys_created_on>2018-03-01 16:15:28</sys_created_on><sys_id>0b4e5f0adb6c5fc02dfc78a6ae961977</sys_id><sys_mod_count>0</sys_mod_count><sys_ui_formatter display_value="Process Flow">3706f92da413f54cda254a6241af34f5</sys_ui_formatter><sys_ui_section caption="NULL" display_value="" name="incident" sys_domain="409c30addb8e8f0066e6f2f5ab9619e3" view="Default view">cc413ee4db6a0700a8a37dfdae96195d</sys_ui_section><sys_updated_by>virag.shah@capgemini.com</sys_updated_by><sys_updated_on>2018-03-01 16:15:28</sys_updated_on><sys_user/><type>formatter</type></sys_ui_element><sys_ui_element action="INSERT_OR_UPDATE"><element>.begin_split</element><position>1</position><sys_created_by>virag.shah@capgemini.com</sys_created_by><sys_created_on>2018-03-01 16:15:28</sys_created_on><sys_id>cb4e5f0adb6c5fc02dfc78a6ae961977</sys_id><sys_mod_count>0</sys_mod_count><sys_ui_formatter/><sys_ui_section caption="NULL" display_value="" name="incident" sys_domain="409c30addb8e8f0066e6f2f5ab9619e3" view="Default view">cc413ee4db6a0700a8a37dfdae96195d</sys_ui_section><sys_updated_by>virag.shah@capgemini.com</sys_updated_by><sys_updated_on>2018-03-01 16:15:28</sys_updated_on><sys_user/><type>.begin_split</type></sys_ui_element><sys_ui_element action="INSERT_OR_UPDATE"><element>number</element><position>2</position><sys_created_by>virag.shah@capgemini.com</sys_created_by><sys_created_on>2018-03-01 16:15:28</sys_created_on><sys_id>4f4e5f0adb6c5fc02dfc78a6ae961977</sys_id><sys_mod_count>0</sys_mod_count><sys_ui_formatter/><sys_ui_section caption="NULL" display_value="" name="incident" sys_domain="409c30addb8e8f0066e6f2f5ab9619e3" view="Default view">cc413ee4db6a0700a8a37dfdae96195d</sys_ui_section><sys_updated_by>virag.shah@capgemini.com</sys_updated_by><sys_updated_on>2018-03-01 16:15:28</sys_updated_on><sys_user/><type/></sys_ui_element><sys_ui_element action="INSERT_OR_UPDATE"><element>caller_id</element><position>3</position><sys_created_by>virag.shah@capgemini.com</sys_created_by><sys_created_on>2018-03-01 16:15:28</sys_created_on><sys_id>cf4e5f0adb6c5fc02dfc78a6ae961977</sys_id><sys_mod_count>0</sys_mod_count><sys_ui_formatter/><sys_ui_section caption="NULL" display_value="" name="incident" sys_domain="409c30addb8e8f0066e6f2f5ab9619e3" view="Default view">cc413ee4db6a0700a8a37dfdae96195d</sys_ui_section><sys_updated_by>virag.shah@capgemini.com</sys_updated_by><sys_updated_on>2018-03-01 16:15:28</sys_updated_on><sys_user/><type/></sys_ui_element><sys_ui_element action="INSERT_OR_UPDATE"><element>caller_id.location</element><position>4</position><sys_created_by>virag.shah@capgemini.com</sys_created_by><sys_created_on>2018-03-01 16:15:28</sys_created_on><sys_id>434e5f0adb6c5fc02dfc78a6ae961978</sys_id><sys_mod_count>0</sys_mod_count><sys_ui_formatter/><sys_ui_section caption="NULL" display_value="" name="incident" sys_domain="409c30addb8e8f0066e6f2f5ab9619e3" view="Default view">cc413ee4db6a0700a8a37dfdae96195d</sys_ui_section><sys_updated_by>virag.shah@capgemini.com</sys_updated_by><sys_updated_on>2018-03-01 16:15:28</sys_updated_on><sys_user/><type/></sys_ui_element><sys_ui_element action="INSERT_OR_UPDATE"><element>u_restaurant_aw</element><position>5</position><sys_created_by>virag.shah@capgemini.com</sys_created_by><sys_created_on>2018-03-01 16:15:28</sys_created_on><sys_id>c34e5f0adb6c5fc02dfc78a6ae961978</sys_id><sys_mod_count>0</sys_mod_count><sys_ui_formatter/><sys_ui_section caption="NULL" display_value="" name="incident" sys_domain="409c30addb8e8f0066e6f2f5ab9619e3" view="Default view">cc413ee4db6a0700a8a37dfdae96195d</sys_ui_section><sys_updated_by>virag.shah@capgemini.com</sys_updated_by><sys_updated_on>2018-03-01 16:15:28</sys_updated_on><sys_user/><type/></sys_ui_element><sys_ui_element action="INSERT_OR_UPDATE"><element>u_restaurant_aw.location.name</element><position>6</position><sys_created_by>virag.shah@capgemini.com</sys_created_by><sys_created_on>2018-03-01 16:15:28</sys_created_on><sys_id>474e5f0adb6c5fc02dfc78a6ae961978</sys_id><sys_mod_count>0</sys_mod_count><sys_ui_formatter/><sys_ui_section caption="NULL" display_value="" name="incident" sys_domain="409c30addb8e8f0066e6f2f5ab9619e3" view="Default view">cc413ee4db6a0700a8a37dfdae96195d</sys_ui_section><sys_updated_by>virag.shah@capgemini.com</sys_updated_by><sys_updated_on>2018-03-01 16:15:28</sys_updated_on><sys_user/><type/></sys_ui_element><sys_ui_element action="INSERT_OR_UPDATE"><element>u_restaurant_aw.u_language</element><position>7</position><sys_created_by>virag.shah@capgemini.com</sys_created_by><sys_created_on>2018-03-01 16:15:28</sys_created_on><sys_id>c74e5f0adb6c5fc02dfc78a6ae961978</sys_id><sys_mod_count>0</sys_mod_count><sys_ui_formatter/><sys_ui_section caption="NULL" display_value="" name="incident" sys_domain="409c30addb8e8f0066e6f2f5ab9619e3" view="Default view">cc413ee4db6a0700a8a37dfdae96195d</sys_ui_section><sys_updated_by>virag.shah@capgemini.com</sys_updated_by><sys_updated_on>2018-03-01 16:15:28</sys_updated_on><sys_user/><type/></sys_ui_element><sys_ui_element action="INSERT_OR_UPDATE"><element>impact</element><position>8</position><sys_created_by>virag.shah@capgemini.com</sys_created_by><sys_created_on>2018-03-01 16:15:28</sys_created_on><sys_id>4b4e5f0adb6c5fc02dfc78a6ae961978</sys_id><sys_mod_count>0</sys_mod_count><sys_ui_formatter/><sys_ui_section caption="NULL" display_value="" name="incident" sys_domain="409c30addb8e8f0066e6f2f5ab9619e3" view="Default view">cc413ee4db6a0700a8a37dfdae96195d</sys_ui_section><sys_updated_by>virag.shah@capgemini.com</sys_updated_by><sys_updated_on>2018-03-01 16:15:28</sys_updated_on><sys_user/><type/></sys_ui_element><sys_ui_element action="INSERT_OR_UPDATE"><element>urgency</element><position>9</position><sys_created_by>virag.shah@capgemini.com</sys_created_by><sys_created_on>2018-03-01 16:15:28</sys_created_on><sys_id>cb4e5f0adb6c5fc02dfc78a6ae961978</sys_id><sys_mod_count>0</sys_mod_count><sys_ui_formatter/><sys_ui_section caption="NULL" display_value="" name="incident" sys_domain="409c30addb8e8f0066e6f2f5ab9619e3" view="Default view">cc413ee4db6a0700a8a37dfdae96195d</sys_ui_section><sys_updated_by>virag.shah@capgemini.com</sys_updated_by><sys_updated_on>2018-03-01 16:15:28</sys_updated_on><sys_user/><type/></sys_ui_element><sys_ui_element action="INSERT_OR_UPDATE"><element>priority</element><position>10</position><sys_created_by>virag.shah@capgemini.com</sys_created_by><sys_created_on>2018-03-01 16:15:28</sys_created_on><sys_id>4f4e5f0adb6c5fc02dfc78a6ae961978</sys_id><sys_mod_count>0</sys_mod_count><sys_ui_formatter/><sys_ui_section caption="NULL" display_value="" name="incident" sys_domain="409c30addb8e8f0066e6f2f5ab9619e3" view="Default view">cc413ee4db6a0700a8a37dfdae96195d</sys_ui_section><sys_updated_by>virag.shah@capgemini.com</sys_updated_by><sys_updated_on>2018-03-01 16:15:28</sys_updated_on><sys_user/><type/></sys_ui_element><sys_ui_element action="INSERT_OR_UPDATE"><element>.split</element><position>11</position><sys_created_by>virag.shah@capgemini.com</sys_created_by><sys_created_on>2018-03-01 16:15:28</sys_created_on><sys_id>cf4e5f0adb6c5fc02dfc78a6ae961978</sys_id><sys_mod_count>0</sys_mod_count><sys_ui_formatter/><sys_ui_section caption="NULL" display_value="" name="incident" sys_domain="409c30addb8e8f0066e6f2f5ab9619e3" view="Default view">cc413ee4db6a0700a8a37dfdae96195d</sys_ui_section><sys_updated_by>virag.shah@capgemini.com</sys_updated_by><sys_updated_on>2018-03-01 16:15:28</sys_updated_on><sys_user/><type>.split</type></sys_ui_element><sys_ui_element action="INSERT_OR_UPDATE"><element>sys_created_on</element><position>12</position><sys_created_by>virag.shah@capgemini.com</sys_created_by><sys_created_on>2018-03-01 16:15:28</sys_created_on><sys_id>434e5f0adb6c5fc02dfc78a6ae961979</sys_id><sys_mod_count>0</sys_mod_count><sys_ui_formatter/><sys_ui_section caption="NULL" display_value="" name="incident" sys_domain="409c30addb8e8f0066e6f2f5ab9619e3" view="Default view">cc413ee4db6a0700a8a37dfdae96195d</sys_ui_section><sys_updated_by>virag.shah@capgemini.com</sys_updated_by><sys_updated_on>2018-03-01 16:15:28</sys_updated_on><sys_user/><type/></sys_ui_element><sys_ui_element action="INSERT_OR_UPDATE"><element>opened_by</element><position>13</position><sys_created_by>virag.shah@capgemini.com</sys_created_by><sys_created_on>2018-03-01 16:15:28</sys_created_on><sys_id>c34e5f0adb6c5fc02dfc78a6ae961979</sys_id><sys_mod_count>0</sys_mod_count><sys_ui_formatter/><sys_ui_section caption="NULL" display_value="" name="incident" sys_domain="409c30addb8e8f0066e6f2f5ab9619e3" view="Default view">cc413ee4db6a0700a8a37dfdae96195d</sys_ui_section><sys_updated_by>virag.shah@capgemini.com</sys_updated_by><sys_updated_on>2018-03-01 16:15:28</sys_updated_on><sys_user/><type/></sys_ui_element><sys_ui_element action="INSERT_OR_UPDATE"><element>incident_state</element><position>14</position><sys_created_by>virag.shah@capgemini.com</sys_created_by><sys_created_on>2018-03-01 16:15:28</sys_created_on><sys_id>474e5f0adb6c5fc02dfc78a6ae961979</sys_id><sys_mod_count>0</sys_mod_count><sys_ui_formatter/><sys_ui_section caption="NULL" display_value="" name="incident" sys_domain="409c30addb8e8f0066e6f2f5ab9619e3" view="Default view">cc413ee4db6a0700a8a37dfdae96195d</sys_ui_section><sys_updated_by>virag.shah@capgemini.com</sys_updated_by><sys_updated_on>2018-03-01 16:15:28</sys_updated_on><sys_user/><type/></sys_ui_element><sys_ui_element action="INSERT_OR_UPDATE"><element>u_vendor_a_w</element><position>15</position><sys_created_by>virag.shah@capgemini.com</sys_created_by><sys_created_on>2018-03-01 16:15:28</sys_created_on><sys_id>c74e5f0adb6c5fc02dfc78a6ae961979</sys_id><sys_mod_count>0</sys_mod_count><sys_ui_formatter/><sys_ui_section caption="NULL" display_value="" name="incident" sys_domain="409c30addb8e8f0066e6f2f5ab9619e3" view="Default view">cc413ee4db6a0700a8a37dfdae96195d</sys_ui_section><sys_updated_by>virag.shah@capgemini.com</sys_updated_by><sys_updated_on>2018-03-01 16:15:28</sys_updated_on><sys_user/><type/></sys_ui_element><sys_ui_element action="INSERT_OR_UPDATE"><element>contact_type</element><position>16</position><sys_created_by>virag.shah@capgemini.com</sys_created_by><sys_created_on>2018-03-01 16:15:28</sys_created_on><sys_id>4b4e5f0adb6c5fc02dfc78a6ae961979</sys_id><sys_mod_count>0</sys_mod_count><sys_ui_formatter/><sys_ui_section caption="NULL" display_value="" name="incident" sys_domain="409c30addb8e8f0066e6f2f5ab9619e3" view="Default view">cc413ee4db6a0700a8a37dfdae96195d</sys_ui_section><sys_updated_by>virag.shah@capgemini.com</sys_updated_by><sys_updated_on>2018-03-01 16:15:28</sys_updated_on><sys_user/><type/></sys_ui_element><sys_ui_element action="INSERT_OR_UPDATE"><element>category</element><position>17</position><sys_created_by>virag.shah@capgemini.com</sys_created_by><sys_created_on>2018-03-01 16:15:28</sys_created_on><sys_id>cb4e5f0adb6c5fc02dfc78a6ae961979</sys_id><sys_mod_count>0</sys_mod_count><sys_ui_formatter/><sys_ui_section caption="NULL" display_value="" name="incident" sys_domain="409c30addb8e8f0066e6f2f5ab9619e3" view="Default view">cc413ee4db6a0700a8a37dfdae96195d</sys_ui_section><sys_updated_by>virag.shah@capgemini.com</sys_updated_by><sys_updated_on>2018-03-01 16:15:28</sys_updated_on><sys_user/><type/></sys_ui_element><sys_ui_element action="INSERT_OR_UPDATE"><element>subcategory</element><position>18</position><sys_created_by>virag.shah@capgemini.com</sys_created_by><sys_created_on>2018-03-01 16:15:28</sys_created_on><sys_id>4f4e5f0adb6c5fc02dfc78a6ae961979</sys_id><sys_mod_count>0</sys_mod_count><sys_ui_formatter/><sys_ui_section caption="NULL" display_value="" name="incident" sys_domain="409c30addb8e8f0066e6f2f5ab9619e3" view="Default view">cc413ee4db6a0700a8a37dfdae96195d</sys_ui_section><sys_updated_by>virag.shah@capgemini.com</sys_updated_by><sys_updated_on>2018-03-01 16:15:28</sys_updated_on><sys_user/><type/></sys_ui_element><sys_ui_element action="INSERT_OR_UPDATE"><element>assignment_group</element><position>19</position><sys_created_by>virag.shah@capgemini.com</sys_created_by><sys_created_on>2018-03-01 16:15:28</sys_created_on><sys_id>cf4e5f0adb6c5fc02dfc78a6ae961979</sys_id><sys_mod_count>0</sys_mod_count><sys_ui_formatter/><sys_ui_section caption="NULL" display_value="" name="incident" sys_domain="409c30addb8e8f0066e6f2f5ab9619e3" view="Default view">cc413ee4db6a0700a8a37dfdae96195d</sys_ui_section><sys_updated_by>virag.shah@capgemini.com</sys_updated_by><sys_updated_on>2018-03-01 16:15:28</sys_updated_on><sys_user/><type/></sys_ui_element><sys_ui_element action="INSERT_OR_UPDATE"><element>assigned_to</element><position>20</position><sys_created_by>virag.shah@capgemini.com</sys_created_by><sys_created_on>2018-03-01 16:15:28</sys_created_on><sys_id>434e5f0adb6c5fc02dfc78a6ae96197a</sys_id><sys_mod_count>0</sys_mod_count><sys_ui_formatter/><sys_ui_section caption="NULL" display_value="" name="incident" sys_domain="409c30addb8e8f0066e6f2f5ab9619e3" view="Default view">cc413ee4db6a0700a8a37dfdae96195d</sys_ui_section><sys_updated_by>virag.shah@capgemini.com</sys_updated_by><sys_updated_on>2018-03-01 16:15:28</sys_updated_on><sys_user/><type/></sys_ui_element><sys_ui_element action="INSERT_OR_UPDATE"><element>.end_split</element><position>21</position><sys_created_by>virag.shah@capgemini.com</sys_created_by><sys_created_on>2018-03-01 16:15:28</sys_created_on><sys_id>c34e5f0adb6c5fc02dfc78a6ae96197a</sys_id><sys_mod_count>0</sys_mod_count><sys_ui_formatter/><sys_ui_section caption="NULL" display_value="" name="incident" sys_domain="409c30addb8e8f0066e6f2f5ab9619e3" view="Default view">cc413ee4db6a0700a8a37dfdae96195d</sys_ui_section><sys_updated_by>virag.shah@capgemini.com</sys_updated_by><sys_updated_on>2018-03-01 16:15:28</sys_updated_on><sys_user/><type>.end_split</type></sys_ui_element><sys_ui_element action="INSERT_OR_UPDATE"><element>short_description</element><position>22</position><sys_created_by>virag.shah@capgemini.com</sys_created_by><sys_created_on>2018-03-01 16:15:28</sys_created_on><sys_id>474e5f0adb6c5fc02dfc78a6ae96197a</sys_id><sys_mod_count>0</sys_mod_count><sys_ui_formatter/><sys_ui_section caption="NULL" display_value="" name="incident" sys_domain="409c30addb8e8f0066e6f2f5ab9619e3" view="Default view">cc413ee4db6a0700a8a37dfdae96195d</sys_ui_section><sys_updated_by>virag.shah@capgemini.com</sys_updated_by><sys_updated_on>2018-03-01 16:15:28</sys_updated_on><sys_user/><type/></sys_ui_element><sys_ui_element action="INSERT_OR_UPDATE"><element>description</element><position>23</position><sys_created_by>virag.shah@capgemini.com</sys_created_by><sys_created_on>2018-03-01 16:15:28</sys_created_on><sys_id>c74e5f0adb6c5fc02dfc78a6ae96197a</sys_id><sys_mod_count>0</sys_mod_count><sys_ui_formatter/><sys_ui_section caption="NULL" display_value="" name="incident" sys_domain="409c30addb8e8f0066e6f2f5ab9619e3" view="Default view">cc413ee4db6a0700a8a37dfdae96195d</sys_ui_section><sys_updated_by>virag.shah@capgemini.com</sys_updated_by><sys_updated_on>2018-03-01 16:15:28</sys_updated_on><sys_user/><type/></sys_ui_element><sys_ui_section action="INSERT_OR_UPDATE"><caption/><header>false</header><name>incident</name><roles/><sys_class_name>sys_ui_section</sys_class_name><sys_created_by>lakshmi.kalatippi@capgemini.com</sys_created_by><sys_created_on>2017-11-17 11:02:11</sys_created_on><sys_customer_update>true</sys_customer_update><sys_domain>409c30addb8e8f0066e6f2f5ab9619e3</sys_domain><sys_domain_path>!!!/!!D/</sys_domain_path><sys_id>cc413ee4db6a0700a8a37dfdae96195d</sys_id><sys_mod_count>0</sys_mod_count><sys_name>incident</sys_name><sys_overrides caption="NULL" display_value="" name="incident" sys_domain="global" view="Default view">bf1d96e3c0a801640190725e63f8ac80</sys_overrides><sys_package display_value="Global" source="global">global</sys_package><sys_policy/><sys_replace_on_upgrade>false</sys_replace_on_upgrade><sys_scope display_value="Global">global</sys_scope><sys_update_name>sys_ui_section_cc413ee4db6a0700a8a37dfdae96195d</sys_update_name><sys_updated_by>lakshmi.kalatippi@capgemini.com</sys_updated_by><sys_updated_on>2017-11-17 11:02:11</sys_updated_on><sys_user/><title>true</title><view display_value="Default view" name="NULL">Default view</view><view_name/></sys_ui_section></sys_ui_section></record_update>]]></payload>
<remote_update_set display_value="A&amp;W Restaurant Field Attribute - V1">0a68c717dbe093042dfc78a6ae96195f</remote_update_set>
<replace_on_upgrade>false</replace_on_upgrade>
<sys_created_by>lakshmi.kalatippi</sys_created_by>
<sys_created_on>2018-03-05 11:52:15</sys_created_on>
<sys_id>ce68c717dbe093042dfc78a6ae96195f</sys_id>
<sys_mod_count>0</sys_mod_count>
<sys_updated_by>lakshmi.kalatippi</sys_updated_by>
<sys_updated_on>2018-03-05 11:52:15</sys_updated_on>
<table>incident</table>
<target_name>Incident</target_name>
<type>Form Layout</type>
<update_domain>409c30addb8e8f0066e6f2f5ab9619e3</update_domain>
<update_set display_value=""/>
<view/>
</sys_update_xml>
</unload>
