<?xml version="1.0" encoding="UTF-8"?>
<unload unload_date="2018-03-05 10:49:53">
<sys_remote_update_set action="INSERT_OR_UPDATE">
<application display_value="Global">global</application>
<application_name>Global</application_name>
<application_scope>global</application_scope>
<application_version/>
<collisions/>
<commit_date/>
<deleted/>
<description/>
<inserted/>
<name>A&amp;W Incident Management - LK - V7</name>
<origin_sys_id/>
<release_date/>
<remote_sys_id>bc052a39dbf30f002dfc78a6ae961929</remote_sys_id>
<state>loaded</state>
<summary/>
<sys_class_name>sys_remote_update_set</sys_class_name>
<sys_created_by>lakshmi.kalatippi</sys_created_by>
<sys_created_on>2018-03-05 10:49:53</sys_created_on>
<sys_id>e42a3e57dba093042dfc78a6ae9619c3</sys_id>
<sys_mod_count>0</sys_mod_count>
<sys_updated_by>lakshmi.kalatippi</sys_updated_by>
<sys_updated_on>2018-03-05 10:49:53</sys_updated_on>
<update_set display_value=""/>
<update_source display_value=""/>
<updated/>
</sys_remote_update_set>
<sys_update_xml action="INSERT_OR_UPDATE">
<action>INSERT_OR_UPDATE</action>
<application display_value="Global">global</application>
<category>customer</category>
<comments/>
<name>sys_documentation_u_vendor_a_w_u_a_w_description_en</name>
<payload><![CDATA[<?xml version="1.0" encoding="UTF-8"?><record_update><sys_documentation element="u_a_w_description" label="Description" language="en" table="u_vendor_a_w"><sys_documentation action="INSERT_OR_UPDATE"><element>u_a_w_description</element><help/><hint/><label>Description</label><language>en</language><name>u_vendor_a_w</name><plural>Descriptions</plural><sys_class_name>sys_documentation</sys_class_name><sys_created_by>shweta.hegde@capgemini.com</sys_created_by><sys_created_on>2018-01-23 11:46:18</sys_created_on><sys_customer_update>false</sys_customer_update><sys_id>d7ddf30adbff0340a8a37dfdae9619af</sys_id><sys_mod_count>0</sys_mod_count><sys_name>Description</sys_name><sys_package display_value="Global" source="global">global</sys_package><sys_policy/><sys_replace_on_upgrade>false</sys_replace_on_upgrade><sys_scope display_value="Global">global</sys_scope><sys_update_name>sys_documentation_u_vendor_a_w_u_a_w_description_en</sys_update_name><sys_updated_by>shweta.hegde@capgemini.com</sys_updated_by><sys_updated_on>2018-01-23 11:46:18</sys_updated_on><url/><url_target/></sys_documentation></sys_documentation></record_update>]]></payload>
<remote_update_set display_value="A&amp;W Incident Management - LK - V7">e42a3e57dba093042dfc78a6ae9619c3</remote_update_set>
<replace_on_upgrade>false</replace_on_upgrade>
<sys_created_by>lakshmi.kalatippi</sys_created_by>
<sys_created_on>2018-03-05 10:49:53</sys_created_on>
<sys_id>202a3e57dba093042dfc78a6ae9619c5</sys_id>
<sys_mod_count>0</sys_mod_count>
<sys_updated_by>lakshmi.kalatippi</sys_updated_by>
<sys_updated_on>2018-03-05 10:49:53</sys_updated_on>
<table>u_vendor_a_w</table>
<target_name>Vendor.Description</target_name>
<type>Field Label</type>
<update_domain/>
<update_set display_value=""/>
<view/>
</sys_update_xml>
<sys_update_xml action="INSERT_OR_UPDATE">
<action>INSERT_OR_UPDATE</action>
<application display_value="Global">global</application>
<category>customer</category>
<comments/>
<name>contract_sla_952d0dfadbb6c3002dfc78a6ae9619a4</name>
<payload><![CDATA[<?xml version="1.0" encoding="UTF-8"?><record_update sys_domain="409c30addb8e8f0066e6f2f5ab9619e3" table="contract_sla"><contract_sla action="INSERT_OR_UPDATE"><active>true</active><cancel_condition/><collection>incident</collection><condition_class/><duration>1970-01-01 00:30:00</duration><duration_type/><enable_logging>false</enable_logging><name> Response SLA: Priority 1 A&amp;W(30 Min)</name><pause_condition/><relative_duration_works_on>Task record</relative_duration_works_on><reset_condition/><resume_condition/><retroactive>false</retroactive><retroactive_pause>true</retroactive_pause><schedule display_value="8-5 weekdays">08fcd0830a0a0b2600079f56b1adb9ae</schedule><schedule_source>sla_definition</schedule_source><schedule_source_field/><set_start_to>u_ora_alert_received</set_start_to><start_condition table="incident">priority=1^active=true^EQ<item endquery="false" field="priority" goto="false" newquery="false" operator="=" or="false" value="1"/><item endquery="false" field="active" goto="false" newquery="false" operator="=" or="false" value="true"/><item endquery="true" field="" goto="false" newquery="false" operator="=" or="false" value=""/></start_condition><stop_condition table="incident">assigned_toISNOTEMPTY^assignment_groupISNOTEMPTY^ORincident_state=705^EQ<item endquery="false" field="assigned_to" goto="false" newquery="false" operator="ISNOTEMPTY" or="false" value=""/><item endquery="false" field="assignment_group" goto="false" newquery="false" operator="ISNOTEMPTY" or="false" value=""/><item endquery="false" field="incident_state" goto="false" newquery="false" operator="=" or="true" value="705"/><item endquery="true" field="" goto="false" newquery="false" operator="=" or="false" value=""/></stop_condition><sys_class_name>contract_sla</sys_class_name><sys_created_by>lakshmi.kalatippi@capgemini.com</sys_created_by><sys_created_on>2017-12-06 13:51:44</sys_created_on><sys_customer_update>true</sys_customer_update><sys_domain>409c30addb8e8f0066e6f2f5ab9619e3</sys_domain><sys_domain_path>!!!/!!D/</sys_domain_path><sys_id>952d0dfadbb6c3002dfc78a6ae9619a4</sys_id><sys_mod_count>4</sys_mod_count><sys_name> Response SLA: Priority 1 A&amp;W(30 Min)</sys_name><sys_overrides/><sys_package display_value="Global" source="global">global</sys_package><sys_policy/><sys_replace_on_upgrade>false</sys_replace_on_upgrade><sys_scope display_value="Global">global</sys_scope><sys_update_name>contract_sla_952d0dfadbb6c3002dfc78a6ae9619a4</sys_update_name><sys_updated_by>lakshmi.kalatippi</sys_updated_by><sys_updated_on>2018-01-23 11:29:55</sys_updated_on><timezone/><timezone_source>task.caller_id.time_zone</timezone_source><type>SLA</type><u_ajg_sla_type/><u_group/><u_item/><u_vendor/><when_to_cancel>no_match</when_to_cancel><when_to_resume>no_match</when_to_resume><workflow display_value="Default SLA workflow">4b6570360a0a0b3000bbacab877713f2</workflow></contract_sla></record_update>]]></payload>
<remote_update_set display_value="A&amp;W Incident Management - LK - V7">e42a3e57dba093042dfc78a6ae9619c3</remote_update_set>
<replace_on_upgrade>false</replace_on_upgrade>
<sys_created_by>lakshmi.kalatippi</sys_created_by>
<sys_created_on>2018-03-05 10:49:53</sys_created_on>
<sys_id>242a3e57dba093042dfc78a6ae9619c4</sys_id>
<sys_mod_count>0</sys_mod_count>
<sys_updated_by>lakshmi.kalatippi</sys_updated_by>
<sys_updated_on>2018-03-05 10:49:53</sys_updated_on>
<table>incident</table>
<target_name> Response SLA: Priority 1 A&amp;W(30 Min)</target_name>
<type>SLA Definition</type>
<update_domain>409c30addb8e8f0066e6f2f5ab9619e3</update_domain>
<update_set display_value=""/>
<view/>
</sys_update_xml>
<sys_update_xml action="INSERT_OR_UPDATE">
<action>INSERT_OR_UPDATE</action>
<application display_value="Global">global</application>
<category>customer</category>
<comments/>
<name>contract_sla_889f057edbb6c3002dfc78a6ae9619fc</name>
<payload><![CDATA[<?xml version="1.0" encoding="UTF-8"?><record_update sys_domain="409c30addb8e8f0066e6f2f5ab9619e3" table="contract_sla"><contract_sla action="INSERT_OR_UPDATE"><active>true</active><cancel_condition/><collection>incident</collection><condition_class/><duration>1970-01-01 01:00:00</duration><duration_type/><enable_logging>false</enable_logging><name> Response SLA: Priority 2 A&amp;W(1 Hrs)</name><pause_condition/><relative_duration_works_on>Task record</relative_duration_works_on><reset_condition/><resume_condition/><retroactive>false</retroactive><retroactive_pause>true</retroactive_pause><schedule display_value="8-5 weekdays">08fcd0830a0a0b2600079f56b1adb9ae</schedule><schedule_source>sla_definition</schedule_source><schedule_source_field/><set_start_to>u_ora_alert_received</set_start_to><start_condition table="incident">priority=2^active=true^EQ<item endquery="false" field="priority" goto="false" newquery="false" operator="=" or="false" value="2"/><item endquery="false" field="active" goto="false" newquery="false" operator="=" or="false" value="true"/><item endquery="true" field="" goto="false" newquery="false" operator="=" or="false" value=""/></start_condition><stop_condition table="incident">assignment_groupISNOTEMPTY^assigned_toISNOTEMPTY^ORincident_state=705^EQ<item endquery="false" field="assignment_group" goto="false" newquery="false" operator="ISNOTEMPTY" or="false" value=""/><item endquery="false" field="assigned_to" goto="false" newquery="false" operator="ISNOTEMPTY" or="false" value=""/><item endquery="false" field="incident_state" goto="false" newquery="false" operator="=" or="true" value="705"/><item endquery="true" field="" goto="false" newquery="false" operator="=" or="false" value=""/></stop_condition><sys_class_name>contract_sla</sys_class_name><sys_created_by>lakshmi.kalatippi@capgemini.com</sys_created_by><sys_created_on>2017-12-06 13:59:12</sys_created_on><sys_customer_update>true</sys_customer_update><sys_domain>409c30addb8e8f0066e6f2f5ab9619e3</sys_domain><sys_domain_path>!!!/!!D/</sys_domain_path><sys_id>889f057edbb6c3002dfc78a6ae9619fc</sys_id><sys_mod_count>4</sys_mod_count><sys_name> Response SLA: Priority 2 A&amp;W(1 Hrs)</sys_name><sys_overrides/><sys_package display_value="Global" source="global">global</sys_package><sys_policy/><sys_replace_on_upgrade>false</sys_replace_on_upgrade><sys_scope display_value="Global">global</sys_scope><sys_update_name>contract_sla_889f057edbb6c3002dfc78a6ae9619fc</sys_update_name><sys_updated_by>lakshmi.kalatippi</sys_updated_by><sys_updated_on>2018-01-23 11:30:21</sys_updated_on><timezone/><timezone_source>task.caller_id.time_zone</timezone_source><type>SLA</type><u_ajg_sla_type/><u_group/><u_item/><u_vendor/><when_to_cancel>no_match</when_to_cancel><when_to_resume>no_match</when_to_resume><workflow display_value="Default SLA workflow">4b6570360a0a0b3000bbacab877713f2</workflow></contract_sla></record_update>]]></payload>
<remote_update_set display_value="A&amp;W Incident Management - LK - V7">e42a3e57dba093042dfc78a6ae9619c3</remote_update_set>
<replace_on_upgrade>false</replace_on_upgrade>
<sys_created_by>lakshmi.kalatippi</sys_created_by>
<sys_created_on>2018-03-05 10:49:53</sys_created_on>
<sys_id>602a3e57dba093042dfc78a6ae9619c4</sys_id>
<sys_mod_count>0</sys_mod_count>
<sys_updated_by>lakshmi.kalatippi</sys_updated_by>
<sys_updated_on>2018-03-05 10:49:53</sys_updated_on>
<table>incident</table>
<target_name> Response SLA: Priority 2 A&amp;W(1 Hrs)</target_name>
<type>SLA Definition</type>
<update_domain>409c30addb8e8f0066e6f2f5ab9619e3</update_domain>
<update_set display_value=""/>
<view/>
</sys_update_xml>
<sys_update_xml action="INSERT_OR_UPDATE">
<action>INSERT_OR_UPDATE</action>
<application display_value="Global">global</application>
<category>customer</category>
<comments/>
<name>sys_dictionary_u_vendor_a_w_u_a_w_description</name>
<payload><![CDATA[<?xml version="1.0" encoding="UTF-8"?><record_update><sys_dictionary action="INSERT_OR_UPDATE" element="u_a_w_description" table="u_vendor_a_w"><active>true</active><array>false</array><array_denormalized>false</array_denormalized><attributes/><audit>false</audit><calculation>(function calculatedFieldValue(current) {&#13;
&#13;
	// Add your code here&#13;
	return '';  // return the calculated value&#13;
&#13;
})(current);</calculation><choice/><choice_field/><choice_table/><column_label>Description</column_label><comments/><create_roles/><default_value/><defaultsort/><delete_roles/><dependent/><dependent_on_field/><display>false</display><dynamic_creation>false</dynamic_creation><dynamic_creation_script/><dynamic_default_value/><dynamic_ref_qual/><element>u_a_w_description</element><element_reference>false</element_reference><foreign_database/><internal_type display_value="String">string</internal_type><mandatory>false</mandatory><max_length>4000</max_length><name>u_vendor_a_w</name><next_element/><primary>false</primary><read_only>false</read_only><read_roles/><reference/><reference_cascade_rule/><reference_floats>false</reference_floats><reference_key/><reference_qual/><reference_qual_condition/><reference_type/><sizeclass/><spell_check>false</spell_check><staged>false</staged><sys_class_name>sys_dictionary</sys_class_name><sys_created_by>shweta.hegde@capgemini.com</sys_created_by><sys_created_on>2018-01-23 11:46:17</sys_created_on><sys_customer_update>true</sys_customer_update><sys_id>15cc3bc6dbff0340a8a37dfdae96198c</sys_id><sys_mod_count>0</sys_mod_count><sys_name>Description</sys_name><sys_package display_value="Global" source="global">global</sys_package><sys_policy/><sys_replace_on_upgrade>false</sys_replace_on_upgrade><sys_scope display_value="Global">global</sys_scope><sys_update_name>sys_dictionary_u_vendor_a_w_u_a_w_description</sys_update_name><sys_updated_by>shweta.hegde@capgemini.com</sys_updated_by><sys_updated_on>2018-01-23 11:46:17</sys_updated_on><table_reference>false</table_reference><text_index>false</text_index><unique>false</unique><use_dependent_field>false</use_dependent_field><use_dynamic_default>false</use_dynamic_default><use_reference_qualifier>simple</use_reference_qualifier><virtual>false</virtual><widget/><write_roles/><xml_view>false</xml_view></sys_dictionary></record_update>]]></payload>
<remote_update_set display_value="A&amp;W Incident Management - LK - V7">e42a3e57dba093042dfc78a6ae9619c3</remote_update_set>
<replace_on_upgrade>false</replace_on_upgrade>
<sys_created_by>lakshmi.kalatippi</sys_created_by>
<sys_created_on>2018-03-05 10:49:53</sys_created_on>
<sys_id>6c2a3e57dba093042dfc78a6ae9619c4</sys_id>
<sys_mod_count>0</sys_mod_count>
<sys_updated_by>lakshmi.kalatippi</sys_updated_by>
<sys_updated_on>2018-03-05 10:49:53</sys_updated_on>
<table>u_vendor_a_w</table>
<target_name>Vendor.Description</target_name>
<type>Dictionary</type>
<update_domain/>
<update_set display_value=""/>
<view/>
</sys_update_xml>
<sys_update_xml action="INSERT_OR_UPDATE">
<action>INSERT_OR_UPDATE</action>
<application display_value="Global">global</application>
<category>customer</category>
<comments/>
<name>contract_sla_d1c240e6dbb24f40a8a37dfdae9619a7</name>
<payload><![CDATA[<?xml version="1.0" encoding="UTF-8"?><record_update sys_domain="409c30addb8e8f0066e6f2f5ab9619e3" table="contract_sla"><contract_sla action="INSERT_OR_UPDATE"><active>true</active><cancel_condition/><collection>incident</collection><condition_class/><duration>1970-01-01 01:30:00</duration><duration_type/><enable_logging>false</enable_logging><name> Resolution SLA: Priority 1 A&amp;W(90 Min)</name><pause_condition table="incident">incident_state=14^EQ<item endquery="false" field="incident_state" goto="false" newquery="false" operator="=" or="false" value="14"/><item endquery="true" field="" goto="false" newquery="false" operator="=" or="false" value=""/></pause_condition><relative_duration_works_on>Task record</relative_duration_works_on><reset_condition/><resume_condition/><retroactive>false</retroactive><retroactive_pause>true</retroactive_pause><schedule display_value="8-5 weekdays">08fcd0830a0a0b2600079f56b1adb9ae</schedule><schedule_source>sla_definition</schedule_source><schedule_source_field/><set_start_to>u_ora_alert_received</set_start_to><start_condition table="incident">active=true^priority=1^assigned_toISNOTEMPTY^assignment_groupISNOTEMPTY^EQ<item endquery="false" field="active" goto="false" newquery="false" operator="=" or="false" value="true"/><item endquery="false" field="priority" goto="false" newquery="false" operator="=" or="false" value="1"/><item endquery="false" field="assigned_to" goto="false" newquery="false" operator="ISNOTEMPTY" or="false" value=""/><item endquery="false" field="assignment_group" goto="false" newquery="false" operator="ISNOTEMPTY" or="false" value=""/><item endquery="true" field="" goto="false" newquery="false" operator="=" or="false" value=""/></start_condition><stop_condition table="incident">incident_state=6^ORincident_state=705^EQ<item endquery="false" field="incident_state" goto="false" newquery="false" operator="=" or="false" value="6"/><item endquery="false" field="incident_state" goto="false" newquery="false" operator="=" or="true" value="705"/><item endquery="true" field="" goto="false" newquery="false" operator="=" or="false" value=""/></stop_condition><sys_class_name>contract_sla</sys_class_name><sys_created_by>lakshmi.kalatippi@capgemini.com</sys_created_by><sys_created_on>2017-12-05 13:53:39</sys_created_on><sys_customer_update>true</sys_customer_update><sys_domain>409c30addb8e8f0066e6f2f5ab9619e3</sys_domain><sys_domain_path>!!!/!!D/</sys_domain_path><sys_id>d1c240e6dbb24f40a8a37dfdae9619a7</sys_id><sys_mod_count>7</sys_mod_count><sys_name> Resolution SLA: Priority 1 A&amp;W(90 Min)</sys_name><sys_overrides/><sys_package display_value="Global" source="global">global</sys_package><sys_policy/><sys_replace_on_upgrade>false</sys_replace_on_upgrade><sys_scope display_value="Global">global</sys_scope><sys_update_name>contract_sla_d1c240e6dbb24f40a8a37dfdae9619a7</sys_update_name><sys_updated_by>lakshmi.kalatippi</sys_updated_by><sys_updated_on>2018-01-23 11:26:57</sys_updated_on><timezone/><timezone_source>task.caller_id.time_zone</timezone_source><type>SLA</type><u_ajg_sla_type/><u_group/><u_item/><u_vendor/><when_to_cancel>no_match</when_to_cancel><when_to_resume>no_match</when_to_resume><workflow display_value="Default SLA workflow">4b6570360a0a0b3000bbacab877713f2</workflow></contract_sla></record_update>]]></payload>
<remote_update_set display_value="A&amp;W Incident Management - LK - V7">e42a3e57dba093042dfc78a6ae9619c3</remote_update_set>
<replace_on_upgrade>false</replace_on_upgrade>
<sys_created_by>lakshmi.kalatippi</sys_created_by>
<sys_created_on>2018-03-05 10:49:53</sys_created_on>
<sys_id>a82a3e57dba093042dfc78a6ae9619c4</sys_id>
<sys_mod_count>0</sys_mod_count>
<sys_updated_by>lakshmi.kalatippi</sys_updated_by>
<sys_updated_on>2018-03-05 10:49:53</sys_updated_on>
<table>incident</table>
<target_name> Resolution SLA: Priority 1 A&amp;W(90 Min)</target_name>
<type>SLA Definition</type>
<update_domain>409c30addb8e8f0066e6f2f5ab9619e3</update_domain>
<update_set display_value=""/>
<view/>
</sys_update_xml>
<sys_update_xml action="INSERT_OR_UPDATE">
<action>INSERT_OR_UPDATE</action>
<application display_value="Global">global</application>
<category>customer</category>
<comments/>
<name>contract_sla_5df644aadbb24f40a8a37dfdae9619fa</name>
<payload><![CDATA[<?xml version="1.0" encoding="UTF-8"?><record_update sys_domain="409c30addb8e8f0066e6f2f5ab9619e3" table="contract_sla"><contract_sla action="INSERT_OR_UPDATE"><active>true</active><cancel_condition/><collection>incident</collection><condition_class/><duration>1970-01-01 06:30:00</duration><duration_type/><enable_logging>false</enable_logging><name> Resolution SLA: Priority 3 A&amp;W(6.5 Hrs)</name><pause_condition table="incident">incident_state=14^EQ<item endquery="false" field="incident_state" goto="false" newquery="false" operator="=" or="false" value="14"/><item endquery="true" field="" goto="false" newquery="false" operator="=" or="false" value=""/></pause_condition><relative_duration_works_on>Task record</relative_duration_works_on><reset_condition/><resume_condition/><retroactive>false</retroactive><retroactive_pause>true</retroactive_pause><schedule display_value="8-5 weekdays">08fcd0830a0a0b2600079f56b1adb9ae</schedule><schedule_source>sla_definition</schedule_source><schedule_source_field/><set_start_to>u_ora_alert_received</set_start_to><start_condition table="incident">active=true^priority=3^assigned_toISNOTEMPTY^assignment_groupISNOTEMPTY^EQ<item endquery="false" field="active" goto="false" newquery="false" operator="=" or="false" value="true"/><item endquery="false" field="priority" goto="false" newquery="false" operator="=" or="false" value="3"/><item endquery="false" field="assigned_to" goto="false" newquery="false" operator="ISNOTEMPTY" or="false" value=""/><item endquery="false" field="assignment_group" goto="false" newquery="false" operator="ISNOTEMPTY" or="false" value=""/><item endquery="true" field="" goto="false" newquery="false" operator="=" or="false" value=""/></start_condition><stop_condition table="incident">incident_state=6^ORincident_state=705^EQ<item endquery="false" field="incident_state" goto="false" newquery="false" operator="=" or="false" value="6"/><item endquery="false" field="incident_state" goto="false" newquery="false" operator="=" or="true" value="705"/><item endquery="true" field="" goto="false" newquery="false" operator="=" or="false" value=""/></stop_condition><sys_class_name>contract_sla</sys_class_name><sys_created_by>lakshmi.kalatippi@capgemini.com</sys_created_by><sys_created_on>2017-12-05 14:03:41</sys_created_on><sys_customer_update>true</sys_customer_update><sys_domain>409c30addb8e8f0066e6f2f5ab9619e3</sys_domain><sys_domain_path>!!!/!!D/</sys_domain_path><sys_id>5df644aadbb24f40a8a37dfdae9619fa</sys_id><sys_mod_count>8</sys_mod_count><sys_name> Resolution SLA: Priority 3 A&amp;W(6.5 Hrs)</sys_name><sys_overrides/><sys_package display_value="Global" source="global">global</sys_package><sys_policy/><sys_replace_on_upgrade>false</sys_replace_on_upgrade><sys_scope display_value="Global">global</sys_scope><sys_update_name>contract_sla_5df644aadbb24f40a8a37dfdae9619fa</sys_update_name><sys_updated_by>lakshmi.kalatippi</sys_updated_by><sys_updated_on>2018-01-23 11:28:26</sys_updated_on><timezone/><timezone_source>task.caller_id.time_zone</timezone_source><type>SLA</type><u_ajg_sla_type/><u_group/><u_item/><u_vendor/><when_to_cancel>no_match</when_to_cancel><when_to_resume>no_match</when_to_resume><workflow display_value="Default SLA workflow">4b6570360a0a0b3000bbacab877713f2</workflow></contract_sla></record_update>]]></payload>
<remote_update_set display_value="A&amp;W Incident Management - LK - V7">e42a3e57dba093042dfc78a6ae9619c3</remote_update_set>
<replace_on_upgrade>false</replace_on_upgrade>
<sys_created_by>lakshmi.kalatippi</sys_created_by>
<sys_created_on>2018-03-05 10:49:53</sys_created_on>
<sys_id>ac2a3e57dba093042dfc78a6ae9619c3</sys_id>
<sys_mod_count>0</sys_mod_count>
<sys_updated_by>lakshmi.kalatippi</sys_updated_by>
<sys_updated_on>2018-03-05 10:49:53</sys_updated_on>
<table>incident</table>
<target_name> Resolution SLA: Priority 3 A&amp;W(6.5 Hrs)</target_name>
<type>SLA Definition</type>
<update_domain>409c30addb8e8f0066e6f2f5ab9619e3</update_domain>
<update_set display_value=""/>
<view/>
</sys_update_xml>
<sys_update_xml action="INSERT_OR_UPDATE">
<action>INSERT_OR_UPDATE</action>
<application display_value="Global">global</application>
<category>customer</category>
<comments/>
<name>sys_ui_section_bd060e92db6bcf802dfc78a6ae96193a</name>
<payload><![CDATA[<?xml version="1.0" encoding="UTF-8"?><record_update><sys_ui_section caption="" section_id="bd060e92db6bcf802dfc78a6ae96193a" sys_domain="409c30addb8e8f0066e6f2f5ab9619e3" table="u_vendor_a_w" version="3" view=""><sys_ui_element action="INSERT_OR_UPDATE"><element>.begin_split</element><position>0</position><sys_created_by>shweta.hegde@capgemini.com</sys_created_by><sys_created_on>2018-01-23 11:49:17</sys_created_on><sys_id>4f8ebf0adbff0340a8a37dfdae96194d</sys_id><sys_mod_count>0</sys_mod_count><sys_ui_formatter/><sys_ui_section caption="NULL" display_value="" name="u_vendor_a_w" sys_domain="409c30addb8e8f0066e6f2f5ab9619e3" view="Default view">bd060e92db6bcf802dfc78a6ae96193a</sys_ui_section><sys_updated_by>shweta.hegde@capgemini.com</sys_updated_by><sys_updated_on>2018-01-23 11:49:17</sys_updated_on><sys_user/><type>.begin_split</type></sys_ui_element><sys_ui_element action="INSERT_OR_UPDATE"><element>u_vendor_name_a_w</element><position>1</position><sys_created_by>shweta.hegde@capgemini.com</sys_created_by><sys_created_on>2018-01-23 11:49:17</sys_created_on><sys_id>c78ebf0adbff0340a8a37dfdae96194e</sys_id><sys_mod_count>0</sys_mod_count><sys_ui_formatter/><sys_ui_section caption="NULL" display_value="" name="u_vendor_a_w" sys_domain="409c30addb8e8f0066e6f2f5ab9619e3" view="Default view">bd060e92db6bcf802dfc78a6ae96193a</sys_ui_section><sys_updated_by>shweta.hegde@capgemini.com</sys_updated_by><sys_updated_on>2018-01-23 11:49:17</sys_updated_on><sys_user/><type/></sys_ui_element><sys_ui_element action="INSERT_OR_UPDATE"><element>u_vendor_type_a_w</element><position>2</position><sys_created_by>shweta.hegde@capgemini.com</sys_created_by><sys_created_on>2018-01-23 11:49:17</sys_created_on><sys_id>4b8ebf0adbff0340a8a37dfdae96194e</sys_id><sys_mod_count>0</sys_mod_count><sys_ui_formatter/><sys_ui_section caption="NULL" display_value="" name="u_vendor_a_w" sys_domain="409c30addb8e8f0066e6f2f5ab9619e3" view="Default view">bd060e92db6bcf802dfc78a6ae96193a</sys_ui_section><sys_updated_by>shweta.hegde@capgemini.com</sys_updated_by><sys_updated_on>2018-01-23 11:49:17</sys_updated_on><sys_user/><type/></sys_ui_element><sys_ui_element action="INSERT_OR_UPDATE"><element>.split</element><position>3</position><sys_created_by>shweta.hegde@capgemini.com</sys_created_by><sys_created_on>2018-01-23 11:49:17</sys_created_on><sys_id>cb8ebf0adbff0340a8a37dfdae96194e</sys_id><sys_mod_count>0</sys_mod_count><sys_ui_formatter/><sys_ui_section caption="NULL" display_value="" name="u_vendor_a_w" sys_domain="409c30addb8e8f0066e6f2f5ab9619e3" view="Default view">bd060e92db6bcf802dfc78a6ae96193a</sys_ui_section><sys_updated_by>shweta.hegde@capgemini.com</sys_updated_by><sys_updated_on>2018-01-23 11:49:17</sys_updated_on><sys_user/><type>.split</type></sys_ui_element><sys_ui_element action="INSERT_OR_UPDATE"><element>u_email_a_w</element><position>4</position><sys_created_by>shweta.hegde@capgemini.com</sys_created_by><sys_created_on>2018-01-23 11:49:17</sys_created_on><sys_id>4f8ebf0adbff0340a8a37dfdae96194e</sys_id><sys_mod_count>0</sys_mod_count><sys_ui_formatter/><sys_ui_section caption="NULL" display_value="" name="u_vendor_a_w" sys_domain="409c30addb8e8f0066e6f2f5ab9619e3" view="Default view">bd060e92db6bcf802dfc78a6ae96193a</sys_ui_section><sys_updated_by>shweta.hegde@capgemini.com</sys_updated_by><sys_updated_on>2018-01-23 11:49:17</sys_updated_on><sys_user/><type/></sys_ui_element><sys_ui_element action="INSERT_OR_UPDATE"><element>u_contact_a_w</element><position>5</position><sys_created_by>shweta.hegde@capgemini.com</sys_created_by><sys_created_on>2018-01-23 11:49:17</sys_created_on><sys_id>cf8ebf0adbff0340a8a37dfdae96194e</sys_id><sys_mod_count>0</sys_mod_count><sys_ui_formatter/><sys_ui_section caption="NULL" display_value="" name="u_vendor_a_w" sys_domain="409c30addb8e8f0066e6f2f5ab9619e3" view="Default view">bd060e92db6bcf802dfc78a6ae96193a</sys_ui_section><sys_updated_by>shweta.hegde@capgemini.com</sys_updated_by><sys_updated_on>2018-01-23 11:49:17</sys_updated_on><sys_user/><type/></sys_ui_element><sys_ui_element action="INSERT_OR_UPDATE"><element>.end_split</element><position>6</position><sys_created_by>shweta.hegde@capgemini.com</sys_created_by><sys_created_on>2018-01-23 11:49:17</sys_created_on><sys_id>438ebf0adbff0340a8a37dfdae96194f</sys_id><sys_mod_count>0</sys_mod_count><sys_ui_formatter/><sys_ui_section caption="NULL" display_value="" name="u_vendor_a_w" sys_domain="409c30addb8e8f0066e6f2f5ab9619e3" view="Default view">bd060e92db6bcf802dfc78a6ae96193a</sys_ui_section><sys_updated_by>shweta.hegde@capgemini.com</sys_updated_by><sys_updated_on>2018-01-23 11:49:17</sys_updated_on><sys_user/><type>.end_split</type></sys_ui_element><sys_ui_element action="INSERT_OR_UPDATE"><element>u_a_w_description</element><position>7</position><sys_created_by>shweta.hegde@capgemini.com</sys_created_by><sys_created_on>2018-01-23 11:49:17</sys_created_on><sys_id>c38ebf0adbff0340a8a37dfdae96194f</sys_id><sys_mod_count>0</sys_mod_count><sys_ui_formatter/><sys_ui_section caption="NULL" display_value="" name="u_vendor_a_w" sys_domain="409c30addb8e8f0066e6f2f5ab9619e3" view="Default view">bd060e92db6bcf802dfc78a6ae96193a</sys_ui_section><sys_updated_by>shweta.hegde@capgemini.com</sys_updated_by><sys_updated_on>2018-01-23 11:49:17</sys_updated_on><sys_user/><type/></sys_ui_element><sys_ui_section action="INSERT_OR_UPDATE"><caption/><header>false</header><name>u_vendor_a_w</name><roles/><sys_class_name>sys_ui_section</sys_class_name><sys_created_by>itil.user@example.com</sys_created_by><sys_created_on>2018-01-11 11:25:31</sys_created_on><sys_customer_update>true</sys_customer_update><sys_domain>409c30addb8e8f0066e6f2f5ab9619e3</sys_domain><sys_domain_path>!!!/!!D/</sys_domain_path><sys_id>bd060e92db6bcf802dfc78a6ae96193a</sys_id><sys_mod_count>0</sys_mod_count><sys_name>u_vendor_a_w</sys_name><sys_overrides display_value="">global</sys_overrides><sys_package display_value="Global" source="global">global</sys_package><sys_policy/><sys_replace_on_upgrade>false</sys_replace_on_upgrade><sys_scope display_value="Global">global</sys_scope><sys_update_name>sys_ui_section_bd060e92db6bcf802dfc78a6ae96193a</sys_update_name><sys_updated_by>itil.user@example.com</sys_updated_by><sys_updated_on>2018-01-11 11:25:31</sys_updated_on><sys_user/><title>true</title><view display_value="Default view" name="NULL">Default view</view><view_name/></sys_ui_section></sys_ui_section></record_update>]]></payload>
<remote_update_set display_value="A&amp;W Incident Management - LK - V7">e42a3e57dba093042dfc78a6ae9619c3</remote_update_set>
<replace_on_upgrade>false</replace_on_upgrade>
<sys_created_by>lakshmi.kalatippi</sys_created_by>
<sys_created_on>2018-03-05 10:49:53</sys_created_on>
<sys_id>e02a3e57dba093042dfc78a6ae9619c5</sys_id>
<sys_mod_count>0</sys_mod_count>
<sys_updated_by>lakshmi.kalatippi</sys_updated_by>
<sys_updated_on>2018-03-05 10:49:53</sys_updated_on>
<table>u_vendor_a_w</table>
<target_name>Vendor</target_name>
<type>Form Layout</type>
<update_domain>409c30addb8e8f0066e6f2f5ab9619e3</update_domain>
<update_set display_value=""/>
<view/>
</sys_update_xml>
<sys_update_xml action="INSERT_OR_UPDATE">
<action>INSERT_OR_UPDATE</action>
<application display_value="Global">global</application>
<category>customer</category>
<comments/>
<name>contract_sla_a175c06adbb24f40a8a37dfdae961998</name>
<payload><![CDATA[<?xml version="1.0" encoding="UTF-8"?><record_update sys_domain="409c30addb8e8f0066e6f2f5ab9619e3" table="contract_sla"><contract_sla action="INSERT_OR_UPDATE"><active>true</active><cancel_condition/><collection>incident</collection><condition_class/><duration>1970-01-01 03:00:00</duration><duration_type/><enable_logging>false</enable_logging><name> Resolution SLA: Priority 2 A&amp;W(3 Hr)</name><pause_condition table="incident">incident_state=14^EQ<item endquery="false" field="incident_state" goto="false" newquery="false" operator="=" or="false" value="14"/><item endquery="true" field="" goto="false" newquery="false" operator="=" or="false" value=""/></pause_condition><relative_duration_works_on>Task record</relative_duration_works_on><reset_condition/><resume_condition/><retroactive>false</retroactive><retroactive_pause>true</retroactive_pause><schedule display_value="8-5 weekdays">08fcd0830a0a0b2600079f56b1adb9ae</schedule><schedule_source>sla_definition</schedule_source><schedule_source_field/><set_start_to>u_ora_alert_received</set_start_to><start_condition table="incident">active=true^priority=2^assigned_toISNOTEMPTY^assignment_groupISNOTEMPTY^EQ<item endquery="false" field="active" goto="false" newquery="false" operator="=" or="false" value="true"/><item endquery="false" field="priority" goto="false" newquery="false" operator="=" or="false" value="2"/><item endquery="false" field="assigned_to" goto="false" newquery="false" operator="ISNOTEMPTY" or="false" value=""/><item endquery="false" field="assignment_group" goto="false" newquery="false" operator="ISNOTEMPTY" or="false" value=""/><item endquery="true" field="" goto="false" newquery="false" operator="=" or="false" value=""/></start_condition><stop_condition table="incident">incident_state=6^ORincident_state=705^EQ<item endquery="false" field="incident_state" goto="false" newquery="false" operator="=" or="false" value="6"/><item endquery="false" field="incident_state" goto="false" newquery="false" operator="=" or="true" value="705"/><item endquery="true" field="" goto="false" newquery="false" operator="=" or="false" value=""/></stop_condition><sys_class_name>contract_sla</sys_class_name><sys_created_by>lakshmi.kalatippi@capgemini.com</sys_created_by><sys_created_on>2017-12-05 13:59:12</sys_created_on><sys_customer_update>true</sys_customer_update><sys_domain>409c30addb8e8f0066e6f2f5ab9619e3</sys_domain><sys_domain_path>!!!/!!D/</sys_domain_path><sys_id>a175c06adbb24f40a8a37dfdae961998</sys_id><sys_mod_count>8</sys_mod_count><sys_name> Resolution SLA: Priority 2 A&amp;W(3 Hr)</sys_name><sys_overrides/><sys_package display_value="Global" source="global">global</sys_package><sys_policy/><sys_replace_on_upgrade>false</sys_replace_on_upgrade><sys_scope display_value="Global">global</sys_scope><sys_update_name>contract_sla_a175c06adbb24f40a8a37dfdae961998</sys_update_name><sys_updated_by>lakshmi.kalatippi</sys_updated_by><sys_updated_on>2018-01-23 11:27:36</sys_updated_on><timezone/><timezone_source>task.caller_id.time_zone</timezone_source><type>SLA</type><u_ajg_sla_type/><u_group/><u_item/><u_vendor/><when_to_cancel>no_match</when_to_cancel><when_to_resume>no_match</when_to_resume><workflow display_value="Default SLA workflow">4b6570360a0a0b3000bbacab877713f2</workflow></contract_sla></record_update>]]></payload>
<remote_update_set display_value="A&amp;W Incident Management - LK - V7">e42a3e57dba093042dfc78a6ae9619c3</remote_update_set>
<replace_on_upgrade>false</replace_on_upgrade>
<sys_created_by>lakshmi.kalatippi</sys_created_by>
<sys_created_on>2018-03-05 10:49:53</sys_created_on>
<sys_id>e42a3e57dba093042dfc78a6ae9619c4</sys_id>
<sys_mod_count>0</sys_mod_count>
<sys_updated_by>lakshmi.kalatippi</sys_updated_by>
<sys_updated_on>2018-03-05 10:49:53</sys_updated_on>
<table>incident</table>
<target_name> Resolution SLA: Priority 2 A&amp;W(3 Hr)</target_name>
<type>SLA Definition</type>
<update_domain>409c30addb8e8f0066e6f2f5ab9619e3</update_domain>
<update_set display_value=""/>
<view/>
</sys_update_xml>
<sys_update_xml action="INSERT_OR_UPDATE">
<action>INSERT_OR_UPDATE</action>
<application display_value="Global">global</application>
<category>customer</category>
<comments/>
<name>contract_sla_308299fedbb6c3002dfc78a6ae961913</name>
<payload><![CDATA[<?xml version="1.0" encoding="UTF-8"?><record_update sys_domain="409c30addb8e8f0066e6f2f5ab9619e3" table="contract_sla"><contract_sla action="INSERT_OR_UPDATE"><active>true</active><cancel_condition/><collection>incident</collection><condition_class/><duration>1970-01-01 02:00:00</duration><duration_type/><enable_logging>false</enable_logging><name> Response SLA: Priority 3 A&amp;W(2 Hrs)</name><pause_condition/><relative_duration_works_on>Task record</relative_duration_works_on><reset_condition/><resume_condition/><retroactive>false</retroactive><retroactive_pause>true</retroactive_pause><schedule display_value="8-5 weekdays">08fcd0830a0a0b2600079f56b1adb9ae</schedule><schedule_source>sla_definition</schedule_source><schedule_source_field/><set_start_to>u_ora_alert_received</set_start_to><start_condition table="incident">priority=3^active=true^EQ<item endquery="false" field="priority" goto="false" newquery="false" operator="=" or="false" value="3"/><item endquery="false" field="active" goto="false" newquery="false" operator="=" or="false" value="true"/><item endquery="true" field="" goto="false" newquery="false" operator="=" or="false" value=""/></start_condition><stop_condition table="incident">assigned_toISNOTEMPTY^assignment_groupISNOTEMPTY^ORincident_state=705^EQ<item endquery="false" field="assigned_to" goto="false" newquery="false" operator="ISNOTEMPTY" or="false" value=""/><item endquery="false" field="assignment_group" goto="false" newquery="false" operator="ISNOTEMPTY" or="false" value=""/><item endquery="false" field="incident_state" goto="false" newquery="false" operator="=" or="true" value="705"/><item endquery="true" field="" goto="false" newquery="false" operator="=" or="false" value=""/></stop_condition><sys_class_name>contract_sla</sys_class_name><sys_created_by>lakshmi.kalatippi@capgemini.com</sys_created_by><sys_created_on>2017-12-06 14:12:06</sys_created_on><sys_customer_update>true</sys_customer_update><sys_domain>409c30addb8e8f0066e6f2f5ab9619e3</sys_domain><sys_domain_path>!!!/!!D/</sys_domain_path><sys_id>308299fedbb6c3002dfc78a6ae961913</sys_id><sys_mod_count>4</sys_mod_count><sys_name> Response SLA: Priority 3 A&amp;W(2 Hrs)</sys_name><sys_overrides/><sys_package display_value="Global" source="global">global</sys_package><sys_policy/><sys_replace_on_upgrade>false</sys_replace_on_upgrade><sys_scope display_value="Global">global</sys_scope><sys_update_name>contract_sla_308299fedbb6c3002dfc78a6ae961913</sys_update_name><sys_updated_by>lakshmi.kalatippi</sys_updated_by><sys_updated_on>2018-01-23 11:31:12</sys_updated_on><timezone/><timezone_source>task.caller_id.time_zone</timezone_source><type>SLA</type><u_ajg_sla_type/><u_group/><u_item/><u_vendor/><when_to_cancel>no_match</when_to_cancel><when_to_resume>no_match</when_to_resume><workflow display_value="Default SLA workflow">4b6570360a0a0b3000bbacab877713f2</workflow></contract_sla></record_update>]]></payload>
<remote_update_set display_value="A&amp;W Incident Management - LK - V7">e42a3e57dba093042dfc78a6ae9619c3</remote_update_set>
<replace_on_upgrade>false</replace_on_upgrade>
<sys_created_by>lakshmi.kalatippi</sys_created_by>
<sys_created_on>2018-03-05 10:49:53</sys_created_on>
<sys_id>e82a3e57dba093042dfc78a6ae9619c3</sys_id>
<sys_mod_count>0</sys_mod_count>
<sys_updated_by>lakshmi.kalatippi</sys_updated_by>
<sys_updated_on>2018-03-05 10:49:53</sys_updated_on>
<table>incident</table>
<target_name> Response SLA: Priority 3 A&amp;W(2 Hrs)</target_name>
<type>SLA Definition</type>
<update_domain>409c30addb8e8f0066e6f2f5ab9619e3</update_domain>
<update_set display_value=""/>
<view/>
</sys_update_xml>
</unload>
