<?xml version="1.0" encoding="UTF-8"?>
<unload unload_date="2018-03-05 11:46:09">
<sys_remote_update_set action="INSERT_OR_UPDATE">
<application display_value="Global">global</application>
<application_name>Global</application_name>
<application_scope>global</application_scope>
<application_version/>
<collisions/>
<commit_date/>
<deleted/>
<description/>
<inserted/>
<name>A&amp;W Incident Management- LK - V3</name>
<origin_sys_id/>
<release_date/>
<remote_sys_id>60d3258cdbe387802dfc78a6ae961907</remote_sys_id>
<state>loaded</state>
<summary/>
<sys_class_name>sys_remote_update_set</sys_class_name>
<sys_created_by>lakshmi.kalatippi</sys_created_by>
<sys_created_on>2018-03-05 11:46:09</sys_created_on>
<sys_id>74070f93dbe093042dfc78a6ae961929</sys_id>
<sys_mod_count>0</sys_mod_count>
<sys_updated_by>lakshmi.kalatippi</sys_updated_by>
<sys_updated_on>2018-03-05 11:46:09</sys_updated_on>
<update_set display_value=""/>
<update_source display_value=""/>
<updated/>
</sys_remote_update_set>
<sys_update_xml action="INSERT_OR_UPDATE">
<action>INSERT_OR_UPDATE</action>
<application display_value="Global">global</application>
<category>customer</category>
<comments/>
<name>sys_security_acl_role_7192f397db1fc3802dfc78a6ae9619b8</name>
<payload><![CDATA[<?xml version="1.0" encoding="UTF-8"?><record_update table="sys_security_acl_role"><sys_security_acl_role action="INSERT_OR_UPDATE"><sys_class_name>sys_security_acl_role</sys_class_name><sys_created_by>lakshmi.kalatippi@capgemini.com</sys_created_by><sys_created_on>2018-01-02 11:38:03</sys_created_on><sys_customer_update>true</sys_customer_update><sys_id>7192f397db1fc3802dfc78a6ae9619b8</sys_id><sys_mod_count>2</sys_mod_count><sys_name>u_restaurant_a_w.itil</sys_name><sys_package display_value="Global" source="global">global</sys_package><sys_policy/><sys_replace_on_upgrade>false</sys_replace_on_upgrade><sys_scope display_value="Global">global</sys_scope><sys_security_acl display_value="u_restaurant_a_w">3192f397db1fc3802dfc78a6ae9619b1</sys_security_acl><sys_update_name>sys_security_acl_role_7192f397db1fc3802dfc78a6ae9619b8</sys_update_name><sys_updated_by>lakshmi.kalatippi@capgemini.com</sys_updated_by><sys_updated_on>2018-01-04 09:26:44</sys_updated_on><sys_user_role display_value="itil" name="itil">282bf1fac6112285017366cb5f867469</sys_user_role><transaction_id/></sys_security_acl_role></record_update>]]></payload>
<remote_update_set display_value="A&amp;W Incident Management- LK - V3">74070f93dbe093042dfc78a6ae961929</remote_update_set>
<replace_on_upgrade>false</replace_on_upgrade>
<sys_created_by>lakshmi.kalatippi</sys_created_by>
<sys_created_on>2018-03-05 11:46:09</sys_created_on>
<sys_id>38070f93dbe093042dfc78a6ae96192a</sys_id>
<sys_mod_count>0</sys_mod_count>
<sys_updated_by>lakshmi.kalatippi</sys_updated_by>
<sys_updated_on>2018-03-05 11:46:09</sys_updated_on>
<table>u_restaurant_a_w</table>
<target_name>u_restaurant_a_w.itil</target_name>
<type>Access Roles</type>
<update_domain/>
<update_set display_value=""/>
<view/>
</sys_update_xml>
<sys_update_xml action="INSERT_OR_UPDATE">
<action>INSERT_OR_UPDATE</action>
<application display_value="Global">global</application>
<category>customer</category>
<comments/>
<name>sys_dictionary_task_u_restaurant_aw</name>
<payload><![CDATA[<?xml version="1.0" encoding="UTF-8"?><record_update><sys_dictionary action="INSERT_OR_UPDATE" element="u_restaurant_aw" table="task"><active>true</active><array>false</array><array_denormalized>false</array_denormalized><attributes>ref_ac_columns=u_restaurant_number_a_w;location,ref_auto_completer=AJAXTableCompleter,ref_ac_columns_search=true</attributes><audit>false</audit><calculation>(function calculatedFieldValue(current) {&#13;
&#13;
	// Add your code here&#13;
	return '';  // return the calculated value&#13;
&#13;
})(current);</calculation><choice/><choice_field/><choice_table/><column_label>Restaurant</column_label><comments/><create_roles/><default_value/><defaultsort/><delete_roles/><dependent/><dependent_on_field/><display>false</display><dynamic_creation>false</dynamic_creation><dynamic_creation_script/><dynamic_default_value/><dynamic_ref_qual/><element>u_restaurant_aw</element><element_reference>false</element_reference><foreign_database/><internal_type display_value="Reference">reference</internal_type><mandatory>false</mandatory><max_length>32</max_length><name>task</name><next_element/><primary>false</primary><read_only>false</read_only><read_roles/><reference display_value="" name="u_restaurant_a_w">u_restaurant_a_w</reference><reference_cascade_rule/><reference_floats>false</reference_floats><reference_key/><reference_qual/><reference_qual_condition/><reference_type/><sizeclass/><spell_check>false</spell_check><staged>false</staged><sys_class_name>sys_dictionary</sys_class_name><sys_created_by>lakshmi.kalatippi@capgemini.com</sys_created_by><sys_created_on>2018-01-02 12:37:40</sys_created_on><sys_customer_update>true</sys_customer_update><sys_id>aefffb53db5fc3802dfc78a6ae9619a1</sys_id><sys_mod_count>2</sys_mod_count><sys_name>Restaurant</sys_name><sys_package display_value="Global" source="global">global</sys_package><sys_policy/><sys_replace_on_upgrade>false</sys_replace_on_upgrade><sys_scope display_value="Global">global</sys_scope><sys_update_name>sys_dictionary_task_u_restaurant_aw</sys_update_name><sys_updated_by>lakshmi.kalatippi@capgemini.com</sys_updated_by><sys_updated_on>2018-01-03 09:47:21</sys_updated_on><table_reference>false</table_reference><text_index>false</text_index><unique>false</unique><use_dependent_field>false</use_dependent_field><use_dynamic_default>false</use_dynamic_default><use_reference_qualifier>simple</use_reference_qualifier><virtual>false</virtual><widget/><write_roles/><xml_view>false</xml_view></sys_dictionary></record_update>]]></payload>
<remote_update_set display_value="A&amp;W Incident Management- LK - V3">74070f93dbe093042dfc78a6ae961929</remote_update_set>
<replace_on_upgrade>false</replace_on_upgrade>
<sys_created_by>lakshmi.kalatippi</sys_created_by>
<sys_created_on>2018-03-05 11:46:09</sys_created_on>
<sys_id>3c070f93dbe093042dfc78a6ae961929</sys_id>
<sys_mod_count>0</sys_mod_count>
<sys_updated_by>lakshmi.kalatippi</sys_updated_by>
<sys_updated_on>2018-03-05 11:46:09</sys_updated_on>
<table>task</table>
<target_name>Task.Restaurant</target_name>
<type>Dictionary</type>
<update_domain/>
<update_set display_value=""/>
<view/>
</sys_update_xml>
<sys_update_xml action="INSERT_OR_UPDATE">
<action>INSERT_OR_UPDATE</action>
<application display_value="Global">global</application>
<category>customer</category>
<comments/>
<name>sys_ui_section_ccb61d1bdb4b07402dfc78a6ae9619e6</name>
<payload><![CDATA[<?xml version="1.0" encoding="UTF-8"?><record_update><sys_ui_section caption="" section_id="ccb61d1bdb4b07402dfc78a6ae9619e6" sys_domain="409c30addb8e8f0066e6f2f5ab9619e3" table="incident" version="3" view="ess"><sys_ui_element action="INSERT_OR_UPDATE"><element>.begin_split</element><position>0</position><sys_created_by>lakshmi.kalatippi@capgemini.com</sys_created_by><sys_created_on>2018-01-04 09:13:06</sys_created_on><sys_id>06946548db6787802dfc78a6ae961991</sys_id><sys_mod_count>0</sys_mod_count><sys_ui_formatter/><sys_ui_section caption="NULL" display_value="" name="incident" sys_domain="409c30addb8e8f0066e6f2f5ab9619e3" view="267529324a36230601e022869ee28f59">ccb61d1bdb4b07402dfc78a6ae9619e6</sys_ui_section><sys_updated_by>lakshmi.kalatippi@capgemini.com</sys_updated_by><sys_updated_on>2018-01-04 09:13:06</sys_updated_on><sys_user/><type>.begin_split</type></sys_ui_element><sys_ui_element action="INSERT_OR_UPDATE"><element>number</element><position>1</position><sys_created_by>lakshmi.kalatippi@capgemini.com</sys_created_by><sys_created_on>2018-01-04 09:13:06</sys_created_on><sys_id>8e946548db6787802dfc78a6ae961991</sys_id><sys_mod_count>0</sys_mod_count><sys_ui_formatter/><sys_ui_section caption="NULL" display_value="" name="incident" sys_domain="409c30addb8e8f0066e6f2f5ab9619e3" view="267529324a36230601e022869ee28f59">ccb61d1bdb4b07402dfc78a6ae9619e6</sys_ui_section><sys_updated_by>lakshmi.kalatippi@capgemini.com</sys_updated_by><sys_updated_on>2018-01-04 09:13:06</sys_updated_on><sys_user/><type/></sys_ui_element><sys_ui_element action="INSERT_OR_UPDATE"><element>caller_id</element><position>2</position><sys_created_by>lakshmi.kalatippi@capgemini.com</sys_created_by><sys_created_on>2018-01-04 09:13:06</sys_created_on><sys_id>02946548db6787802dfc78a6ae961992</sys_id><sys_mod_count>0</sys_mod_count><sys_ui_formatter/><sys_ui_section caption="NULL" display_value="" name="incident" sys_domain="409c30addb8e8f0066e6f2f5ab9619e3" view="267529324a36230601e022869ee28f59">ccb61d1bdb4b07402dfc78a6ae9619e6</sys_ui_section><sys_updated_by>lakshmi.kalatippi@capgemini.com</sys_updated_by><sys_updated_on>2018-01-04 09:13:06</sys_updated_on><sys_user/><type/></sys_ui_element><sys_ui_element action="INSERT_OR_UPDATE"><element>u_restaurant_aw</element><position>3</position><sys_created_by>lakshmi.kalatippi@capgemini.com</sys_created_by><sys_created_on>2018-01-04 09:13:06</sys_created_on><sys_id>82946548db6787802dfc78a6ae961992</sys_id><sys_mod_count>0</sys_mod_count><sys_ui_formatter/><sys_ui_section caption="NULL" display_value="" name="incident" sys_domain="409c30addb8e8f0066e6f2f5ab9619e3" view="267529324a36230601e022869ee28f59">ccb61d1bdb4b07402dfc78a6ae9619e6</sys_ui_section><sys_updated_by>lakshmi.kalatippi@capgemini.com</sys_updated_by><sys_updated_on>2018-01-04 09:13:06</sys_updated_on><sys_user/><type/></sys_ui_element><sys_ui_element action="INSERT_OR_UPDATE"><element>category</element><position>4</position><sys_created_by>lakshmi.kalatippi@capgemini.com</sys_created_by><sys_created_on>2018-01-04 09:13:06</sys_created_on><sys_id>06946548db6787802dfc78a6ae961992</sys_id><sys_mod_count>0</sys_mod_count><sys_ui_formatter/><sys_ui_section caption="NULL" display_value="" name="incident" sys_domain="409c30addb8e8f0066e6f2f5ab9619e3" view="267529324a36230601e022869ee28f59">ccb61d1bdb4b07402dfc78a6ae9619e6</sys_ui_section><sys_updated_by>lakshmi.kalatippi@capgemini.com</sys_updated_by><sys_updated_on>2018-01-04 09:13:06</sys_updated_on><sys_user/><type/></sys_ui_element><sys_ui_element action="INSERT_OR_UPDATE"><element>watch_list</element><position>5</position><sys_created_by>lakshmi.kalatippi@capgemini.com</sys_created_by><sys_created_on>2018-01-04 09:13:06</sys_created_on><sys_id>86946548db6787802dfc78a6ae961992</sys_id><sys_mod_count>0</sys_mod_count><sys_ui_formatter/><sys_ui_section caption="NULL" display_value="" name="incident" sys_domain="409c30addb8e8f0066e6f2f5ab9619e3" view="267529324a36230601e022869ee28f59">ccb61d1bdb4b07402dfc78a6ae9619e6</sys_ui_section><sys_updated_by>lakshmi.kalatippi@capgemini.com</sys_updated_by><sys_updated_on>2018-01-04 09:13:06</sys_updated_on><sys_user/><type/></sys_ui_element><sys_ui_element action="INSERT_OR_UPDATE"><element>.split</element><position>6</position><sys_created_by>lakshmi.kalatippi@capgemini.com</sys_created_by><sys_created_on>2018-01-04 09:13:06</sys_created_on><sys_id>0a946548db6787802dfc78a6ae961992</sys_id><sys_mod_count>0</sys_mod_count><sys_ui_formatter/><sys_ui_section caption="NULL" display_value="" name="incident" sys_domain="409c30addb8e8f0066e6f2f5ab9619e3" view="267529324a36230601e022869ee28f59">ccb61d1bdb4b07402dfc78a6ae9619e6</sys_ui_section><sys_updated_by>lakshmi.kalatippi@capgemini.com</sys_updated_by><sys_updated_on>2018-01-04 09:13:06</sys_updated_on><sys_user/><type>.split</type></sys_ui_element><sys_ui_element action="INSERT_OR_UPDATE"><element>u_mcd_opened</element><position>7</position><sys_created_by>lakshmi.kalatippi@capgemini.com</sys_created_by><sys_created_on>2018-01-04 09:13:06</sys_created_on><sys_id>8a946548db6787802dfc78a6ae961992</sys_id><sys_mod_count>0</sys_mod_count><sys_ui_formatter/><sys_ui_section caption="NULL" display_value="" name="incident" sys_domain="409c30addb8e8f0066e6f2f5ab9619e3" view="267529324a36230601e022869ee28f59">ccb61d1bdb4b07402dfc78a6ae9619e6</sys_ui_section><sys_updated_by>lakshmi.kalatippi@capgemini.com</sys_updated_by><sys_updated_on>2018-01-04 09:13:06</sys_updated_on><sys_user/><type/></sys_ui_element><sys_ui_element action="INSERT_OR_UPDATE"><element>incident_state</element><position>8</position><sys_created_by>lakshmi.kalatippi@capgemini.com</sys_created_by><sys_created_on>2018-01-04 09:13:06</sys_created_on><sys_id>0e946548db6787802dfc78a6ae961992</sys_id><sys_mod_count>0</sys_mod_count><sys_ui_formatter/><sys_ui_section caption="NULL" display_value="" name="incident" sys_domain="409c30addb8e8f0066e6f2f5ab9619e3" view="267529324a36230601e022869ee28f59">ccb61d1bdb4b07402dfc78a6ae9619e6</sys_ui_section><sys_updated_by>lakshmi.kalatippi@capgemini.com</sys_updated_by><sys_updated_on>2018-01-04 09:13:06</sys_updated_on><sys_user/><type/></sys_ui_element><sys_ui_element action="INSERT_OR_UPDATE"><element>impact</element><position>9</position><sys_created_by>lakshmi.kalatippi@capgemini.com</sys_created_by><sys_created_on>2018-01-04 09:13:06</sys_created_on><sys_id>8e946548db6787802dfc78a6ae961992</sys_id><sys_mod_count>0</sys_mod_count><sys_ui_formatter/><sys_ui_section caption="NULL" display_value="" name="incident" sys_domain="409c30addb8e8f0066e6f2f5ab9619e3" view="267529324a36230601e022869ee28f59">ccb61d1bdb4b07402dfc78a6ae9619e6</sys_ui_section><sys_updated_by>lakshmi.kalatippi@capgemini.com</sys_updated_by><sys_updated_on>2018-01-04 09:13:06</sys_updated_on><sys_user/><type/></sys_ui_element><sys_ui_element action="INSERT_OR_UPDATE"><element>urgency</element><position>10</position><sys_created_by>lakshmi.kalatippi@capgemini.com</sys_created_by><sys_created_on>2018-01-04 09:13:06</sys_created_on><sys_id>02946548db6787802dfc78a6ae961993</sys_id><sys_mod_count>0</sys_mod_count><sys_ui_formatter/><sys_ui_section caption="NULL" display_value="" name="incident" sys_domain="409c30addb8e8f0066e6f2f5ab9619e3" view="267529324a36230601e022869ee28f59">ccb61d1bdb4b07402dfc78a6ae9619e6</sys_ui_section><sys_updated_by>lakshmi.kalatippi@capgemini.com</sys_updated_by><sys_updated_on>2018-01-04 09:13:06</sys_updated_on><sys_user/><type/></sys_ui_element><sys_ui_element action="INSERT_OR_UPDATE"><element>priority</element><position>11</position><sys_created_by>lakshmi.kalatippi@capgemini.com</sys_created_by><sys_created_on>2018-01-04 09:13:06</sys_created_on><sys_id>82946548db6787802dfc78a6ae961993</sys_id><sys_mod_count>0</sys_mod_count><sys_ui_formatter/><sys_ui_section caption="NULL" display_value="" name="incident" sys_domain="409c30addb8e8f0066e6f2f5ab9619e3" view="267529324a36230601e022869ee28f59">ccb61d1bdb4b07402dfc78a6ae9619e6</sys_ui_section><sys_updated_by>lakshmi.kalatippi@capgemini.com</sys_updated_by><sys_updated_on>2018-01-04 09:13:06</sys_updated_on><sys_user/><type/></sys_ui_element><sys_ui_element action="INSERT_OR_UPDATE"><element>assignment_group</element><position>12</position><sys_created_by>lakshmi.kalatippi@capgemini.com</sys_created_by><sys_created_on>2018-01-04 09:13:06</sys_created_on><sys_id>06946548db6787802dfc78a6ae961993</sys_id><sys_mod_count>0</sys_mod_count><sys_ui_formatter/><sys_ui_section caption="NULL" display_value="" name="incident" sys_domain="409c30addb8e8f0066e6f2f5ab9619e3" view="267529324a36230601e022869ee28f59">ccb61d1bdb4b07402dfc78a6ae9619e6</sys_ui_section><sys_updated_by>lakshmi.kalatippi@capgemini.com</sys_updated_by><sys_updated_on>2018-01-04 09:13:06</sys_updated_on><sys_user/><type/></sys_ui_element><sys_ui_element action="INSERT_OR_UPDATE"><element>assigned_to</element><position>13</position><sys_created_by>lakshmi.kalatippi@capgemini.com</sys_created_by><sys_created_on>2018-01-04 09:13:06</sys_created_on><sys_id>86946548db6787802dfc78a6ae961993</sys_id><sys_mod_count>0</sys_mod_count><sys_ui_formatter/><sys_ui_section caption="NULL" display_value="" name="incident" sys_domain="409c30addb8e8f0066e6f2f5ab9619e3" view="267529324a36230601e022869ee28f59">ccb61d1bdb4b07402dfc78a6ae9619e6</sys_ui_section><sys_updated_by>lakshmi.kalatippi@capgemini.com</sys_updated_by><sys_updated_on>2018-01-04 09:13:06</sys_updated_on><sys_user/><type/></sys_ui_element><sys_ui_element action="INSERT_OR_UPDATE"><element>.end_split</element><position>14</position><sys_created_by>lakshmi.kalatippi@capgemini.com</sys_created_by><sys_created_on>2018-01-04 09:13:06</sys_created_on><sys_id>0a946548db6787802dfc78a6ae961993</sys_id><sys_mod_count>0</sys_mod_count><sys_ui_formatter/><sys_ui_section caption="NULL" display_value="" name="incident" sys_domain="409c30addb8e8f0066e6f2f5ab9619e3" view="267529324a36230601e022869ee28f59">ccb61d1bdb4b07402dfc78a6ae9619e6</sys_ui_section><sys_updated_by>lakshmi.kalatippi@capgemini.com</sys_updated_by><sys_updated_on>2018-01-04 09:13:06</sys_updated_on><sys_user/><type>.end_split</type></sys_ui_element><sys_ui_element action="INSERT_OR_UPDATE"><element>short_description</element><position>15</position><sys_created_by>lakshmi.kalatippi@capgemini.com</sys_created_by><sys_created_on>2018-01-04 09:13:06</sys_created_on><sys_id>8a946548db6787802dfc78a6ae961993</sys_id><sys_mod_count>0</sys_mod_count><sys_ui_formatter/><sys_ui_section caption="NULL" display_value="" name="incident" sys_domain="409c30addb8e8f0066e6f2f5ab9619e3" view="267529324a36230601e022869ee28f59">ccb61d1bdb4b07402dfc78a6ae9619e6</sys_ui_section><sys_updated_by>lakshmi.kalatippi@capgemini.com</sys_updated_by><sys_updated_on>2018-01-04 09:13:06</sys_updated_on><sys_user/><type/></sys_ui_element><sys_ui_element action="INSERT_OR_UPDATE"><element>comments</element><position>16</position><sys_created_by>lakshmi.kalatippi@capgemini.com</sys_created_by><sys_created_on>2018-01-04 09:13:06</sys_created_on><sys_id>0e946548db6787802dfc78a6ae961993</sys_id><sys_mod_count>0</sys_mod_count><sys_ui_formatter/><sys_ui_section caption="NULL" display_value="" name="incident" sys_domain="409c30addb8e8f0066e6f2f5ab9619e3" view="267529324a36230601e022869ee28f59">ccb61d1bdb4b07402dfc78a6ae9619e6</sys_ui_section><sys_updated_by>lakshmi.kalatippi@capgemini.com</sys_updated_by><sys_updated_on>2018-01-04 09:13:06</sys_updated_on><sys_user/><type/></sys_ui_element><sys_ui_element action="INSERT_OR_UPDATE"><element>activity.xml</element><position>17</position><sys_created_by>lakshmi.kalatippi@capgemini.com</sys_created_by><sys_created_on>2018-01-04 09:13:06</sys_created_on><sys_id>8e946548db6787802dfc78a6ae961993</sys_id><sys_mod_count>0</sys_mod_count><sys_ui_formatter display_value="Activities (filtered)">b832d3560a0001c700d781efe21e22f5</sys_ui_formatter><sys_ui_section caption="NULL" display_value="" name="incident" sys_domain="409c30addb8e8f0066e6f2f5ab9619e3" view="267529324a36230601e022869ee28f59">ccb61d1bdb4b07402dfc78a6ae9619e6</sys_ui_section><sys_updated_by>lakshmi.kalatippi@capgemini.com</sys_updated_by><sys_updated_on>2018-01-04 09:13:06</sys_updated_on><sys_user/><type>formatter</type></sys_ui_element><sys_ui_section action="INSERT_OR_UPDATE"><caption/><header>false</header><name>incident</name><roles/><sys_class_name>sys_ui_section</sys_class_name><sys_created_by>shweta.hegde@capgemini.com</sys_created_by><sys_created_on>2017-12-20 14:01:12</sys_created_on><sys_customer_update>true</sys_customer_update><sys_domain>409c30addb8e8f0066e6f2f5ab9619e3</sys_domain><sys_domain_path>!!!/!!D/</sys_domain_path><sys_id>ccb61d1bdb4b07402dfc78a6ae9619e6</sys_id><sys_mod_count>0</sys_mod_count><sys_name>incident</sys_name><sys_overrides caption="NULL" display_value="" name="incident" sys_domain="global" view="267529324a36230601e022869ee28f59">4fc4979ec0a8016401e142a5a0c599ce</sys_overrides><sys_package display_value="Global" source="global">global</sys_package><sys_policy/><sys_replace_on_upgrade>false</sys_replace_on_upgrade><sys_scope display_value="Global">global</sys_scope><sys_update_name>sys_ui_section_ccb61d1bdb4b07402dfc78a6ae9619e6</sys_update_name><sys_updated_by>shweta.hegde@capgemini.com</sys_updated_by><sys_updated_on>2017-12-20 14:01:12</sys_updated_on><sys_user/><title>true</title><view display_value="Self Service" name="ess">267529324a36230601e022869ee28f59</view><view_name>ess</view_name></sys_ui_section></sys_ui_section></record_update>]]></payload>
<remote_update_set display_value="A&amp;W Incident Management- LK - V3">74070f93dbe093042dfc78a6ae961929</remote_update_set>
<replace_on_upgrade>false</replace_on_upgrade>
<sys_created_by>lakshmi.kalatippi</sys_created_by>
<sys_created_on>2018-03-05 11:46:09</sys_created_on>
<sys_id>70070f93dbe093042dfc78a6ae96192b</sys_id>
<sys_mod_count>0</sys_mod_count>
<sys_updated_by>lakshmi.kalatippi</sys_updated_by>
<sys_updated_on>2018-03-05 11:46:09</sys_updated_on>
<table>incident</table>
<target_name>Incident</target_name>
<type>Form Layout</type>
<update_domain>409c30addb8e8f0066e6f2f5ab9619e3</update_domain>
<update_set display_value=""/>
<view>ess</view>
</sys_update_xml>
<sys_update_xml action="INSERT_OR_UPDATE">
<action>INSERT_OR_UPDATE</action>
<application display_value="Global">global</application>
<category>customer</category>
<comments/>
<name>sys_security_acl_role_3992f397db1fc3802dfc78a6ae961997</name>
<payload><![CDATA[<?xml version="1.0" encoding="UTF-8"?><record_update table="sys_security_acl_role"><sys_security_acl_role action="INSERT_OR_UPDATE"><sys_class_name>sys_security_acl_role</sys_class_name><sys_created_by>lakshmi.kalatippi@capgemini.com</sys_created_by><sys_created_on>2018-01-02 11:38:03</sys_created_on><sys_customer_update>true</sys_customer_update><sys_id>3992f397db1fc3802dfc78a6ae961997</sys_id><sys_mod_count>2</sys_mod_count><sys_name>u_restaurant_a_w.itil</sys_name><sys_package display_value="Global" source="global">global</sys_package><sys_policy/><sys_replace_on_upgrade>false</sys_replace_on_upgrade><sys_scope display_value="Global">global</sys_scope><sys_security_acl display_value="u_restaurant_a_w">7992f397db1fc3802dfc78a6ae961977</sys_security_acl><sys_update_name>sys_security_acl_role_3992f397db1fc3802dfc78a6ae961997</sys_update_name><sys_updated_by>lakshmi.kalatippi@capgemini.com</sys_updated_by><sys_updated_on>2018-01-04 09:26:44</sys_updated_on><sys_user_role display_value="itil" name="itil">282bf1fac6112285017366cb5f867469</sys_user_role><transaction_id/></sys_security_acl_role></record_update>]]></payload>
<remote_update_set display_value="A&amp;W Incident Management- LK - V3">74070f93dbe093042dfc78a6ae961929</remote_update_set>
<replace_on_upgrade>false</replace_on_upgrade>
<sys_created_by>lakshmi.kalatippi</sys_created_by>
<sys_created_on>2018-03-05 11:46:09</sys_created_on>
<sys_id>74070f93dbe093042dfc78a6ae96192a</sys_id>
<sys_mod_count>0</sys_mod_count>
<sys_updated_by>lakshmi.kalatippi</sys_updated_by>
<sys_updated_on>2018-03-05 11:46:09</sys_updated_on>
<table>u_restaurant_a_w</table>
<target_name>u_restaurant_a_w.itil</target_name>
<type>Access Roles</type>
<update_domain/>
<update_set display_value=""/>
<view/>
</sys_update_xml>
<sys_update_xml action="INSERT_OR_UPDATE">
<action>INSERT_OR_UPDATE</action>
<application display_value="Global">global</application>
<category>customer</category>
<comments/>
<name>sys_db_object_a132bf57db1fc3802dfc78a6ae961980</name>
<payload><![CDATA[<?xml version="1.0" encoding="UTF-8"?><record_update table="sys_db_object"><sys_db_object action="INSERT_OR_UPDATE"><access>public</access><actions_access>false</actions_access><alter_access>false</alter_access><client_scripts_access>false</client_scripts_access><configuration_access>false</configuration_access><create_access>false</create_access><create_access_controls>true</create_access_controls><delete_access>false</delete_access><extension_model/><is_extendable>true</is_extendable><label>Restaurant A&amp;W</label><live_feed_enabled>false</live_feed_enabled><name>u_restaurant_a_w</name><number_ref/><provider_class/><read_access>true</read_access><super_class display_value="Configuration Item" name="cmdb_ci">2675ab294a362306001adcb4c7c73f39</super_class><sys_class_name>sys_db_object</sys_class_name><sys_created_by>lakshmi.kalatippi@capgemini.com</sys_created_by><sys_created_on>2018-01-02 11:38:02</sys_created_on><sys_customer_update>true</sys_customer_update><sys_id>a132bf57db1fc3802dfc78a6ae961980</sys_id><sys_mod_count>2</sys_mod_count><sys_name>Restaurant A&amp;W</sys_name><sys_package display_value="Global" source="global">global</sys_package><sys_policy/><sys_replace_on_upgrade>false</sys_replace_on_upgrade><sys_scope display_value="Global">global</sys_scope><sys_update_name>sys_db_object_a132bf57db1fc3802dfc78a6ae961980</sys_update_name><sys_updated_by>lakshmi.kalatippi@capgemini.com</sys_updated_by><sys_updated_on>2018-01-04 09:26:44</sys_updated_on><update_access>false</update_access><user_role display_value="itil" name="itil">282bf1fac6112285017366cb5f867469</user_role><ws_access>true</ws_access></sys_db_object></record_update>]]></payload>
<remote_update_set display_value="A&amp;W Incident Management- LK - V3">74070f93dbe093042dfc78a6ae961929</remote_update_set>
<replace_on_upgrade>false</replace_on_upgrade>
<sys_created_by>lakshmi.kalatippi</sys_created_by>
<sys_created_on>2018-03-05 11:46:09</sys_created_on>
<sys_id>78070f93dbe093042dfc78a6ae961929</sys_id>
<sys_mod_count>0</sys_mod_count>
<sys_updated_by>lakshmi.kalatippi</sys_updated_by>
<sys_updated_on>2018-03-05 11:46:09</sys_updated_on>
<table>u_restaurant_a_w</table>
<target_name>Restaurant A&amp;W</target_name>
<type>Table</type>
<update_domain/>
<update_set display_value=""/>
<view/>
</sys_update_xml>
<sys_update_xml action="INSERT_OR_UPDATE">
<action>INSERT_OR_UPDATE</action>
<application display_value="Global">global</application>
<category>customer</category>
<comments/>
<name>sys_security_acl_role_3192f397db1fc3802dfc78a6ae9619ae</name>
<payload><![CDATA[<?xml version="1.0" encoding="UTF-8"?><record_update table="sys_security_acl_role"><sys_security_acl_role action="INSERT_OR_UPDATE"><sys_class_name>sys_security_acl_role</sys_class_name><sys_created_by>lakshmi.kalatippi@capgemini.com</sys_created_by><sys_created_on>2018-01-02 11:38:03</sys_created_on><sys_customer_update>true</sys_customer_update><sys_id>3192f397db1fc3802dfc78a6ae9619ae</sys_id><sys_mod_count>2</sys_mod_count><sys_name>u_restaurant_a_w.itil</sys_name><sys_package display_value="Global" source="global">global</sys_package><sys_policy/><sys_replace_on_upgrade>false</sys_replace_on_upgrade><sys_scope display_value="Global">global</sys_scope><sys_security_acl display_value="u_restaurant_a_w">3992f397db1fc3802dfc78a6ae96199a</sys_security_acl><sys_update_name>sys_security_acl_role_3192f397db1fc3802dfc78a6ae9619ae</sys_update_name><sys_updated_by>lakshmi.kalatippi@capgemini.com</sys_updated_by><sys_updated_on>2018-01-04 09:26:44</sys_updated_on><sys_user_role display_value="itil" name="itil">282bf1fac6112285017366cb5f867469</sys_user_role><transaction_id/></sys_security_acl_role></record_update>]]></payload>
<remote_update_set display_value="A&amp;W Incident Management- LK - V3">74070f93dbe093042dfc78a6ae961929</remote_update_set>
<replace_on_upgrade>false</replace_on_upgrade>
<sys_created_by>lakshmi.kalatippi</sys_created_by>
<sys_created_on>2018-03-05 11:46:09</sys_created_on>
<sys_id>b0070f93dbe093042dfc78a6ae96192a</sys_id>
<sys_mod_count>0</sys_mod_count>
<sys_updated_by>lakshmi.kalatippi</sys_updated_by>
<sys_updated_on>2018-03-05 11:46:09</sys_updated_on>
<table>u_restaurant_a_w</table>
<target_name>u_restaurant_a_w.itil</target_name>
<type>Access Roles</type>
<update_domain/>
<update_set display_value=""/>
<view/>
</sys_update_xml>
<sys_update_xml action="INSERT_OR_UPDATE">
<action>INSERT_OR_UPDATE</action>
<application display_value="Global">global</application>
<category>customer</category>
<comments/>
<name>sys_ui_section_2626a100dba787802dfc78a6ae961921</name>
<payload><![CDATA[<?xml version="1.0" encoding="UTF-8"?><record_update><sys_ui_section caption="" section_id="2626a100dba787802dfc78a6ae961921" sys_domain="409c30addb8e8f0066e6f2f5ab9619e3" table="incident" version="3" view="itil"><sys_ui_element action="INSERT_OR_UPDATE"><element>process_flow.xml</element><position>0</position><sys_created_by>lakshmi.kalatippi@capgemini.com</sys_created_by><sys_created_on>2018-01-04 09:19:57</sys_created_on><sys_id>e626a100dba787802dfc78a6ae961922</sys_id><sys_mod_count>0</sys_mod_count><sys_ui_formatter display_value="Process Flow">3706f92da413f54cda254a6241af34f5</sys_ui_formatter><sys_ui_section caption="NULL" display_value="" name="incident" sys_domain="409c30addb8e8f0066e6f2f5ab9619e3" view="267529394a3623060082152256ae8fee">2626a100dba787802dfc78a6ae961921</sys_ui_section><sys_updated_by>lakshmi.kalatippi@capgemini.com</sys_updated_by><sys_updated_on>2018-01-04 09:19:57</sys_updated_on><sys_user/><type>formatter</type></sys_ui_element><sys_ui_element action="INSERT_OR_UPDATE"><element>.begin_split</element><position>1</position><sys_created_by>lakshmi.kalatippi@capgemini.com</sys_created_by><sys_created_on>2018-01-04 09:19:57</sys_created_on><sys_id>a226a100dba787802dfc78a6ae961923</sys_id><sys_mod_count>0</sys_mod_count><sys_ui_formatter/><sys_ui_section caption="NULL" display_value="" name="incident" sys_domain="409c30addb8e8f0066e6f2f5ab9619e3" view="267529394a3623060082152256ae8fee">2626a100dba787802dfc78a6ae961921</sys_ui_section><sys_updated_by>lakshmi.kalatippi@capgemini.com</sys_updated_by><sys_updated_on>2018-01-04 09:19:57</sys_updated_on><sys_user/><type>.begin_split</type></sys_ui_element><sys_ui_element action="INSERT_OR_UPDATE"><element>number</element><position>2</position><sys_created_by>lakshmi.kalatippi@capgemini.com</sys_created_by><sys_created_on>2018-01-04 09:19:57</sys_created_on><sys_id>2626a100dba787802dfc78a6ae961923</sys_id><sys_mod_count>0</sys_mod_count><sys_ui_formatter/><sys_ui_section caption="NULL" display_value="" name="incident" sys_domain="409c30addb8e8f0066e6f2f5ab9619e3" view="267529394a3623060082152256ae8fee">2626a100dba787802dfc78a6ae961921</sys_ui_section><sys_updated_by>lakshmi.kalatippi@capgemini.com</sys_updated_by><sys_updated_on>2018-01-04 09:19:57</sys_updated_on><sys_user/><type/></sys_ui_element><sys_ui_element action="INSERT_OR_UPDATE"><element>caller_id</element><position>3</position><sys_created_by>lakshmi.kalatippi@capgemini.com</sys_created_by><sys_created_on>2018-01-04 09:19:57</sys_created_on><sys_id>a626a100dba787802dfc78a6ae961923</sys_id><sys_mod_count>0</sys_mod_count><sys_ui_formatter/><sys_ui_section caption="NULL" display_value="" name="incident" sys_domain="409c30addb8e8f0066e6f2f5ab9619e3" view="267529394a3623060082152256ae8fee">2626a100dba787802dfc78a6ae961921</sys_ui_section><sys_updated_by>lakshmi.kalatippi@capgemini.com</sys_updated_by><sys_updated_on>2018-01-04 09:19:57</sys_updated_on><sys_user/><type/></sys_ui_element><sys_ui_element action="INSERT_OR_UPDATE"><element>caller_id.location</element><position>4</position><sys_created_by>lakshmi.kalatippi@capgemini.com</sys_created_by><sys_created_on>2018-01-04 09:19:57</sys_created_on><sys_id>2a26a100dba787802dfc78a6ae961923</sys_id><sys_mod_count>0</sys_mod_count><sys_ui_formatter/><sys_ui_section caption="NULL" display_value="" name="incident" sys_domain="409c30addb8e8f0066e6f2f5ab9619e3" view="267529394a3623060082152256ae8fee">2626a100dba787802dfc78a6ae961921</sys_ui_section><sys_updated_by>lakshmi.kalatippi@capgemini.com</sys_updated_by><sys_updated_on>2018-01-04 09:19:57</sys_updated_on><sys_user/><type/></sys_ui_element><sys_ui_element action="INSERT_OR_UPDATE"><element>u_restaurant_aw</element><position>5</position><sys_created_by>lakshmi.kalatippi@capgemini.com</sys_created_by><sys_created_on>2018-01-04 09:19:57</sys_created_on><sys_id>aa26a100dba787802dfc78a6ae961923</sys_id><sys_mod_count>0</sys_mod_count><sys_ui_formatter/><sys_ui_section caption="NULL" display_value="" name="incident" sys_domain="409c30addb8e8f0066e6f2f5ab9619e3" view="267529394a3623060082152256ae8fee">2626a100dba787802dfc78a6ae961921</sys_ui_section><sys_updated_by>lakshmi.kalatippi@capgemini.com</sys_updated_by><sys_updated_on>2018-01-04 09:19:57</sys_updated_on><sys_user/><type/></sys_ui_element><sys_ui_element action="INSERT_OR_UPDATE"><element>impact</element><position>6</position><sys_created_by>lakshmi.kalatippi@capgemini.com</sys_created_by><sys_created_on>2018-01-04 09:19:57</sys_created_on><sys_id>2e26a100dba787802dfc78a6ae961923</sys_id><sys_mod_count>0</sys_mod_count><sys_ui_formatter/><sys_ui_section caption="NULL" display_value="" name="incident" sys_domain="409c30addb8e8f0066e6f2f5ab9619e3" view="267529394a3623060082152256ae8fee">2626a100dba787802dfc78a6ae961921</sys_ui_section><sys_updated_by>lakshmi.kalatippi@capgemini.com</sys_updated_by><sys_updated_on>2018-01-04 09:19:57</sys_updated_on><sys_user/><type/></sys_ui_element><sys_ui_element action="INSERT_OR_UPDATE"><element>urgency</element><position>7</position><sys_created_by>lakshmi.kalatippi@capgemini.com</sys_created_by><sys_created_on>2018-01-04 09:19:57</sys_created_on><sys_id>ae26a100dba787802dfc78a6ae961923</sys_id><sys_mod_count>0</sys_mod_count><sys_ui_formatter/><sys_ui_section caption="NULL" display_value="" name="incident" sys_domain="409c30addb8e8f0066e6f2f5ab9619e3" view="267529394a3623060082152256ae8fee">2626a100dba787802dfc78a6ae961921</sys_ui_section><sys_updated_by>lakshmi.kalatippi@capgemini.com</sys_updated_by><sys_updated_on>2018-01-04 09:19:57</sys_updated_on><sys_user/><type/></sys_ui_element><sys_ui_element action="INSERT_OR_UPDATE"><element>priority</element><position>8</position><sys_created_by>lakshmi.kalatippi@capgemini.com</sys_created_by><sys_created_on>2018-01-04 09:19:57</sys_created_on><sys_id>2226a100dba787802dfc78a6ae961924</sys_id><sys_mod_count>0</sys_mod_count><sys_ui_formatter/><sys_ui_section caption="NULL" display_value="" name="incident" sys_domain="409c30addb8e8f0066e6f2f5ab9619e3" view="267529394a3623060082152256ae8fee">2626a100dba787802dfc78a6ae961921</sys_ui_section><sys_updated_by>lakshmi.kalatippi@capgemini.com</sys_updated_by><sys_updated_on>2018-01-04 09:19:57</sys_updated_on><sys_user/><type/></sys_ui_element><sys_ui_element action="INSERT_OR_UPDATE"><element>.split</element><position>9</position><sys_created_by>lakshmi.kalatippi@capgemini.com</sys_created_by><sys_created_on>2018-01-04 09:19:57</sys_created_on><sys_id>a226a100dba787802dfc78a6ae961924</sys_id><sys_mod_count>0</sys_mod_count><sys_ui_formatter/><sys_ui_section caption="NULL" display_value="" name="incident" sys_domain="409c30addb8e8f0066e6f2f5ab9619e3" view="267529394a3623060082152256ae8fee">2626a100dba787802dfc78a6ae961921</sys_ui_section><sys_updated_by>lakshmi.kalatippi@capgemini.com</sys_updated_by><sys_updated_on>2018-01-04 09:19:57</sys_updated_on><sys_user/><type>.split</type></sys_ui_element><sys_ui_element action="INSERT_OR_UPDATE"><element>sys_created_on</element><position>10</position><sys_created_by>lakshmi.kalatippi@capgemini.com</sys_created_by><sys_created_on>2018-01-04 09:19:57</sys_created_on><sys_id>2626a100dba787802dfc78a6ae961924</sys_id><sys_mod_count>0</sys_mod_count><sys_ui_formatter/><sys_ui_section caption="NULL" display_value="" name="incident" sys_domain="409c30addb8e8f0066e6f2f5ab9619e3" view="267529394a3623060082152256ae8fee">2626a100dba787802dfc78a6ae961921</sys_ui_section><sys_updated_by>lakshmi.kalatippi@capgemini.com</sys_updated_by><sys_updated_on>2018-01-04 09:19:57</sys_updated_on><sys_user/><type/></sys_ui_element><sys_ui_element action="INSERT_OR_UPDATE"><element>opened_by</element><position>11</position><sys_created_by>lakshmi.kalatippi@capgemini.com</sys_created_by><sys_created_on>2018-01-04 09:19:57</sys_created_on><sys_id>a626a100dba787802dfc78a6ae961924</sys_id><sys_mod_count>0</sys_mod_count><sys_ui_formatter/><sys_ui_section caption="NULL" display_value="" name="incident" sys_domain="409c30addb8e8f0066e6f2f5ab9619e3" view="267529394a3623060082152256ae8fee">2626a100dba787802dfc78a6ae961921</sys_ui_section><sys_updated_by>lakshmi.kalatippi@capgemini.com</sys_updated_by><sys_updated_on>2018-01-04 09:19:57</sys_updated_on><sys_user/><type/></sys_ui_element><sys_ui_element action="INSERT_OR_UPDATE"><element>incident_state</element><position>12</position><sys_created_by>lakshmi.kalatippi@capgemini.com</sys_created_by><sys_created_on>2018-01-04 09:19:57</sys_created_on><sys_id>2a26a100dba787802dfc78a6ae961924</sys_id><sys_mod_count>0</sys_mod_count><sys_ui_formatter/><sys_ui_section caption="NULL" display_value="" name="incident" sys_domain="409c30addb8e8f0066e6f2f5ab9619e3" view="267529394a3623060082152256ae8fee">2626a100dba787802dfc78a6ae961921</sys_ui_section><sys_updated_by>lakshmi.kalatippi@capgemini.com</sys_updated_by><sys_updated_on>2018-01-04 09:19:57</sys_updated_on><sys_user/><type/></sys_ui_element><sys_ui_element action="INSERT_OR_UPDATE"><element>contact_type</element><position>13</position><sys_created_by>lakshmi.kalatippi@capgemini.com</sys_created_by><sys_created_on>2018-01-04 09:19:57</sys_created_on><sys_id>aa26a100dba787802dfc78a6ae961924</sys_id><sys_mod_count>0</sys_mod_count><sys_ui_formatter/><sys_ui_section caption="NULL" display_value="" name="incident" sys_domain="409c30addb8e8f0066e6f2f5ab9619e3" view="267529394a3623060082152256ae8fee">2626a100dba787802dfc78a6ae961921</sys_ui_section><sys_updated_by>lakshmi.kalatippi@capgemini.com</sys_updated_by><sys_updated_on>2018-01-04 09:19:57</sys_updated_on><sys_user/><type/></sys_ui_element><sys_ui_element action="INSERT_OR_UPDATE"><element>category</element><position>14</position><sys_created_by>lakshmi.kalatippi@capgemini.com</sys_created_by><sys_created_on>2018-01-04 09:19:57</sys_created_on><sys_id>2e26a100dba787802dfc78a6ae961924</sys_id><sys_mod_count>0</sys_mod_count><sys_ui_formatter/><sys_ui_section caption="NULL" display_value="" name="incident" sys_domain="409c30addb8e8f0066e6f2f5ab9619e3" view="267529394a3623060082152256ae8fee">2626a100dba787802dfc78a6ae961921</sys_ui_section><sys_updated_by>lakshmi.kalatippi@capgemini.com</sys_updated_by><sys_updated_on>2018-01-04 09:19:57</sys_updated_on><sys_user/><type/></sys_ui_element><sys_ui_element action="INSERT_OR_UPDATE"><element>subcategory</element><position>15</position><sys_created_by>lakshmi.kalatippi@capgemini.com</sys_created_by><sys_created_on>2018-01-04 09:19:57</sys_created_on><sys_id>ae26a100dba787802dfc78a6ae961924</sys_id><sys_mod_count>0</sys_mod_count><sys_ui_formatter/><sys_ui_section caption="NULL" display_value="" name="incident" sys_domain="409c30addb8e8f0066e6f2f5ab9619e3" view="267529394a3623060082152256ae8fee">2626a100dba787802dfc78a6ae961921</sys_ui_section><sys_updated_by>lakshmi.kalatippi@capgemini.com</sys_updated_by><sys_updated_on>2018-01-04 09:19:57</sys_updated_on><sys_user/><type/></sys_ui_element><sys_ui_element action="INSERT_OR_UPDATE"><element>assignment_group</element><position>16</position><sys_created_by>lakshmi.kalatippi@capgemini.com</sys_created_by><sys_created_on>2018-01-04 09:19:57</sys_created_on><sys_id>2226a100dba787802dfc78a6ae961925</sys_id><sys_mod_count>0</sys_mod_count><sys_ui_formatter/><sys_ui_section caption="NULL" display_value="" name="incident" sys_domain="409c30addb8e8f0066e6f2f5ab9619e3" view="267529394a3623060082152256ae8fee">2626a100dba787802dfc78a6ae961921</sys_ui_section><sys_updated_by>lakshmi.kalatippi@capgemini.com</sys_updated_by><sys_updated_on>2018-01-04 09:19:57</sys_updated_on><sys_user/><type/></sys_ui_element><sys_ui_element action="INSERT_OR_UPDATE"><element>assigned_to</element><position>17</position><sys_created_by>lakshmi.kalatippi@capgemini.com</sys_created_by><sys_created_on>2018-01-04 09:19:57</sys_created_on><sys_id>a226a100dba787802dfc78a6ae961925</sys_id><sys_mod_count>0</sys_mod_count><sys_ui_formatter/><sys_ui_section caption="NULL" display_value="" name="incident" sys_domain="409c30addb8e8f0066e6f2f5ab9619e3" view="267529394a3623060082152256ae8fee">2626a100dba787802dfc78a6ae961921</sys_ui_section><sys_updated_by>lakshmi.kalatippi@capgemini.com</sys_updated_by><sys_updated_on>2018-01-04 09:19:57</sys_updated_on><sys_user/><type/></sys_ui_element><sys_ui_element action="INSERT_OR_UPDATE"><element>.end_split</element><position>18</position><sys_created_by>lakshmi.kalatippi@capgemini.com</sys_created_by><sys_created_on>2018-01-04 09:19:57</sys_created_on><sys_id>a226a500dba787802dfc78a6ae9619e8</sys_id><sys_mod_count>0</sys_mod_count><sys_ui_formatter/><sys_ui_section caption="NULL" display_value="" name="incident" sys_domain="409c30addb8e8f0066e6f2f5ab9619e3" view="267529394a3623060082152256ae8fee">2626a100dba787802dfc78a6ae961921</sys_ui_section><sys_updated_by>lakshmi.kalatippi@capgemini.com</sys_updated_by><sys_updated_on>2018-01-04 09:19:57</sys_updated_on><sys_user/><type>.end_split</type></sys_ui_element><sys_ui_element action="INSERT_OR_UPDATE"><element>short_description</element><position>19</position><sys_created_by>lakshmi.kalatippi@capgemini.com</sys_created_by><sys_created_on>2018-01-04 09:19:57</sys_created_on><sys_id>2626a500dba787802dfc78a6ae9619e8</sys_id><sys_mod_count>0</sys_mod_count><sys_ui_formatter/><sys_ui_section caption="NULL" display_value="" name="incident" sys_domain="409c30addb8e8f0066e6f2f5ab9619e3" view="267529394a3623060082152256ae8fee">2626a100dba787802dfc78a6ae961921</sys_ui_section><sys_updated_by>lakshmi.kalatippi@capgemini.com</sys_updated_by><sys_updated_on>2018-01-04 09:19:57</sys_updated_on><sys_user/><type/></sys_ui_element><sys_ui_element action="INSERT_OR_UPDATE"><element>description</element><position>20</position><sys_created_by>lakshmi.kalatippi@capgemini.com</sys_created_by><sys_created_on>2018-01-04 09:19:57</sys_created_on><sys_id>a626a500dba787802dfc78a6ae9619e8</sys_id><sys_mod_count>0</sys_mod_count><sys_ui_formatter/><sys_ui_section caption="NULL" display_value="" name="incident" sys_domain="409c30addb8e8f0066e6f2f5ab9619e3" view="267529394a3623060082152256ae8fee">2626a100dba787802dfc78a6ae961921</sys_ui_section><sys_updated_by>lakshmi.kalatippi@capgemini.com</sys_updated_by><sys_updated_on>2018-01-04 09:19:57</sys_updated_on><sys_user/><type/></sys_ui_element><sys_ui_section action="INSERT_OR_UPDATE"><caption/><header>false</header><name>incident</name><roles/><sys_class_name>sys_ui_section</sys_class_name><sys_created_by>lakshmi.kalatippi@capgemini.com</sys_created_by><sys_created_on>2018-01-04 09:19:57</sys_created_on><sys_customer_update>true</sys_customer_update><sys_domain>409c30addb8e8f0066e6f2f5ab9619e3</sys_domain><sys_domain_path>!!!/!!D/</sys_domain_path><sys_id>2626a100dba787802dfc78a6ae961921</sys_id><sys_mod_count>0</sys_mod_count><sys_name>incident</sys_name><sys_overrides display_value="">global</sys_overrides><sys_package display_value="Global" source="global">global</sys_package><sys_policy/><sys_replace_on_upgrade>false</sys_replace_on_upgrade><sys_scope display_value="Global">global</sys_scope><sys_update_name>sys_ui_section_2626a100dba787802dfc78a6ae961921</sys_update_name><sys_updated_by>lakshmi.kalatippi@capgemini.com</sys_updated_by><sys_updated_on>2018-01-04 09:19:57</sys_updated_on><sys_user/><title>false</title><view display_value="ITIL" name="itil">267529394a3623060082152256ae8fee</view><view_name/></sys_ui_section></sys_ui_section></record_update>]]></payload>
<remote_update_set display_value="A&amp;W Incident Management- LK - V3">74070f93dbe093042dfc78a6ae961929</remote_update_set>
<replace_on_upgrade>false</replace_on_upgrade>
<sys_created_by>lakshmi.kalatippi</sys_created_by>
<sys_created_on>2018-03-05 11:46:09</sys_created_on>
<sys_id>bc070f93dbe093042dfc78a6ae96192a</sys_id>
<sys_mod_count>0</sys_mod_count>
<sys_updated_by>lakshmi.kalatippi</sys_updated_by>
<sys_updated_on>2018-03-05 11:46:09</sys_updated_on>
<table>incident</table>
<target_name>Incident</target_name>
<type>Form Layout</type>
<update_domain>409c30addb8e8f0066e6f2f5ab9619e3</update_domain>
<update_set display_value=""/>
<view>itil</view>
</sys_update_xml>
<sys_update_xml action="INSERT_OR_UPDATE">
<action>INSERT_OR_UPDATE</action>
<application display_value="Global">global</application>
<category>customer</category>
<comments/>
<name>sys_security_acl_role_b992f397db1fc3802dfc78a6ae961973</name>
<payload><![CDATA[<?xml version="1.0" encoding="UTF-8"?><record_update table="sys_security_acl_role"><sys_security_acl_role action="INSERT_OR_UPDATE"><sys_class_name>sys_security_acl_role</sys_class_name><sys_created_by>lakshmi.kalatippi@capgemini.com</sys_created_by><sys_created_on>2018-01-02 11:38:03</sys_created_on><sys_customer_update>true</sys_customer_update><sys_id>b992f397db1fc3802dfc78a6ae961973</sys_id><sys_mod_count>2</sys_mod_count><sys_name>u_restaurant_a_w.itil</sys_name><sys_package display_value="Global" source="global">global</sys_package><sys_policy/><sys_replace_on_upgrade>false</sys_replace_on_upgrade><sys_scope display_value="Global">global</sys_scope><sys_security_acl display_value="u_restaurant_a_w">3992f397db1fc3802dfc78a6ae96196a</sys_security_acl><sys_update_name>sys_security_acl_role_b992f397db1fc3802dfc78a6ae961973</sys_update_name><sys_updated_by>lakshmi.kalatippi@capgemini.com</sys_updated_by><sys_updated_on>2018-01-04 09:26:44</sys_updated_on><sys_user_role display_value="itil" name="itil">282bf1fac6112285017366cb5f867469</sys_user_role><transaction_id/></sys_security_acl_role></record_update>]]></payload>
<remote_update_set display_value="A&amp;W Incident Management- LK - V3">74070f93dbe093042dfc78a6ae961929</remote_update_set>
<replace_on_upgrade>false</replace_on_upgrade>
<sys_created_by>lakshmi.kalatippi</sys_created_by>
<sys_created_on>2018-03-05 11:46:09</sys_created_on>
<sys_id>f8070f93dbe093042dfc78a6ae96192a</sys_id>
<sys_mod_count>0</sys_mod_count>
<sys_updated_by>lakshmi.kalatippi</sys_updated_by>
<sys_updated_on>2018-03-05 11:46:09</sys_updated_on>
<table>u_restaurant_a_w</table>
<target_name>u_restaurant_a_w.itil</target_name>
<type>Access Roles</type>
<update_domain/>
<update_set display_value=""/>
<view/>
</sys_update_xml>
<sys_update_xml action="INSERT_OR_UPDATE">
<action>INSERT_OR_UPDATE</action>
<application display_value="Global">global</application>
<category>customer</category>
<comments/>
<name>sys_script_client_809a552ddb938bc0a8a37dfdae9619a7</name>
<payload>&lt;?xml version="1.0" encoding="UTF-8"?&gt;&lt;record_update sys_domain="409c30addb8e8f0066e6f2f5ab9619e3" table="sys_script_client"&gt;&lt;sys_script_client action="INSERT_OR_UPDATE"&gt;&lt;active&gt;true&lt;/active&gt;&lt;applies_extended&gt;false&lt;/applies_extended&gt;&lt;condition/&gt;&lt;description/&gt;&lt;field&gt;u_mcd_devices_affected&lt;/field&gt;&lt;global&gt;false&lt;/global&gt;&lt;messages/&gt;&lt;name&gt;Hide Assignment Details For End Users&lt;/name&gt;&lt;order/&gt;&lt;script&gt;&lt;![CDATA[function onLoad() {
	//if(!g_user.hasRoles() || g_user.hasRoleExactly("ESS")){
		//alert(g_user.hasRoles());
		g_form.setDisplay('impact',false);
		if(g_form.isNewRecord()){
			g_form.setMandatory('assignment_group',false);
			g_form.setDisplay('assignment_group',false);
			g_form.setDisplay('assigned_to',false);
			g_form.setValue('impact','2');
		}
		else{
			//	alert("not new record");
			g_form.setReadOnly('assignment_group',true);
			g_form.setReadOnly('assigned_to',true);
		}
		//}
	}]]&gt;&lt;/script&gt;&lt;sys_class_name&gt;sys_script_client&lt;/sys_class_name&gt;&lt;sys_created_by&gt;sangeet.mahapatra&lt;/sys_created_by&gt;&lt;sys_created_on&gt;2017-12-27 14:07:22&lt;/sys_created_on&gt;&lt;sys_customer_update&gt;true&lt;/sys_customer_update&gt;&lt;sys_domain&gt;409c30addb8e8f0066e6f2f5ab9619e3&lt;/sys_domain&gt;&lt;sys_domain_path&gt;!!!/!!D/&lt;/sys_domain_path&gt;&lt;sys_id&gt;809a552ddb938bc0a8a37dfdae9619a7&lt;/sys_id&gt;&lt;sys_mod_count&gt;15&lt;/sys_mod_count&gt;&lt;sys_name&gt;Hide Assignment Details For End Users&lt;/sys_name&gt;&lt;sys_overrides display_value=""&gt;global&lt;/sys_overrides&gt;&lt;sys_package display_value="Global" source="global"&gt;global&lt;/sys_package&gt;&lt;sys_policy/&gt;&lt;sys_replace_on_upgrade&gt;false&lt;/sys_replace_on_upgrade&gt;&lt;sys_scope display_value="Global"&gt;global&lt;/sys_scope&gt;&lt;sys_update_name&gt;sys_script_client_809a552ddb938bc0a8a37dfdae9619a7&lt;/sys_update_name&gt;&lt;sys_updated_by&gt;lakshmi.kalatippi@capgemini.com&lt;/sys_updated_by&gt;&lt;sys_updated_on&gt;2018-01-04 09:18:21&lt;/sys_updated_on&gt;&lt;table&gt;incident&lt;/table&gt;&lt;type&gt;onLoad&lt;/type&gt;&lt;u_relate/&gt;&lt;u_relate_table/&gt;&lt;ui_type&gt;0&lt;/ui_type&gt;&lt;view&gt;ess&lt;/view&gt;&lt;/sys_script_client&gt;&lt;/record_update&gt;</payload>
<remote_update_set display_value="A&amp;W Incident Management- LK - V3">74070f93dbe093042dfc78a6ae961929</remote_update_set>
<replace_on_upgrade>false</replace_on_upgrade>
<sys_created_by>lakshmi.kalatippi</sys_created_by>
<sys_created_on>2018-03-05 11:46:09</sys_created_on>
<sys_id>fc070f93dbe093042dfc78a6ae961929</sys_id>
<sys_mod_count>0</sys_mod_count>
<sys_updated_by>lakshmi.kalatippi</sys_updated_by>
<sys_updated_on>2018-03-05 11:46:09</sys_updated_on>
<table>incident</table>
<target_name>Hide Assignment Details For End Users</target_name>
<type>Client Script</type>
<update_domain>409c30addb8e8f0066e6f2f5ab9619e3</update_domain>
<update_set display_value=""/>
<view/>
</sys_update_xml>
</unload>
