<?xml version="1.0" encoding="UTF-8"?>
<unload unload_date="2018-03-05 11:41:17">
<sys_remote_update_set action="INSERT_OR_UPDATE">
<application display_value="Global">global</application>
<application_name>Global</application_name>
<application_scope>global</application_scope>
<application_version/>
<collisions/>
<commit_date/>
<deleted/>
<description/>
<inserted/>
<name>A&amp;W Incident Management - LK - V18</name>
<origin_sys_id/>
<release_date/>
<remote_sys_id>909a5af6dbd0df80a8a37dfdae9619f1</remote_sys_id>
<state>loaded</state>
<summary/>
<sys_class_name>sys_remote_update_set</sys_class_name>
<sys_created_by>lakshmi.kalatippi</sys_created_by>
<sys_created_on>2018-03-05 11:41:17</sys_created_on>
<sys_id>a9e5c753dbe093042dfc78a6ae96192f</sys_id>
<sys_mod_count>0</sys_mod_count>
<sys_updated_by>lakshmi.kalatippi</sys_updated_by>
<sys_updated_on>2018-03-05 11:41:17</sys_updated_on>
<update_set display_value=""/>
<update_source display_value=""/>
<updated/>
</sys_remote_update_set>
<sys_update_xml action="INSERT_OR_UPDATE">
<action>INSERT_OR_UPDATE</action>
<application display_value="Global">global</application>
<category>customer</category>
<comments/>
<name>sys_ui_policy_1466ba86db3243002dfc78a6ae961962</name>
<payload>&lt;?xml version="1.0" encoding="UTF-8"?&gt;&lt;record_update sys_domain="409c30addb8e8f0066e6f2f5ab9619e3" table="sys_ui_policy"&gt;&lt;sys_ui_policy action="INSERT_OR_UPDATE"&gt;&lt;active&gt;false&lt;/active&gt;&lt;conditions table="incident"&gt;incident_state=2^ORincident_state=6^EQ&lt;item endquery="false" field="incident_state" goto="false" newquery="false" operator="=" or="false" value="2"/&gt;&lt;item endquery="false" field="incident_state" goto="false" newquery="false" operator="=" or="true" value="6"/&gt;&lt;item endquery="true" field="" goto="false" newquery="false" operator="=" or="false" value=""/&gt;&lt;/conditions&gt;&lt;description/&gt;&lt;global&gt;true&lt;/global&gt;&lt;inherit&gt;false&lt;/inherit&gt;&lt;model_id/&gt;&lt;model_table/&gt;&lt;on_load&gt;true&lt;/on_load&gt;&lt;order&gt;100&lt;/order&gt;&lt;reverse_if_false&gt;true&lt;/reverse_if_false&gt;&lt;run_scripts&gt;false&lt;/run_scripts&gt;&lt;script_false&gt;&lt;![CDATA[function onCondition() {

}]]&gt;&lt;/script_false&gt;&lt;script_true&gt;&lt;![CDATA[function onCondition() {

}]]&gt;&lt;/script_true&gt;&lt;set_values/&gt;&lt;short_description&gt;Make assigned_to mandatory on active A&amp;amp;W&lt;/short_description&gt;&lt;sys_class_name&gt;sys_ui_policy&lt;/sys_class_name&gt;&lt;sys_created_by&gt;lakshmi.kalatippi@capgemini.com&lt;/sys_created_by&gt;&lt;sys_created_on&gt;2017-12-04 13:33:27&lt;/sys_created_on&gt;&lt;sys_customer_update&gt;true&lt;/sys_customer_update&gt;&lt;sys_domain&gt;409c30addb8e8f0066e6f2f5ab9619e3&lt;/sys_domain&gt;&lt;sys_domain_path&gt;!!!/!!D/&lt;/sys_domain_path&gt;&lt;sys_id&gt;1466ba86db3243002dfc78a6ae961962&lt;/sys_id&gt;&lt;sys_mod_count&gt;4&lt;/sys_mod_count&gt;&lt;sys_name&gt;Make assigned_to mandatory on active A&amp;amp;W&lt;/sys_name&gt;&lt;sys_overrides/&gt;&lt;sys_package display_value="Global" source="global"&gt;global&lt;/sys_package&gt;&lt;sys_policy/&gt;&lt;sys_replace_on_upgrade&gt;false&lt;/sys_replace_on_upgrade&gt;&lt;sys_scope display_value="Global"&gt;global&lt;/sys_scope&gt;&lt;sys_update_name&gt;sys_ui_policy_1466ba86db3243002dfc78a6ae961962&lt;/sys_update_name&gt;&lt;sys_updated_by&gt;lakshmi.kalatippi&lt;/sys_updated_by&gt;&lt;sys_updated_on&gt;2018-02-21 12:13:14&lt;/sys_updated_on&gt;&lt;table&gt;incident&lt;/table&gt;&lt;u_relate/&gt;&lt;u_relate_table/&gt;&lt;ui_type&gt;0&lt;/ui_type&gt;&lt;view/&gt;&lt;/sys_ui_policy&gt;&lt;/record_update&gt;</payload>
<remote_update_set display_value="A&amp;W Incident Management - LK - V18">a9e5c753dbe093042dfc78a6ae96192f</remote_update_set>
<replace_on_upgrade>false</replace_on_upgrade>
<sys_created_by>lakshmi.kalatippi</sys_created_by>
<sys_created_on>2018-03-05 11:41:17</sys_created_on>
<sys_id>21e5c753dbe093042dfc78a6ae961931</sys_id>
<sys_mod_count>0</sys_mod_count>
<sys_updated_by>lakshmi.kalatippi</sys_updated_by>
<sys_updated_on>2018-03-05 11:41:17</sys_updated_on>
<table>incident</table>
<target_name>Make assigned_to mandatory on active A&amp;W</target_name>
<type>UI Policy</type>
<update_domain>409c30addb8e8f0066e6f2f5ab9619e3</update_domain>
<update_set display_value=""/>
<view/>
</sys_update_xml>
<sys_update_xml action="INSERT_OR_UPDATE">
<action>INSERT_OR_UPDATE</action>
<application display_value="Global">global</application>
<category>customer</category>
<comments/>
<name>contract_sla_889f057edbb6c3002dfc78a6ae9619fc</name>
<payload><![CDATA[<?xml version="1.0" encoding="UTF-8"?><record_update sys_domain="409c30addb8e8f0066e6f2f5ab9619e3" table="contract_sla"><contract_sla action="INSERT_OR_UPDATE"><active>true</active><cancel_condition/><collection>incident</collection><condition_class/><duration>1970-01-01 01:00:00</duration><duration_type/><enable_logging>false</enable_logging><name> Response SLA: Priority 2 A&amp;W(1 Hrs)</name><pause_condition/><relative_duration_works_on>Task record</relative_duration_works_on><reset_condition/><resume_condition/><retroactive>false</retroactive><retroactive_pause>true</retroactive_pause><schedule display_value="8-5 weekdays">08fcd0830a0a0b2600079f56b1adb9ae</schedule><schedule_source>sla_definition</schedule_source><schedule_source_field/><set_start_to>u_ora_alert_received</set_start_to><start_condition table="incident">priority=2^active=true^EQ<item endquery="false" field="priority" goto="false" newquery="false" operator="=" or="false" value="2"/><item endquery="false" field="active" goto="false" newquery="false" operator="=" or="false" value="true"/><item endquery="true" field="" goto="false" newquery="false" operator="=" or="false" value=""/></start_condition><stop_condition table="incident">assignment_groupISNOTEMPTY^assigned_toISNOTEMPTY^ORincident_state=705^ORincident_state=6^NQincident_state=6^EQ<item endquery="false" field="assignment_group" goto="false" newquery="false" operator="ISNOTEMPTY" or="false" value=""/><item endquery="false" field="assigned_to" goto="false" newquery="false" operator="ISNOTEMPTY" or="false" value=""/><item endquery="false" field="incident_state" goto="false" newquery="false" operator="=" or="true" value="705"/><item endquery="false" field="incident_state" goto="false" newquery="false" operator="=" or="true" value="6"/><item endquery="false" field="incident_state" goto="false" newquery="true" operator="=" or="false" value="6"/><item endquery="true" field="" goto="false" newquery="false" operator="=" or="false" value=""/></stop_condition><sys_class_name>contract_sla</sys_class_name><sys_created_by>lakshmi.kalatippi@capgemini.com</sys_created_by><sys_created_on>2017-12-06 13:59:12</sys_created_on><sys_customer_update>true</sys_customer_update><sys_domain>409c30addb8e8f0066e6f2f5ab9619e3</sys_domain><sys_domain_path>!!!/!!D/</sys_domain_path><sys_id>889f057edbb6c3002dfc78a6ae9619fc</sys_id><sys_mod_count>6</sys_mod_count><sys_name> Response SLA: Priority 2 A&amp;W(1 Hrs)</sys_name><sys_overrides/><sys_package display_value="Global" source="global">global</sys_package><sys_policy/><sys_replace_on_upgrade>false</sys_replace_on_upgrade><sys_scope display_value="Global">global</sys_scope><sys_update_name>contract_sla_889f057edbb6c3002dfc78a6ae9619fc</sys_update_name><sys_updated_by>lakshmi.kalatippi</sys_updated_by><sys_updated_on>2018-02-21 12:19:55</sys_updated_on><timezone/><timezone_source>task.caller_id.time_zone</timezone_source><type>SLA</type><u_ajg_sla_type/><u_group/><u_item/><u_vendor/><when_to_cancel>no_match</when_to_cancel><when_to_resume>no_match</when_to_resume><workflow display_value="Default SLA workflow">4b6570360a0a0b3000bbacab877713f2</workflow></contract_sla></record_update>]]></payload>
<remote_update_set display_value="A&amp;W Incident Management - LK - V18">a9e5c753dbe093042dfc78a6ae96192f</remote_update_set>
<replace_on_upgrade>false</replace_on_upgrade>
<sys_created_by>lakshmi.kalatippi</sys_created_by>
<sys_created_on>2018-03-05 11:41:17</sys_created_on>
<sys_id>25e5c753dbe093042dfc78a6ae961930</sys_id>
<sys_mod_count>0</sys_mod_count>
<sys_updated_by>lakshmi.kalatippi</sys_updated_by>
<sys_updated_on>2018-03-05 11:41:17</sys_updated_on>
<table>incident</table>
<target_name> Response SLA: Priority 2 A&amp;W(1 Hrs)</target_name>
<type>SLA Definition</type>
<update_domain>409c30addb8e8f0066e6f2f5ab9619e3</update_domain>
<update_set display_value=""/>
<view/>
</sys_update_xml>
<sys_update_xml action="INSERT_OR_UPDATE">
<action>INSERT_OR_UPDATE</action>
<application display_value="Global">global</application>
<category>customer</category>
<comments/>
<name>contract_sla_4b91a955db949b80a8a37dfdae96192e</name>
<payload><![CDATA[<?xml version="1.0" encoding="UTF-8"?><record_update sys_domain="409c30addb8e8f0066e6f2f5ab9619e3" table="contract_sla"><contract_sla action="INSERT_OR_UPDATE"><active>true</active><cancel_condition/><collection>incident</collection><condition_class/><duration>1970-01-01 06:30:00</duration><duration_type/><enable_logging>false</enable_logging><name> Response SLA: Priority 4 A&amp;W(6.5 Hours)</name><pause_condition/><relative_duration_works_on>Task record</relative_duration_works_on><reset_condition/><resume_condition/><retroactive>false</retroactive><retroactive_pause>true</retroactive_pause><schedule display_value="8-5 weekdays">08fcd0830a0a0b2600079f56b1adb9ae</schedule><schedule_source>sla_definition</schedule_source><schedule_source_field/><set_start_to>u_ora_alert_received</set_start_to><start_condition table="incident">priority=4^active=true^EQ<item endquery="false" field="priority" goto="false" newquery="false" operator="=" or="false" value="4"/><item endquery="false" field="active" goto="false" newquery="false" operator="=" or="false" value="true"/><item endquery="true" field="" goto="false" newquery="false" operator="=" or="false" value=""/></start_condition><stop_condition table="incident">assigned_toISNOTEMPTY^assignment_groupISNOTEMPTY^ORincident_state=705^ORincident_state=6^NQincident_state=6^EQ<item endquery="false" field="assigned_to" goto="false" newquery="false" operator="ISNOTEMPTY" or="false" value=""/><item endquery="false" field="assignment_group" goto="false" newquery="false" operator="ISNOTEMPTY" or="false" value=""/><item endquery="false" field="incident_state" goto="false" newquery="false" operator="=" or="true" value="705"/><item endquery="false" field="incident_state" goto="false" newquery="false" operator="=" or="true" value="6"/><item endquery="false" field="incident_state" goto="false" newquery="true" operator="=" or="false" value="6"/><item endquery="true" field="" goto="false" newquery="false" operator="=" or="false" value=""/></stop_condition><sys_class_name>contract_sla</sys_class_name><sys_created_by>lakshmi.kalatippi</sys_created_by><sys_created_on>2018-02-14 12:59:34</sys_created_on><sys_customer_update>true</sys_customer_update><sys_domain>409c30addb8e8f0066e6f2f5ab9619e3</sys_domain><sys_domain_path>!!!/!!D/</sys_domain_path><sys_id>4b91a955db949b80a8a37dfdae96192e</sys_id><sys_mod_count>3</sys_mod_count><sys_name> Response SLA: Priority 4 A&amp;W(6.5 Hours)</sys_name><sys_overrides/><sys_package display_value="Global" source="global">global</sys_package><sys_policy/><sys_replace_on_upgrade>false</sys_replace_on_upgrade><sys_scope display_value="Global">global</sys_scope><sys_update_name>contract_sla_4b91a955db949b80a8a37dfdae96192e</sys_update_name><sys_updated_by>lakshmi.kalatippi</sys_updated_by><sys_updated_on>2018-02-21 12:20:53</sys_updated_on><timezone/><timezone_source>task.caller_id.time_zone</timezone_source><type>SLA</type><u_ajg_sla_type/><u_group/><u_item/><u_vendor/><when_to_cancel>no_match</when_to_cancel><when_to_resume>no_match</when_to_resume><workflow display_value="Default SLA workflow">4b6570360a0a0b3000bbacab877713f2</workflow></contract_sla></record_update>]]></payload>
<remote_update_set display_value="A&amp;W Incident Management - LK - V18">a9e5c753dbe093042dfc78a6ae96192f</remote_update_set>
<replace_on_upgrade>false</replace_on_upgrade>
<sys_created_by>lakshmi.kalatippi</sys_created_by>
<sys_created_on>2018-03-05 11:41:17</sys_created_on>
<sys_id>61e5c753dbe093042dfc78a6ae961930</sys_id>
<sys_mod_count>0</sys_mod_count>
<sys_updated_by>lakshmi.kalatippi</sys_updated_by>
<sys_updated_on>2018-03-05 11:41:17</sys_updated_on>
<table>incident</table>
<target_name> Response SLA: Priority 4 A&amp;W(6.5 Hours)</target_name>
<type>SLA Definition</type>
<update_domain>409c30addb8e8f0066e6f2f5ab9619e3</update_domain>
<update_set display_value=""/>
<view/>
</sys_update_xml>
<sys_update_xml action="INSERT_OR_UPDATE">
<action>INSERT_OR_UPDATE</action>
<application display_value="Global">global</application>
<category>customer</category>
<comments/>
<name>sys_process_flow_cb46da27dbcb47402dfc78a6ae961957</name>
<payload><![CDATA[<?xml version="1.0" encoding="UTF-8"?><record_update sys_domain="409c30addb8e8f0066e6f2f5ab9619e3" table="sys_process_flow"><sys_process_flow action="INSERT_OR_UPDATE"><active>true</active><condition table="incident">incident_state=2^EQ<item endquery="false" field="incident_state" goto="false" newquery="false" operator="=" or="false" value="2"/><item endquery="true" field="" goto="false" newquery="false" operator="=" or="false" value=""/></condition><description/><label>Work in Progress</label><name>Active</name><order>200</order><sys_class_name>sys_process_flow</sys_class_name><sys_created_by>lakshmi.kalatippi@capgemini.com</sys_created_by><sys_created_on>2017-12-21 13:18:16</sys_created_on><sys_customer_update>true</sys_customer_update><sys_domain>409c30addb8e8f0066e6f2f5ab9619e3</sys_domain><sys_domain_path>!!!/!!D/</sys_domain_path><sys_id>cb46da27dbcb47402dfc78a6ae961957</sys_id><sys_mod_count>2</sys_mod_count><sys_name>Active</sys_name><sys_package display_value="Global" source="global">global</sys_package><sys_policy/><sys_replace_on_upgrade>false</sys_replace_on_upgrade><sys_scope display_value="Global">global</sys_scope><sys_update_name>sys_process_flow_cb46da27dbcb47402dfc78a6ae961957</sys_update_name><sys_updated_by>lakshmi.kalatippi</sys_updated_by><sys_updated_on>2018-02-21 14:37:03</sys_updated_on><table>incident</table></sys_process_flow></record_update>]]></payload>
<remote_update_set display_value="A&amp;W Incident Management - LK - V18">a9e5c753dbe093042dfc78a6ae96192f</remote_update_set>
<replace_on_upgrade>false</replace_on_upgrade>
<sys_created_by>lakshmi.kalatippi</sys_created_by>
<sys_created_on>2018-03-05 11:41:17</sys_created_on>
<sys_id>6de5c753dbe093042dfc78a6ae961930</sys_id>
<sys_mod_count>0</sys_mod_count>
<sys_updated_by>lakshmi.kalatippi</sys_updated_by>
<sys_updated_on>2018-03-05 11:41:17</sys_updated_on>
<table>incident</table>
<target_name>Active</target_name>
<type>Flow Formatter</type>
<update_domain>409c30addb8e8f0066e6f2f5ab9619e3</update_domain>
<update_set display_value=""/>
<view/>
</sys_update_xml>
<sys_update_xml action="INSERT_OR_UPDATE">
<action>INSERT_OR_UPDATE</action>
<application display_value="Global">global</application>
<category>customer</category>
<comments/>
<name>sys_process_flow_b2ab12b6db14df80a8a37dfdae9619be</name>
<payload><![CDATA[<?xml version="1.0" encoding="UTF-8"?><record_update sys_domain="409c30addb8e8f0066e6f2f5ab9619e3" table="sys_process_flow"><sys_process_flow action="INSERT_OR_UPDATE"><active>true</active><condition table="incident">incident_state=13^EQ<item endquery="false" field="incident_state" goto="false" newquery="false" operator="=" or="false" value="13"/><item endquery="true" field="" goto="false" newquery="false" operator="=" or="false" value=""/></condition><description/><label>Pending User Information</label><name>Pending User Information</name><order>225</order><sys_class_name>sys_process_flow</sys_class_name><sys_created_by>lakshmi.kalatippi</sys_created_by><sys_created_on>2018-02-19 09:04:07</sys_created_on><sys_customer_update>true</sys_customer_update><sys_domain>409c30addb8e8f0066e6f2f5ab9619e3</sys_domain><sys_domain_path>!!!/!!D/</sys_domain_path><sys_id>b2ab12b6db14df80a8a37dfdae9619be</sys_id><sys_mod_count>0</sys_mod_count><sys_name>Pending User Information</sys_name><sys_package display_value="Global" source="global">global</sys_package><sys_policy/><sys_replace_on_upgrade>false</sys_replace_on_upgrade><sys_scope display_value="Global">global</sys_scope><sys_update_name>sys_process_flow_b2ab12b6db14df80a8a37dfdae9619be</sys_update_name><sys_updated_by>lakshmi.kalatippi</sys_updated_by><sys_updated_on>2018-02-19 09:04:07</sys_updated_on><table>incident</table></sys_process_flow></record_update>]]></payload>
<remote_update_set display_value="A&amp;W Incident Management - LK - V18">a9e5c753dbe093042dfc78a6ae96192f</remote_update_set>
<replace_on_upgrade>false</replace_on_upgrade>
<sys_created_by>lakshmi.kalatippi</sys_created_by>
<sys_created_on>2018-03-05 11:41:17</sys_created_on>
<sys_id>a9e5c753dbe093042dfc78a6ae961930</sys_id>
<sys_mod_count>0</sys_mod_count>
<sys_updated_by>lakshmi.kalatippi</sys_updated_by>
<sys_updated_on>2018-03-05 11:41:17</sys_updated_on>
<table>incident</table>
<target_name>Pending User Information</target_name>
<type>Flow Formatter</type>
<update_domain>409c30addb8e8f0066e6f2f5ab9619e3</update_domain>
<update_set display_value=""/>
<view/>
</sys_update_xml>
<sys_update_xml action="INSERT_OR_UPDATE">
<action>INSERT_OR_UPDATE</action>
<application display_value="Global">global</application>
<category>customer</category>
<comments/>
<name>contract_sla_308299fedbb6c3002dfc78a6ae961913</name>
<payload><![CDATA[<?xml version="1.0" encoding="UTF-8"?><record_update sys_domain="409c30addb8e8f0066e6f2f5ab9619e3" table="contract_sla"><contract_sla action="INSERT_OR_UPDATE"><active>true</active><cancel_condition/><collection>incident</collection><condition_class/><duration>1970-01-01 02:00:00</duration><duration_type/><enable_logging>false</enable_logging><name> Response SLA: Priority 3 A&amp;W(2 Hrs)</name><pause_condition/><relative_duration_works_on>Task record</relative_duration_works_on><reset_condition/><resume_condition/><retroactive>false</retroactive><retroactive_pause>true</retroactive_pause><schedule display_value="8-5 weekdays">08fcd0830a0a0b2600079f56b1adb9ae</schedule><schedule_source>sla_definition</schedule_source><schedule_source_field/><set_start_to>u_ora_alert_received</set_start_to><start_condition table="incident">priority=3^active=true^EQ<item endquery="false" field="priority" goto="false" newquery="false" operator="=" or="false" value="3"/><item endquery="false" field="active" goto="false" newquery="false" operator="=" or="false" value="true"/><item endquery="true" field="" goto="false" newquery="false" operator="=" or="false" value=""/></start_condition><stop_condition table="incident">assigned_toISNOTEMPTY^assignment_groupISNOTEMPTY^ORincident_state=705^ORincident_state=6^NQincident_state=6^EQ<item endquery="false" field="assigned_to" goto="false" newquery="false" operator="ISNOTEMPTY" or="false" value=""/><item endquery="false" field="assignment_group" goto="false" newquery="false" operator="ISNOTEMPTY" or="false" value=""/><item endquery="false" field="incident_state" goto="false" newquery="false" operator="=" or="true" value="705"/><item endquery="false" field="incident_state" goto="false" newquery="false" operator="=" or="true" value="6"/><item endquery="false" field="incident_state" goto="false" newquery="true" operator="=" or="false" value="6"/><item endquery="true" field="" goto="false" newquery="false" operator="=" or="false" value=""/></stop_condition><sys_class_name>contract_sla</sys_class_name><sys_created_by>lakshmi.kalatippi@capgemini.com</sys_created_by><sys_created_on>2017-12-06 14:12:06</sys_created_on><sys_customer_update>true</sys_customer_update><sys_domain>409c30addb8e8f0066e6f2f5ab9619e3</sys_domain><sys_domain_path>!!!/!!D/</sys_domain_path><sys_id>308299fedbb6c3002dfc78a6ae961913</sys_id><sys_mod_count>6</sys_mod_count><sys_name> Response SLA: Priority 3 A&amp;W(2 Hrs)</sys_name><sys_overrides/><sys_package display_value="Global" source="global">global</sys_package><sys_policy/><sys_replace_on_upgrade>false</sys_replace_on_upgrade><sys_scope display_value="Global">global</sys_scope><sys_update_name>contract_sla_308299fedbb6c3002dfc78a6ae961913</sys_update_name><sys_updated_by>lakshmi.kalatippi</sys_updated_by><sys_updated_on>2018-02-21 12:20:26</sys_updated_on><timezone/><timezone_source>task.caller_id.time_zone</timezone_source><type>SLA</type><u_ajg_sla_type/><u_group/><u_item/><u_vendor/><when_to_cancel>no_match</when_to_cancel><when_to_resume>no_match</when_to_resume><workflow display_value="Default SLA workflow">4b6570360a0a0b3000bbacab877713f2</workflow></contract_sla></record_update>]]></payload>
<remote_update_set display_value="A&amp;W Incident Management - LK - V18">a9e5c753dbe093042dfc78a6ae96192f</remote_update_set>
<replace_on_upgrade>false</replace_on_upgrade>
<sys_created_by>lakshmi.kalatippi</sys_created_by>
<sys_created_on>2018-03-05 11:41:17</sys_created_on>
<sys_id>ade5c753dbe093042dfc78a6ae96192f</sys_id>
<sys_mod_count>0</sys_mod_count>
<sys_updated_by>lakshmi.kalatippi</sys_updated_by>
<sys_updated_on>2018-03-05 11:41:17</sys_updated_on>
<table>incident</table>
<target_name> Response SLA: Priority 3 A&amp;W(2 Hrs)</target_name>
<type>SLA Definition</type>
<update_domain>409c30addb8e8f0066e6f2f5ab9619e3</update_domain>
<update_set display_value=""/>
<view/>
</sys_update_xml>
<sys_update_xml action="INSERT_OR_UPDATE">
<action>INSERT_OR_UPDATE</action>
<application display_value="Global">global</application>
<category>customer</category>
<comments/>
<name>contract_sla_952d0dfadbb6c3002dfc78a6ae9619a4</name>
<payload><![CDATA[<?xml version="1.0" encoding="UTF-8"?><record_update sys_domain="409c30addb8e8f0066e6f2f5ab9619e3" table="contract_sla"><contract_sla action="INSERT_OR_UPDATE"><active>true</active><cancel_condition/><collection>incident</collection><condition_class/><duration>1970-01-01 00:30:00</duration><duration_type/><enable_logging>false</enable_logging><name> Response SLA: Priority 1 A&amp;W(30 Min)</name><pause_condition/><relative_duration_works_on>Task record</relative_duration_works_on><reset_condition/><resume_condition/><retroactive>false</retroactive><retroactive_pause>true</retroactive_pause><schedule display_value="8-5 weekdays">08fcd0830a0a0b2600079f56b1adb9ae</schedule><schedule_source>sla_definition</schedule_source><schedule_source_field/><set_start_to>u_ora_alert_received</set_start_to><start_condition table="incident">priority=1^active=true^EQ<item endquery="false" field="priority" goto="false" newquery="false" operator="=" or="false" value="1"/><item endquery="false" field="active" goto="false" newquery="false" operator="=" or="false" value="true"/><item endquery="true" field="" goto="false" newquery="false" operator="=" or="false" value=""/></start_condition><stop_condition table="incident">assigned_toISNOTEMPTY^assignment_groupISNOTEMPTY^ORincident_state=705^ORincident_state=6^NQincident_state=6^EQ<item endquery="false" field="assigned_to" goto="false" newquery="false" operator="ISNOTEMPTY" or="false" value=""/><item endquery="false" field="assignment_group" goto="false" newquery="false" operator="ISNOTEMPTY" or="false" value=""/><item endquery="false" field="incident_state" goto="false" newquery="false" operator="=" or="true" value="705"/><item endquery="false" field="incident_state" goto="false" newquery="false" operator="=" or="true" value="6"/><item endquery="false" field="incident_state" goto="false" newquery="true" operator="=" or="false" value="6"/><item endquery="true" field="" goto="false" newquery="false" operator="=" or="false" value=""/></stop_condition><sys_class_name>contract_sla</sys_class_name><sys_created_by>lakshmi.kalatippi@capgemini.com</sys_created_by><sys_created_on>2017-12-06 13:51:44</sys_created_on><sys_customer_update>true</sys_customer_update><sys_domain>409c30addb8e8f0066e6f2f5ab9619e3</sys_domain><sys_domain_path>!!!/!!D/</sys_domain_path><sys_id>952d0dfadbb6c3002dfc78a6ae9619a4</sys_id><sys_mod_count>6</sys_mod_count><sys_name> Response SLA: Priority 1 A&amp;W(30 Min)</sys_name><sys_overrides/><sys_package display_value="Global" source="global">global</sys_package><sys_policy/><sys_replace_on_upgrade>false</sys_replace_on_upgrade><sys_scope display_value="Global">global</sys_scope><sys_update_name>contract_sla_952d0dfadbb6c3002dfc78a6ae9619a4</sys_update_name><sys_updated_by>lakshmi.kalatippi</sys_updated_by><sys_updated_on>2018-02-21 12:07:14</sys_updated_on><timezone/><timezone_source>task.caller_id.time_zone</timezone_source><type>SLA</type><u_ajg_sla_type/><u_group/><u_item/><u_vendor/><when_to_cancel>no_match</when_to_cancel><when_to_resume>no_match</when_to_resume><workflow display_value="Default SLA workflow">4b6570360a0a0b3000bbacab877713f2</workflow></contract_sla></record_update>]]></payload>
<remote_update_set display_value="A&amp;W Incident Management - LK - V18">a9e5c753dbe093042dfc78a6ae96192f</remote_update_set>
<replace_on_upgrade>false</replace_on_upgrade>
<sys_created_by>lakshmi.kalatippi</sys_created_by>
<sys_created_on>2018-03-05 11:41:17</sys_created_on>
<sys_id>e5e5c753dbe093042dfc78a6ae961930</sys_id>
<sys_mod_count>0</sys_mod_count>
<sys_updated_by>lakshmi.kalatippi</sys_updated_by>
<sys_updated_on>2018-03-05 11:41:17</sys_updated_on>
<table>incident</table>
<target_name> Response SLA: Priority 1 A&amp;W(30 Min)</target_name>
<type>SLA Definition</type>
<update_domain>409c30addb8e8f0066e6f2f5ab9619e3</update_domain>
<update_set display_value=""/>
<view/>
</sys_update_xml>
</unload>
