<?xml version="1.0" encoding="UTF-8"?>
<unload unload_date="2018-03-13 07:04:46">
<sys_remote_update_set action="INSERT_OR_UPDATE">
<application display_value="Global">global</application>
<application_name>Global</application_name>
<application_scope>global</application_scope>
<application_version/>
<collisions/>
<commit_date/>
<deleted/>
<description/>
<inserted/>
<name>A&amp;W  Incident Management - LK - V25</name>
<origin_sys_id/>
<release_date/>
<remote_sys_id>28e737efdb28d3042dfc78a6ae9619c1</remote_sys_id>
<state>loaded</state>
<summary/>
<sys_class_name>sys_remote_update_set</sys_class_name>
<sys_created_by>lakshmi.kalatippi</sys_created_by>
<sys_created_on>2018-03-13 07:04:46</sys_created_on>
<sys_id>8d531339dbfc1f042dfc78a6ae9619e1</sys_id>
<sys_mod_count>0</sys_mod_count>
<sys_updated_by>lakshmi.kalatippi</sys_updated_by>
<sys_updated_on>2018-03-13 07:04:46</sys_updated_on>
<update_set display_value=""/>
<update_source display_value=""/>
<updated/>
</sys_remote_update_set>
<sys_update_xml action="INSERT_OR_UPDATE">
<action>INSERT_OR_UPDATE</action>
<application display_value="Global">global</application>
<category>customer</category>
<comments/>
<name>sys_ui_policy_1466ba86db3243002dfc78a6ae961962</name>
<payload>&lt;?xml version="1.0" encoding="UTF-8"?&gt;&lt;record_update sys_domain="409c30addb8e8f0066e6f2f5ab9619e3" table="sys_ui_policy"&gt;&lt;sys_ui_policy action="INSERT_OR_UPDATE"&gt;&lt;active&gt;true&lt;/active&gt;&lt;conditions table="incident"&gt;incident_state=2^EQ&lt;item endquery="false" field="incident_state" goto="false" newquery="false" operator="=" or="false" value="2"/&gt;&lt;item endquery="true" field="" goto="false" newquery="false" operator="=" or="false" value=""/&gt;&lt;/conditions&gt;&lt;description/&gt;&lt;global&gt;true&lt;/global&gt;&lt;inherit&gt;false&lt;/inherit&gt;&lt;model_id/&gt;&lt;model_table/&gt;&lt;on_load&gt;true&lt;/on_load&gt;&lt;order&gt;100&lt;/order&gt;&lt;reverse_if_false&gt;true&lt;/reverse_if_false&gt;&lt;run_scripts&gt;false&lt;/run_scripts&gt;&lt;script_false&gt;&lt;![CDATA[function onCondition() {

}]]&gt;&lt;/script_false&gt;&lt;script_true&gt;&lt;![CDATA[function onCondition() {

}]]&gt;&lt;/script_true&gt;&lt;set_values/&gt;&lt;short_description&gt;Make assigned_to mandatory on active A&amp;amp;W&lt;/short_description&gt;&lt;sys_class_name&gt;sys_ui_policy&lt;/sys_class_name&gt;&lt;sys_created_by&gt;lakshmi.kalatippi@capgemini.com&lt;/sys_created_by&gt;&lt;sys_created_on&gt;2017-12-04 13:33:27&lt;/sys_created_on&gt;&lt;sys_customer_update&gt;true&lt;/sys_customer_update&gt;&lt;sys_domain&gt;409c30addb8e8f0066e6f2f5ab9619e3&lt;/sys_domain&gt;&lt;sys_domain_path&gt;!!!/!!D/&lt;/sys_domain_path&gt;&lt;sys_id&gt;1466ba86db3243002dfc78a6ae961962&lt;/sys_id&gt;&lt;sys_mod_count&gt;5&lt;/sys_mod_count&gt;&lt;sys_name&gt;Make assigned_to mandatory on active A&amp;amp;W&lt;/sys_name&gt;&lt;sys_overrides/&gt;&lt;sys_package display_value="Global" source="global"&gt;global&lt;/sys_package&gt;&lt;sys_policy/&gt;&lt;sys_replace_on_upgrade&gt;false&lt;/sys_replace_on_upgrade&gt;&lt;sys_scope display_value="Global"&gt;global&lt;/sys_scope&gt;&lt;sys_update_name&gt;sys_ui_policy_1466ba86db3243002dfc78a6ae961962&lt;/sys_update_name&gt;&lt;sys_updated_by&gt;lakshmi.kalatippi&lt;/sys_updated_by&gt;&lt;sys_updated_on&gt;2018-03-06 09:59:16&lt;/sys_updated_on&gt;&lt;table&gt;incident&lt;/table&gt;&lt;u_relate/&gt;&lt;u_relate_table/&gt;&lt;ui_type&gt;0&lt;/ui_type&gt;&lt;view/&gt;&lt;/sys_ui_policy&gt;&lt;/record_update&gt;</payload>
<remote_update_set display_value="A&amp;W  Incident Management - LK - V25">8d531339dbfc1f042dfc78a6ae9619e1</remote_update_set>
<replace_on_upgrade>false</replace_on_upgrade>
<sys_created_by>lakshmi.kalatippi</sys_created_by>
<sys_created_on>2018-03-13 07:04:46</sys_created_on>
<sys_id>0d531339dbfc1f042dfc78a6ae9619e2</sys_id>
<sys_mod_count>0</sys_mod_count>
<sys_updated_by>lakshmi.kalatippi</sys_updated_by>
<sys_updated_on>2018-03-13 07:04:46</sys_updated_on>
<table>incident</table>
<target_name>Make assigned_to mandatory on active A&amp;W</target_name>
<type>UI Policy</type>
<update_domain>409c30addb8e8f0066e6f2f5ab9619e3</update_domain>
<update_set display_value=""/>
<view/>
</sys_update_xml>
</unload>
