<?xml version="1.0" encoding="UTF-8"?>
<unload unload_date="2018-03-05 11:49:27">
<sys_remote_update_set action="INSERT_OR_UPDATE">
<application display_value="Global">global</application>
<application_name>Global</application_name>
<application_scope>global</application_scope>
<application_version/>
<collisions/>
<commit_date/>
<deleted/>
<description>Add new field for storing language</description>
<inserted/>
<name>A&amp;W  Incident Management - LK - V20</name>
<origin_sys_id/>
<release_date/>
<remote_sys_id>31b70ecadb2c9bc0a8a37dfdae9619a6</remote_sys_id>
<state>loaded</state>
<summary/>
<sys_class_name>sys_remote_update_set</sys_class_name>
<sys_created_by>lakshmi.kalatippi</sys_created_by>
<sys_created_on>2018-03-05 11:49:26</sys_created_on>
<sys_id>45c70fd3dbe093042dfc78a6ae961961</sys_id>
<sys_mod_count>0</sys_mod_count>
<sys_updated_by>lakshmi.kalatippi</sys_updated_by>
<sys_updated_on>2018-03-05 11:49:26</sys_updated_on>
<update_set display_value=""/>
<update_source display_value=""/>
<updated/>
</sys_remote_update_set>
<sys_update_xml action="INSERT_OR_UPDATE">
<action>INSERT_OR_UPDATE</action>
<application display_value="Global">global</application>
<category>customer</category>
<comments/>
<name>sys_documentation_u_restaurant_a_w_u_language_en</name>
<payload><![CDATA[<?xml version="1.0" encoding="UTF-8"?><record_update><sys_documentation element="u_language" label="Language" language="en" table="u_restaurant_a_w"><sys_documentation action="INSERT_OR_UPDATE"><element>u_language</element><help/><hint/><label>Language</label><language>en</language><name>u_restaurant_a_w</name><plural>Languages</plural><sys_class_name>sys_documentation</sys_class_name><sys_created_by>virag.shah@capgemini.com</sys_created_by><sys_created_on>2018-03-01 10:56:19</sys_created_on><sys_customer_update>false</sys_customer_update><sys_id>37359646db6c9bc0a8a37dfdae96190e</sys_id><sys_mod_count>0</sys_mod_count><sys_name>Language</sys_name><sys_package display_value="Global" source="global">global</sys_package><sys_policy/><sys_replace_on_upgrade>false</sys_replace_on_upgrade><sys_scope display_value="Global">global</sys_scope><sys_update_name>sys_documentation_u_restaurant_a_w_u_language_en</sys_update_name><sys_updated_by>virag.shah@capgemini.com</sys_updated_by><sys_updated_on>2018-03-01 10:56:19</sys_updated_on><url/><url_target/></sys_documentation></sys_documentation></record_update>]]></payload>
<remote_update_set display_value="A&amp;W  Incident Management - LK - V20">45c70fd3dbe093042dfc78a6ae961961</remote_update_set>
<replace_on_upgrade>false</replace_on_upgrade>
<sys_created_by>lakshmi.kalatippi</sys_created_by>
<sys_created_on>2018-03-05 11:49:26</sys_created_on>
<sys_id>0dc70fd3dbe093042dfc78a6ae961961</sys_id>
<sys_mod_count>0</sys_mod_count>
<sys_updated_by>lakshmi.kalatippi</sys_updated_by>
<sys_updated_on>2018-03-05 11:49:26</sys_updated_on>
<table>u_restaurant_a_w</table>
<target_name>Restaurant A&amp;W.Language</target_name>
<type>Field Label</type>
<update_domain/>
<update_set display_value=""/>
<view/>
</sys_update_xml>
<sys_update_xml action="INSERT_OR_UPDATE">
<action>INSERT_OR_UPDATE</action>
<application display_value="Global">global</application>
<category>customer</category>
<comments/>
<name>sys_dictionary_u_restaurant_a_w_u_language</name>
<payload><![CDATA[<?xml version="1.0" encoding="UTF-8"?><record_update><sys_dictionary action="INSERT_OR_UPDATE" element="u_language" table="u_restaurant_a_w"><active>true</active><array>false</array><array_denormalized>false</array_denormalized><attributes/><audit>false</audit><calculation>(function calculatedFieldValue(current) {&#13;
&#13;
	// Add your code here&#13;
	return '';  // return the calculated value&#13;
&#13;
})(current);</calculation><choice/><choice_field/><choice_table/><column_label>Language</column_label><comments/><create_roles/><default_value/><defaultsort/><delete_roles/><dependent/><dependent_on_field/><display>false</display><dynamic_creation>false</dynamic_creation><dynamic_creation_script/><dynamic_default_value/><dynamic_ref_qual/><element>u_language</element><element_reference>false</element_reference><foreign_database/><internal_type display_value="String">string</internal_type><mandatory>false</mandatory><max_length>40</max_length><name>u_restaurant_a_w</name><next_element/><primary>false</primary><read_only>false</read_only><read_roles/><reference/><reference_cascade_rule/><reference_floats>false</reference_floats><reference_key/><reference_qual/><reference_qual_condition/><reference_type/><sizeclass/><spell_check>false</spell_check><staged>false</staged><sys_class_name>sys_dictionary</sys_class_name><sys_created_by>virag.shah@capgemini.com</sys_created_by><sys_created_on>2018-03-01 10:56:17</sys_created_on><sys_customer_update>true</sys_customer_update><sys_id>7ff49246db6c9bc0a8a37dfdae96193a</sys_id><sys_mod_count>0</sys_mod_count><sys_name>Language</sys_name><sys_package display_value="Global" source="global">global</sys_package><sys_policy/><sys_replace_on_upgrade>false</sys_replace_on_upgrade><sys_scope display_value="Global">global</sys_scope><sys_update_name>sys_dictionary_u_restaurant_a_w_u_language</sys_update_name><sys_updated_by>virag.shah@capgemini.com</sys_updated_by><sys_updated_on>2018-03-01 10:56:17</sys_updated_on><table_reference>false</table_reference><text_index>false</text_index><unique>false</unique><use_dependent_field>false</use_dependent_field><use_dynamic_default>false</use_dynamic_default><use_reference_qualifier>simple</use_reference_qualifier><virtual>false</virtual><widget/><write_roles/><xml_view>false</xml_view></sys_dictionary></record_update>]]></payload>
<remote_update_set display_value="A&amp;W  Incident Management - LK - V20">45c70fd3dbe093042dfc78a6ae961961</remote_update_set>
<replace_on_upgrade>false</replace_on_upgrade>
<sys_created_by>lakshmi.kalatippi</sys_created_by>
<sys_created_on>2018-03-05 11:49:26</sys_created_on>
<sys_id>49c70fd3dbe093042dfc78a6ae961961</sys_id>
<sys_mod_count>0</sys_mod_count>
<sys_updated_by>lakshmi.kalatippi</sys_updated_by>
<sys_updated_on>2018-03-05 11:49:26</sys_updated_on>
<table>u_restaurant_a_w</table>
<target_name>Restaurant A&amp;W.Language</target_name>
<type>Dictionary</type>
<update_domain/>
<update_set display_value=""/>
<view/>
</sys_update_xml>
<sys_update_xml action="INSERT_OR_UPDATE">
<action>INSERT_OR_UPDATE</action>
<application display_value="Global">global</application>
<category>customer</category>
<comments/>
<name>sys_ui_section_b8451c63db9fc3802dfc78a6ae9619ff</name>
<payload><![CDATA[<?xml version="1.0" encoding="UTF-8"?><record_update><sys_ui_section caption="" section_id="b8451c63db9fc3802dfc78a6ae9619ff" sys_domain="409c30addb8e8f0066e6f2f5ab9619e3" table="u_restaurant_a_w" version="3" view=""><sys_ui_element action="INSERT_OR_UPDATE"><element>.begin_split</element><position>0</position><sys_created_by>virag.shah@capgemini.com</sys_created_by><sys_created_on>2018-03-01 10:56:58</sys_created_on><sys_id>e9651a46db6c9bc0a8a37dfdae961926</sys_id><sys_mod_count>0</sys_mod_count><sys_ui_formatter/><sys_ui_section caption="NULL" display_value="" name="u_restaurant_a_w" sys_domain="409c30addb8e8f0066e6f2f5ab9619e3" view="Default view">b8451c63db9fc3802dfc78a6ae9619ff</sys_ui_section><sys_updated_by>virag.shah@capgemini.com</sys_updated_by><sys_updated_on>2018-03-01 10:56:58</sys_updated_on><sys_user/><type>.begin_split</type></sys_ui_element><sys_ui_element action="INSERT_OR_UPDATE"><element>u_restaurant_number_a_w</element><position>1</position><sys_created_by>virag.shah@capgemini.com</sys_created_by><sys_created_on>2018-03-01 10:56:58</sys_created_on><sys_id>e5651a46db6c9bc0a8a37dfdae961927</sys_id><sys_mod_count>0</sys_mod_count><sys_ui_formatter/><sys_ui_section caption="NULL" display_value="" name="u_restaurant_a_w" sys_domain="409c30addb8e8f0066e6f2f5ab9619e3" view="Default view">b8451c63db9fc3802dfc78a6ae9619ff</sys_ui_section><sys_updated_by>virag.shah@capgemini.com</sys_updated_by><sys_updated_on>2018-03-01 10:56:58</sys_updated_on><sys_user/><type/></sys_ui_element><sys_ui_element action="INSERT_OR_UPDATE"><element>u_msc_active</element><position>2</position><sys_created_by>virag.shah@capgemini.com</sys_created_by><sys_created_on>2018-03-01 10:56:58</sys_created_on><sys_id>69651a46db6c9bc0a8a37dfdae961927</sys_id><sys_mod_count>0</sys_mod_count><sys_ui_formatter/><sys_ui_section caption="NULL" display_value="" name="u_restaurant_a_w" sys_domain="409c30addb8e8f0066e6f2f5ab9619e3" view="Default view">b8451c63db9fc3802dfc78a6ae9619ff</sys_ui_section><sys_updated_by>virag.shah@capgemini.com</sys_updated_by><sys_updated_on>2018-03-01 10:56:58</sys_updated_on><sys_user/><type/></sys_ui_element><sys_ui_element action="INSERT_OR_UPDATE"><element>company</element><position>3</position><sys_created_by>virag.shah@capgemini.com</sys_created_by><sys_created_on>2018-03-01 10:56:58</sys_created_on><sys_id>e9651a46db6c9bc0a8a37dfdae961927</sys_id><sys_mod_count>0</sys_mod_count><sys_ui_formatter/><sys_ui_section caption="NULL" display_value="" name="u_restaurant_a_w" sys_domain="409c30addb8e8f0066e6f2f5ab9619e3" view="Default view">b8451c63db9fc3802dfc78a6ae9619ff</sys_ui_section><sys_updated_by>virag.shah@capgemini.com</sys_updated_by><sys_updated_on>2018-03-01 10:56:58</sys_updated_on><sys_user/><type/></sys_ui_element><sys_ui_element action="INSERT_OR_UPDATE"><element>location</element><position>4</position><sys_created_by>virag.shah@capgemini.com</sys_created_by><sys_created_on>2018-03-01 10:56:58</sys_created_on><sys_id>6d651a46db6c9bc0a8a37dfdae961927</sys_id><sys_mod_count>0</sys_mod_count><sys_ui_formatter/><sys_ui_section caption="NULL" display_value="" name="u_restaurant_a_w" sys_domain="409c30addb8e8f0066e6f2f5ab9619e3" view="Default view">b8451c63db9fc3802dfc78a6ae9619ff</sys_ui_section><sys_updated_by>virag.shah@capgemini.com</sys_updated_by><sys_updated_on>2018-03-01 10:56:58</sys_updated_on><sys_user/><type/></sys_ui_element><sys_ui_element action="INSERT_OR_UPDATE"><element>u_language</element><position>5</position><sys_created_by>virag.shah@capgemini.com</sys_created_by><sys_created_on>2018-03-01 10:56:58</sys_created_on><sys_id>ed651a46db6c9bc0a8a37dfdae961927</sys_id><sys_mod_count>0</sys_mod_count><sys_ui_formatter/><sys_ui_section caption="NULL" display_value="" name="u_restaurant_a_w" sys_domain="409c30addb8e8f0066e6f2f5ab9619e3" view="Default view">b8451c63db9fc3802dfc78a6ae9619ff</sys_ui_section><sys_updated_by>virag.shah@capgemini.com</sys_updated_by><sys_updated_on>2018-03-01 10:56:58</sys_updated_on><sys_user/><type/></sys_ui_element><sys_ui_element action="INSERT_OR_UPDATE"><element>.split</element><position>6</position><sys_created_by>virag.shah@capgemini.com</sys_created_by><sys_created_on>2018-03-01 10:56:58</sys_created_on><sys_id>61651a46db6c9bc0a8a37dfdae961928</sys_id><sys_mod_count>0</sys_mod_count><sys_ui_formatter/><sys_ui_section caption="NULL" display_value="" name="u_restaurant_a_w" sys_domain="409c30addb8e8f0066e6f2f5ab9619e3" view="Default view">b8451c63db9fc3802dfc78a6ae9619ff</sys_ui_section><sys_updated_by>virag.shah@capgemini.com</sys_updated_by><sys_updated_on>2018-03-01 10:56:58</sys_updated_on><sys_user/><type>.split</type></sys_ui_element><sys_ui_element action="INSERT_OR_UPDATE"><element>location.city</element><position>7</position><sys_created_by>virag.shah@capgemini.com</sys_created_by><sys_created_on>2018-03-01 10:56:58</sys_created_on><sys_id>e1651a46db6c9bc0a8a37dfdae961928</sys_id><sys_mod_count>0</sys_mod_count><sys_ui_formatter/><sys_ui_section caption="NULL" display_value="" name="u_restaurant_a_w" sys_domain="409c30addb8e8f0066e6f2f5ab9619e3" view="Default view">b8451c63db9fc3802dfc78a6ae9619ff</sys_ui_section><sys_updated_by>virag.shah@capgemini.com</sys_updated_by><sys_updated_on>2018-03-01 10:56:58</sys_updated_on><sys_user/><type/></sys_ui_element><sys_ui_element action="INSERT_OR_UPDATE"><element>location.country</element><position>8</position><sys_created_by>virag.shah@capgemini.com</sys_created_by><sys_created_on>2018-03-01 10:56:58</sys_created_on><sys_id>65651a46db6c9bc0a8a37dfdae961928</sys_id><sys_mod_count>0</sys_mod_count><sys_ui_formatter/><sys_ui_section caption="NULL" display_value="" name="u_restaurant_a_w" sys_domain="409c30addb8e8f0066e6f2f5ab9619e3" view="Default view">b8451c63db9fc3802dfc78a6ae9619ff</sys_ui_section><sys_updated_by>virag.shah@capgemini.com</sys_updated_by><sys_updated_on>2018-03-01 10:56:58</sys_updated_on><sys_user/><type/></sys_ui_element><sys_ui_element action="INSERT_OR_UPDATE"><element>location.phone</element><position>9</position><sys_created_by>virag.shah@capgemini.com</sys_created_by><sys_created_on>2018-03-01 10:56:58</sys_created_on><sys_id>e5651a46db6c9bc0a8a37dfdae961928</sys_id><sys_mod_count>0</sys_mod_count><sys_ui_formatter/><sys_ui_section caption="NULL" display_value="" name="u_restaurant_a_w" sys_domain="409c30addb8e8f0066e6f2f5ab9619e3" view="Default view">b8451c63db9fc3802dfc78a6ae9619ff</sys_ui_section><sys_updated_by>virag.shah@capgemini.com</sys_updated_by><sys_updated_on>2018-03-01 10:56:58</sys_updated_on><sys_user/><type/></sys_ui_element><sys_ui_element action="INSERT_OR_UPDATE"><element>location.state</element><position>10</position><sys_created_by>virag.shah@capgemini.com</sys_created_by><sys_created_on>2018-03-01 10:56:58</sys_created_on><sys_id>69651a46db6c9bc0a8a37dfdae961928</sys_id><sys_mod_count>0</sys_mod_count><sys_ui_formatter/><sys_ui_section caption="NULL" display_value="" name="u_restaurant_a_w" sys_domain="409c30addb8e8f0066e6f2f5ab9619e3" view="Default view">b8451c63db9fc3802dfc78a6ae9619ff</sys_ui_section><sys_updated_by>virag.shah@capgemini.com</sys_updated_by><sys_updated_on>2018-03-01 10:56:58</sys_updated_on><sys_user/><type/></sys_ui_element><sys_ui_element action="INSERT_OR_UPDATE"><element>location.street</element><position>11</position><sys_created_by>virag.shah@capgemini.com</sys_created_by><sys_created_on>2018-03-01 10:56:58</sys_created_on><sys_id>e9651a46db6c9bc0a8a37dfdae961928</sys_id><sys_mod_count>0</sys_mod_count><sys_ui_formatter/><sys_ui_section caption="NULL" display_value="" name="u_restaurant_a_w" sys_domain="409c30addb8e8f0066e6f2f5ab9619e3" view="Default view">b8451c63db9fc3802dfc78a6ae9619ff</sys_ui_section><sys_updated_by>virag.shah@capgemini.com</sys_updated_by><sys_updated_on>2018-03-01 10:56:58</sys_updated_on><sys_user/><type/></sys_ui_element><sys_ui_element action="INSERT_OR_UPDATE"><element>location.zip</element><position>12</position><sys_created_by>virag.shah@capgemini.com</sys_created_by><sys_created_on>2018-03-01 10:56:58</sys_created_on><sys_id>6d651a46db6c9bc0a8a37dfdae961928</sys_id><sys_mod_count>0</sys_mod_count><sys_ui_formatter/><sys_ui_section caption="NULL" display_value="" name="u_restaurant_a_w" sys_domain="409c30addb8e8f0066e6f2f5ab9619e3" view="Default view">b8451c63db9fc3802dfc78a6ae9619ff</sys_ui_section><sys_updated_by>virag.shah@capgemini.com</sys_updated_by><sys_updated_on>2018-03-01 10:56:58</sys_updated_on><sys_user/><type/></sys_ui_element><sys_ui_element action="INSERT_OR_UPDATE"><element>.end_split</element><position>13</position><sys_created_by>virag.shah@capgemini.com</sys_created_by><sys_created_on>2018-03-01 10:56:58</sys_created_on><sys_id>ed651a46db6c9bc0a8a37dfdae961928</sys_id><sys_mod_count>0</sys_mod_count><sys_ui_formatter/><sys_ui_section caption="NULL" display_value="" name="u_restaurant_a_w" sys_domain="409c30addb8e8f0066e6f2f5ab9619e3" view="Default view">b8451c63db9fc3802dfc78a6ae9619ff</sys_ui_section><sys_updated_by>virag.shah@capgemini.com</sys_updated_by><sys_updated_on>2018-03-01 10:56:58</sys_updated_on><sys_user/><type>.end_split</type></sys_ui_element><sys_ui_section action="INSERT_OR_UPDATE"><caption/><header>true</header><name>u_restaurant_a_w</name><roles/><sys_class_name>sys_ui_section</sys_class_name><sys_created_by>lakshmi.kalatippi@capgemini.com</sys_created_by><sys_created_on>2018-01-02 14:09:31</sys_created_on><sys_customer_update>true</sys_customer_update><sys_domain>409c30addb8e8f0066e6f2f5ab9619e3</sys_domain><sys_domain_path>!!!/!!D/</sys_domain_path><sys_id>b8451c63db9fc3802dfc78a6ae9619ff</sys_id><sys_mod_count>0</sys_mod_count><sys_name>u_restaurant_a_w</sys_name><sys_overrides display_value="">global</sys_overrides><sys_package display_value="Global" source="global">global</sys_package><sys_policy/><sys_replace_on_upgrade>false</sys_replace_on_upgrade><sys_scope display_value="Global">global</sys_scope><sys_update_name>sys_ui_section_b8451c63db9fc3802dfc78a6ae9619ff</sys_update_name><sys_updated_by>lakshmi.kalatippi@capgemini.com</sys_updated_by><sys_updated_on>2018-01-02 14:09:31</sys_updated_on><sys_user/><title>true</title><view display_value="Default view" name="NULL">Default view</view><view_name/></sys_ui_section></sys_ui_section></record_update>]]></payload>
<remote_update_set display_value="A&amp;W  Incident Management - LK - V20">45c70fd3dbe093042dfc78a6ae961961</remote_update_set>
<replace_on_upgrade>false</replace_on_upgrade>
<sys_created_by>lakshmi.kalatippi</sys_created_by>
<sys_created_on>2018-03-05 11:49:26</sys_created_on>
<sys_id>cdc70fd3dbe093042dfc78a6ae961961</sys_id>
<sys_mod_count>0</sys_mod_count>
<sys_updated_by>lakshmi.kalatippi</sys_updated_by>
<sys_updated_on>2018-03-05 11:49:26</sys_updated_on>
<table>u_restaurant_a_w</table>
<target_name>Restaurant A&amp;W</target_name>
<type>Form Layout</type>
<update_domain>409c30addb8e8f0066e6f2f5ab9619e3</update_domain>
<update_set display_value=""/>
<view/>
</sys_update_xml>
</unload>
