<?xml version="1.0" encoding="UTF-8"?>
<unload unload_date="2018-03-09 07:05:26">
<u_vendor_a_w action="INSERT_OR_UPDATE">
<sys_created_by>itil.user@example.com</sys_created_by>
<sys_created_on>2018-01-11 11:25:58</sys_created_on>
<sys_id>020682d2db6bcf802dfc78a6ae961934</sys_id>
<sys_mod_count>4</sys_mod_count>
<sys_updated_by>sangeet.mahapatra</sys_updated_by>
<sys_updated_on>2018-01-23 12:06:22</sys_updated_on>
<u_a_w_description>Guest Connect, Meraki, Mobile Order &amp; Pay</u_a_w_description>
<u_contact_a_w/>
<u_email_a_w/>
<u_vendor_name_a_w>A&amp;W Home Office</u_vendor_name_a_w>
<u_vendor_type_a_w/>
</u_vendor_a_w>
<u_vendor_a_w action="INSERT_OR_UPDATE">
<sys_created_by>sangeet.mahapatra</sys_created_by>
<sys_created_on>2018-01-23 12:00:27</sys_created_on>
<sys_id>2e11c0dadbff0340a8a37dfdae9619ea</sys_id>
<sys_mod_count>0</sys_mod_count>
<sys_updated_by>sangeet.mahapatra</sys_updated_by>
<sys_updated_on>2018-01-23 12:00:27</sys_updated_on>
<u_a_w_description>Pinpad Hardware &amp; Software
</u_a_w_description>
<u_contact_a_w/>
<u_email_a_w/>
<u_vendor_name_a_w>TD</u_vendor_name_a_w>
<u_vendor_type_a_w/>
</u_vendor_a_w>
<u_vendor_a_w action="INSERT_OR_UPDATE">
<sys_created_by>sangeet.mahapatra</sys_created_by>
<sys_created_on>2018-01-23 12:00:57</sys_created_on>
<sys_id>3d3180dadbff0340a8a37dfdae9619a8</sys_id>
<sys_mod_count>0</sys_mod_count>
<sys_updated_by>sangeet.mahapatra</sys_updated_by>
<sys_updated_on>2018-01-23 12:00:57</sys_updated_on>
<u_a_w_description>Endpoint &amp; Security
</u_a_w_description>
<u_contact_a_w/>
<u_email_a_w/>
<u_vendor_name_a_w>Cylance</u_vendor_name_a_w>
<u_vendor_type_a_w/>
</u_vendor_a_w>
<u_vendor_a_w action="INSERT_OR_UPDATE">
<sys_created_by>sangeet.mahapatra</sys_created_by>
<sys_created_on>2018-01-23 11:59:11</sys_created_on>
<sys_id>48d0c09adbff0340a8a37dfdae9619b2</sys_id>
<sys_mod_count>0</sys_mod_count>
<sys_updated_by>sangeet.mahapatra</sys_updated_by>
<sys_updated_on>2018-01-23 11:59:11</sys_updated_on>
<u_a_w_description>Pinpad Hardware &amp; Software
</u_a_w_description>
<u_contact_a_w/>
<u_email_a_w/>
<u_vendor_name_a_w>Moneris</u_vendor_name_a_w>
<u_vendor_type_a_w/>
</u_vendor_a_w>
<u_vendor_a_w action="INSERT_OR_UPDATE">
<sys_created_by>sangeet.mahapatra</sys_created_by>
<sys_created_on>2018-01-23 12:00:14</sys_created_on>
<sys_id>5f014c9adbff0340a8a37dfdae961937</sys_id>
<sys_mod_count>0</sys_mod_count>
<sys_updated_by>sangeet.mahapatra</sys_updated_by>
<sys_updated_on>2018-01-23 12:00:14</sys_updated_on>
<u_a_w_description>In store Music Systems
</u_a_w_description>
<u_contact_a_w/>
<u_email_a_w/>
<u_vendor_name_a_w>Stingray</u_vendor_name_a_w>
<u_vendor_type_a_w/>
</u_vendor_a_w>
<u_vendor_a_w action="INSERT_OR_UPDATE">
<sys_created_by>sangeet.mahapatra</sys_created_by>
<sys_created_on>2018-01-23 12:00:41</sys_created_on>
<sys_id>71214c9adbff0340a8a37dfdae96193c</sys_id>
<sys_mod_count>0</sys_mod_count>
<sys_updated_by>sangeet.mahapatra</sys_updated_by>
<sys_updated_on>2018-01-23 12:00:41</sys_updated_on>
<u_a_w_description>ISP
</u_a_w_description>
<u_contact_a_w/>
<u_email_a_w/>
<u_vendor_name_a_w>Shaw</u_vendor_name_a_w>
<u_vendor_type_a_w/>
</u_vendor_a_w>
<u_vendor_a_w action="INSERT_OR_UPDATE">
<sys_created_by>sangeet.mahapatra</sys_created_by>
<sys_created_on>2018-01-23 11:58:06</sys_created_on>
<sys_id>8890449adbff0340a8a37dfdae961987</sys_id>
<sys_mod_count>0</sys_mod_count>
<sys_updated_by>sangeet.mahapatra</sys_updated_by>
<sys_updated_on>2018-01-23 11:58:06</sys_updated_on>
<u_a_w_description>Drive Thru Headsets &amp; Timer System
</u_a_w_description>
<u_contact_a_w/>
<u_email_a_w/>
<u_vendor_name_a_w>HME</u_vendor_name_a_w>
<u_vendor_type_a_w/>
</u_vendor_a_w>
<u_vendor_a_w action="INSERT_OR_UPDATE">
<sys_created_by>sangeet.mahapatra</sys_created_by>
<sys_created_on>2018-01-23 11:59:58</sys_created_on>
<sys_id>97f0c89adbff0340a8a37dfdae96197c</sys_id>
<sys_mod_count>0</sys_mod_count>
<sys_updated_by>sangeet.mahapatra</sys_updated_by>
<sys_updated_on>2018-01-23 11:59:58</sys_updated_on>
<u_a_w_description>Backoffice Application
</u_a_w_description>
<u_contact_a_w/>
<u_email_a_w/>
<u_vendor_name_a_w>QSS (Clearview)</u_vendor_name_a_w>
<u_vendor_type_a_w/>
</u_vendor_a_w>
<u_vendor_a_w action="INSERT_OR_UPDATE">
<sys_created_by>sangeet.mahapatra</sys_created_by>
<sys_created_on>2018-01-23 11:57:44</sys_created_on>
<sys_id>ba70409adbff0340a8a37dfdae96195e</sys_id>
<sys_mod_count>0</sys_mod_count>
<sys_updated_by>sangeet.mahapatra</sys_updated_by>
<sys_updated_on>2018-01-23 11:57:44</sys_updated_on>
<u_a_w_description>Digital Menuboard &amp; A&amp;W Brand TV Content
</u_a_w_description>
<u_contact_a_w/>
<u_email_a_w/>
<u_vendor_name_a_w>Cineplex</u_vendor_name_a_w>
<u_vendor_type_a_w/>
</u_vendor_a_w>
<u_vendor_a_w action="INSERT_OR_UPDATE">
<sys_created_by>sangeet.mahapatra</sys_created_by>
<sys_created_on>2018-01-23 11:59:43</sys_created_on>
<sys_id>f3e04c9adbff0340a8a37dfdae961934</sys_id>
<sys_mod_count>0</sys_mod_count>
<sys_updated_by>sangeet.mahapatra</sys_updated_by>
<sys_updated_on>2018-01-23 11:59:43</sys_updated_on>
<u_a_w_description>Tier 3, Hardware Replacement &amp; Field Support
</u_a_w_description>
<u_contact_a_w/>
<u_email_a_w/>
<u_vendor_name_a_w>QSR</u_vendor_name_a_w>
<u_vendor_type_a_w/>
</u_vendor_a_w>
<u_vendor_a_w action="INSERT_OR_UPDATE">
<sys_created_by>sangeet.mahapatra</sys_created_by>
<sys_created_on>2018-01-23 11:59:27</sys_created_on>
<sys_id>ffd00c9adbff0340a8a37dfdae9619d6</sys_id>
<sys_mod_count>0</sys_mod_count>
<sys_updated_by>sangeet.mahapatra</sys_updated_by>
<sys_updated_on>2018-01-23 11:59:27</sys_updated_on>
<u_a_w_description>Drive Thru Sign Boards
</u_a_w_description>
<u_contact_a_w/>
<u_email_a_w/>
<u_vendor_name_a_w>Provincial Sign</u_vendor_name_a_w>
<u_vendor_type_a_w/>
</u_vendor_a_w>
</unload>
